形态族,族内序号,来路,一致度,任务名,记录/来源,操作,判断依据,G2品类,已知来源,行业,custom_id,我的判断
可检索档案库+详情页,1,复核回收,2/3,构建 NOAA–USCG 旧金山湾助航标志海图发布就绪度对账审计,NOAA ENC Product Catalog / ENC Direct,,原文点名图幅检索表+元数据表+下载页,,NOAA Electronic Navigational Chart (ENC),水道测量与电子海图数据工程 / ,cn-all-remaining-0641-e0995661,
可检索档案库+详情页,2,复核回收,2/3,重建 NOAA 纽约港 ENC 更新链并与 USCG 航标名录执行导航安全审计,NOAA ENC Direct (按图幅编号下载页),,原文点名按图幅号检索base/更新补丁下载,,NOAA Electronic Navigational Chart (ENC),水道测量与电子海图数据工程 / ,cn-all-remaining-0645-206c5b2d,
可检索档案库+详情页,3,复核回收,2/3,A2研发办公楼二星级绿色建筑送审前预评估及证据链闭环审查,住建部绿色建筑评价标识备案平台,,证据包能耗材料属申报备案审查数据,,,建筑、测绘与规划—绿色建筑评估师,cn-all-remaining-0701-49b7d817,
可检索档案库+详情页,4,复核回收,2/3,2024款纯电车型EPA道路载荷基准复核与旧版方法审计,EPA Test Car List Data,,原文点名EPA官方年度测试车数据集,,EPA Test Car List Data,行业研究、汽车工程师（整车动力经,cn-all-remaining-0851-f49f24e5,
可检索档案库+详情页,5,复核回收,3/3,GB 38031-2025切换期动力电池安全要求与工程影响研究,国家标准全文公开系统(GB标准库),,公开GB标准条文与合规证据检索,,,行业研究、汽车与动力电池,cn-all-remaining-0706-2999104d,
可检索档案库+详情页,6,复核回收,3/3,建筑信息模型技术员职业制度、区域机会与培训产品研究,国家职业技能标准/智能建造试点城市名录门户,,职业标准编码与试点城市名录属政府可检索目录,,,商业和金融类、市场调查分析师（行,cn-all-remaining-0740-641a9a26,
可检索档案库+详情页,7,复核回收,3/3,证券投资专业人员行业结构、人才配置与能力发展研究,国家职业分类大典/中国证券业协会数据,,原文点名分类大典与协会数据为可检索目录,,国家职业分类大典,商业和金融类、市场调查分析师（行,cn-all-remaining-0744-480b57b9,
可检索档案库+详情页,8,复核回收,3/3,USITC 2025 汽车 Section 232 两阶段关税变更控制审计,USITC HTS关税查询系统,,原文点名USITC修订版检索下载页,,United States International Trade Commission (USITC),贸易合规 / 海关关税工程 / ,cn-all-remaining-1095-9bcec495,
可检索档案库+详情页,9,复核回收,3/3,构建 O*NET 注册学徒制职业阶梯、技能连续性和 OOH 终点对账产品,O*NET 数据库,,原文点名O*NET版本化文本数据库下载,,O*NET,劳动力分类 / 注册学徒制 / ,cn-all-remaining-1147-7c690611,
可检索档案库+详情页,10,复核回收,3/3,构建 Unicode 15.1 至 16.0 标识符安全迁移与同形碰撞审计产品,Unicode.org UCD 数据文件目录,,按版本分类目录树+属性文件下载页,,Unicode Character Database,软件工程 / Unicode 标,cn-all-remaining-1169-9af1b22b,
可检索档案库+详情页,11,复核回收,3/3,构建 SPDX 3.21→3.26、OSI 与 Kubernetes v1.31 SBOM 许可迁移门禁,SPDX License List,,许可证表格+详情页+JSON导出可复刻,,Software Package Data Exchange,软件供应链 / SBOM / 开,cn-all-remaining-1171-bc798e9b,
可检索档案库+详情页,12,复核回收,3/3,构建 NGA / Wikidata 藏品构成者权威、时间与多角色调和审计,NGA Open Data (GitHub) / Wikidata,,GitHub多CSV表+README，仓库式数据集,,National Gallery of Art (NGA) Open Data,文化遗产数据 / 博物馆权威控制,cn-all-remaining-1174-a98c2f1e,
可检索档案库+详情页,13,复核回收,3/3,DISA RHEL 9 STIG 与 NIST OSCAL 安全控制治理审计,DISA Cyber Exchange,,DISA文档库按产品/版本检索STIG文件下载,,DISA (Defense Information Systems Agency),安全配置治理 / Linux 基,cn-all-remaining-1179-fcde4aaf,
可检索档案库+详情页,14,复核回收,3/3,AHRQ 患者安全指标 v2023—v2024 临床代码集谱系与发布影响审计,AHRQ Quality Indicators (QI) 软件下载页,,AHRQ软件下载页按版本选择下载SAS包,,AHRQ Patient Safety Indicators (PSI),医疗质量 / 临床代码集发布治理,cn-all-remaining-1184-7d57859b,
可检索档案库+详情页,15,复核回收,规则,基于CPIC指南的药物基因组学个体化用药决策支持系统构建与验证,CPIC(Clinical Pharmacogenetics Implementation Consortium),,CPIC指南门户可按药物基因检索下载,,Clinical Pharmacogenetics Implementation Consortium (CPIC),医疗卫生,cn-all-remaining-0226-3fc6271b,
可检索档案库+详情页,16,复核回收,规则,服务小程序适老化无障碍验收,国务院政策文件库/全国标准信息公共服务平台,,"输入为法规标准文本,源自政府政策发布网站",,,计算机软件测试员,cn-all-remaining-0237-8fc39a86,
可检索档案库+详情页,17,复核回收,规则,国内与国际危险品运输规则协同分析,国家法律法规数据库/IMO IMDG规则数据库,,危化品法规文本可挂检索库网站,,,物流运营,cn-all-remaining-0240-6c615bee,
可检索档案库+详情页,18,复核回收,规则,长三角某研发办公楼绿色建筑二星级申报复核,绿色建筑评价标识申报系统,,申报证据台账对应绿建备案检索库,,,建筑、测绘与规划、绿色建筑评估师,cn-all-remaining-0940-94b2dc6a,
可检索档案库+详情页,19,复核回收,规则,厄贝沙坦片上市许可申请申报前资料核查与放行评估,药品注册信息管理系统(RIMS/eQMS),,M1-M5文档台账对应注册管理系统,,,医疗卫生、药品注册专员（制药企业,cn-all-remaining-0953-9271adc9,
可检索档案库+详情页,20,筛选通过,1/3,基于WHO/ISH 2019模型的 CVD风险评估与分级管理,体检患者健康筛查记录,筛选+导出,体检中心患者队列数据，类似体检系统患者列表,ehr,World Health Organization / International Society of Hypertension (WHO/ISH),医疗卫生 — 临床预防医学与心血,cn-all-remaining-0228-930473c4,
可检索档案库+详情页,21,筛选通过,1/3,中国区多中心启动周会对账、风险分层与跟进闭环,中心启动/eTMF文件记录,搜索+筛选+详情展开+导出,CTMS中心表与eTMF文件库均可查询导出,clinical-research,,医疗卫生、项目助理,cn-all-remaining-0709-411a7a8e,
可检索档案库+详情页,22,筛选通过,2/3,受制裁主体交易对手筛查与所有权穿透判定：从别名噪声与股权登记到可复核的阻断决定,受制裁主体/交易对手记录,搜索+筛选+导出+跨表关联,制裁名单、股权登记、交易台账记录,anti-money-laundering,,国际政治经济学,cn-all-remaining-0021-e1224663,
可检索档案库+详情页,23,筛选通过,2/3,Sentinel-2 影像子区地表覆盖分类,Sentinel-2影像产品,搜索+筛选+导出,数据来源标注为可检索下载的卫星影像数据门户,Analytics Tools & Software,Sentinel-2,科学类,cn-all-remaining-0183-f366890f,
可检索档案库+详情页,24,筛选通过,2/3,IPO 可比公司筛选与估值定价,上市公司财务与业务标签记录,搜索+筛选+导出,28家公司财报面板数据，可按财务指标筛选比较,Analytics Tools & Software,中创新航 (CALB),证券投资,cn-all-remaining-0379-fa0f25f9,
可检索档案库+详情页,25,筛选通过,2/3,报告文件下载链路说明与模拟验证,报告下载请求记录,搜索+筛选+翻页+导出,报告状态与文件清单类下载中心记录,IT Management Software,,企业文件服务,cn-all-remaining-0518-b6641c0c,
可检索档案库+详情页,26,筛选通过,2/3,构建 FAA Part 77 机场障碍物净空筛查与控制障碍物对账数据产品,机场跑道端与障碍物记录,搜索+筛选+详情展开+导出,标注数据门户，NASR/DOF按机场跑道查询,aviation-compliance-monitoring,FAA National Airspace System Resources (NASR),航空工程 / 机场 GIS / ,cn-all-remaining-0632-5b302678,
可检索档案库+详情页,27,筛选通过,2/3,构建 FAA 2608 仪表进近跑道就绪度与程序一致性审计产品,机场跑道与仪表进近程序记录,搜索+筛选+详情展开+导出,标注数据门户，NASR按机场程序编号查询,aviation-compliance-monitoring,FAA National Airspace System Resources (NASR),航空数据工程 / 仪表进近程序 ,cn-all-remaining-0633-f8c6a3ac,
可检索档案库+详情页,28,筛选通过,2/3,酒店预订结算核验对账与发布封板审计,酒店预订记录,搜索+筛选+翻页+详情展开+导出,预订/结算记录，同构可按房型日期筛选导出,hotel-management,,酒店 / 住宿,cn-all-remaining-0973-7a1c435c,
可检索档案库+详情页,29,筛选通过,2/3,物业费核验对账与发布封板审计,物业账单记录,搜索+筛选+翻页+详情展开+导出,业主物业费账单，同构可按户号筛选导出,property-management,,物业管理 / 房地产,cn-all-remaining-0974-4790d8bf,
可检索档案库+详情页,30,筛选通过,2/3,MSHA 2024-H2 Impact Inspection Enforcement and Adjudication Audit,矿山检查/违规/评估/诉讼记录,搜索+筛选+详情展开+导出,MSHA矿山数据检索系统的可查询执法记录,"Governance, Risk & Compliance Software",Mine Safety and Health Administration (MSHA),Government / Min,cn-all-remaining-1099-a6550f2f,
可检索档案库+详情页,31,筛选通过,2/3,NHTSA Recall Campaign Completion Lifecycle Audit,NHTSA召回活动记录,搜索+筛选+详情展开+导出,NHTSA召回数据库可按活动/年份查询导出,"Governance, Risk & Compliance Software",National Highway Traffic Safety Administration (NHTSA) Recalls,Transportation s,cn-all-remaining-1175-e6dc03a4,
可检索档案库+详情页,32,筛选通过,2/3,美加 2024 年消费品召回标识、伤害与补救措施跨境一致性审计,召回案例记录,搜索+筛选+导出+跨表关联,CPSC/Health Canada召回库按产品筛选导出,"Governance, Risk & Compliance Software",Consumer Product Safety Commission (CPSC),消费品安全 / 跨境召回监管 /,cn-all-remaining-1177-c31afdfe,
可检索档案库+详情页,33,筛选通过,2/3,DOE-FHWA 电动汽车替代燃料走廊充电站就绪度与缺口拓扑核验,合格电动汽车充电站记录,搜索+筛选+导出+跨表关联,AFDC充电站可按州/字段筛选导出的记录库,ev-charging-management,DOE Alternative Fuels Data Center (AFDC),交通能源基础设施 / 电动汽车走,cn-all-remaining-1191-c00b9d6f,
可检索档案库+详情页,34,筛选通过,3/3,负热膨胀材料异构结构字段标准化与数据质量审计程序,材料结构记录(化学式/弹性张量/CIF-POSCAR),搜索+筛选+导出,"计算材料数据库条目,与同系列检索API任务同源",CAD & PLM Software,,材料科学研究人员,cn-all-remaining-0157-48c5ea38,
可检索档案库+详情页,35,筛选通过,3/3,负热膨胀材料多条件检索与稳定分页 API,负热膨胀材料记录,搜索+筛选+排序+翻页+导出,任务即构建材料记录多条件检索分页API,Analytics Tools & Software,,材料科学研究人员,cn-all-remaining-0162-c827b242,
可检索档案库+详情页,36,筛选通过,3/3,负热膨胀材料详情数据契约与结构文件安全导出服务,材料详情与结构文件记录,详情展开+导出,同一材料数据库的详情页字段与结构下载契约,CAD & PLM Software,,材料科学研究人员,cn-all-remaining-0165-b35850c6,
可检索档案库+详情页,37,筛选通过,3/3,负热膨胀材料数据库交互式可视化网站,材料属性数据库条目,搜索+筛选+排序+翻页+详情展开,材料记录可筛选排序分页查详情,Analytics Tools & Software,,材料科学研究人员,cn-all-remaining-0170-55cf9dab,
可检索档案库+详情页,38,筛选通过,3/3,构建 NVD/CISA 漏洞情报规范化与时态修复优先级数据产品,CVE漏洞记录/KEV目录条目,搜索+筛选+导出+跨表关联,NVD CVE API与CISA KEV是可按时间窗口查询筛选的漏洞记录库,risk-based-vulnerability-management,National Vulnerability Database (NVD),网络安全 / 漏洞情报工程 / ,cn-all-remaining-0207-8b063b46,
可检索档案库+详情页,39,筛选通过,3/3,基于连接组数据生成 Neuroglancer 复杂可视化状态文件,FlyWire神经元(ID/细胞类型/坐标)记录,搜索+筛选+详情展开+导出,FlyWire可浏览搜索的神经元连接组库,Analytics Tools & Software,FlyWire,计算神经科学,cn-all-remaining-0249-07d18b19,
可检索档案库+详情页,40,筛选通过,3/3,直线电机行业竞争格局与产品进入机会研究,直线电机产品型号规格,搜索+筛选+导出,9家厂商官网目录/产品页汇总的型号参数表,3d-parts-catalog,,行业研究；工业自动化与高端装备,cn-all-remaining-0314-df121ac2,
可检索档案库+详情页,41,筛选通过,3/3,长 QT 综合征候选变异的群体频率证据评估,变异等位基因频率记录,搜索+筛选+导出,类gnomAD变异频率数据库，按基因/群体查询,medical-lab,,临床遗传学,cn-all-remaining-0356-d600f1dc,
可检索档案库+详情页,42,筛选通过,3/3,文档库列表补充文件大小与上传提示,文档库文件条目,搜索+筛选+排序+导出,含名称/大小/上传状态，典型文档库UI,document-management,,企业知识库前端,cn-all-remaining-0576-f1a9f22f,
可检索档案库+详情页,43,筛选通过,3/3,文档库上传弹窗重构：路由与权限接通核验,文档库文档条目,搜索+筛选+详情展开+导出,文档库文件元数据，典型可浏览文档列表,document-management,,前端工程,cn-all-remaining-0591-34a6f98a,
可检索档案库+详情页,44,筛选通过,3/3,知识检索结果下钻与回答证据联动：文档证据排序与截取,知识检索文档证据,搜索+详情展开+排序,检索结果下钻与证据截取，非离线文件包,ai-search-retrieval-infrastructure-platforms,,知识应用,cn-all-remaining-0608-a7575ce7,
可检索档案库+详情页,45,筛选通过,3/3,构建 FDA Orange Book 专利、独占期与治疗等效跨库监管审计数据产品,药品申请/专利/独占期/治疗等效记录,搜索+筛选+详情展开+导出+跨表关联,标注数据门户，Orange Book可按成分/申请号查询,regulatory-information-management-rim-systems,FDA Orange Book,制药监管数据工程 / Regul,cn-all-remaining-0630-3d193fa5,
可检索档案库+详情页,46,筛选通过,3/3,构建 FDA Orange Book 药品监管组合仓库与 Drugs@FDA 跨系统审计,药品监管组合与产品对账记录,搜索+筛选+导出+跨表关联,标注数据门户，Orange Book/Drugs@FDA可查询,regulatory-information-management-rim-systems,FDA Orange Book,生物医药 / 药品监管数据工程 ,cn-all-remaining-0635-08f8465d,
可检索档案库+详情页,47,筛选通过,3/3,OMB 2024 Uniform Guidance 生效日法规变更控制审计,联邦法规条文与修订记录,搜索+筛选+翻页+导出,标注数据门户，eCFR按题目/条款查询浏览,regulatory-change-management,eCFR (Electronic Code of Federal Regulations),法律与合规 / 政府财政援助监管,cn-all-remaining-0636-316cb833,
可检索档案库+详情页,48,筛选通过,3/3,构建 OFAC SDN 多语身份图谱与三格式制裁数据合规审计产品,受制裁实体(SDN)记录,搜索+筛选+详情展开+导出,OFAC制裁名单可搜索的实体记录列表,anti-money-laundering,Office of Foreign Assets Control (OFAC),数据工程 / 金融合规 / 监管,cn-all-remaining-0642-a70454dd,
可检索档案库+详情页,49,筛选通过,3/3,FDIC/FFIEC 商业地产集中度、机构连续性与发布修订审计,银行机构财务记录,搜索+筛选+详情展开+导出,BankFind是典型可搜索银行记录门户,"Governance, Risk & Compliance Software",FDIC BankFind,金融服务 / 银行监管数据工程 ,cn-all-remaining-0644-6f64bd2d,
可检索档案库+详情页,50,筛选通过,3/3,构建美国财政部 2025Q1 国债拍卖生命周期、定价与配售审计数据产品,国债拍卖记录,搜索+筛选+详情展开+导出,TreasuryDirect拍卖查询工具，逐场记录可筛选,"Governance, Risk & Compliance Software",TreasuryDirect Auction Query,金融服务 / 美国国债一级市场 ,cn-all-remaining-0648-a8828ee9,
可检索档案库+详情页,51,筛选通过,3/3,构建 USGS 2024 地震影响产品发布血缘与版本修订审计,USGS地震事件与竞争产品(矩张量/ShakeMap/PAGER),搜索+筛选+详情展开+跨表关联+导出,ComCat按preferredWeight竞争产品可查询筛选,"Governance, Risk & Compliance Software",USGS Earthquake Hazards Program,地震数据工程 / 自然灾害影响产,cn-all-remaining-0649-f4bed7ef,
可检索档案库+详情页,52,筛选通过,3/3,美国口服直接抗凝药成人说明书关键用药条件结构化复核,药品说明书标签记录,搜索+筛选+详情展开+导出,DailyMed是处方药标签数据门户,regulatory-information-management-rim-systems,DailyMed,行业研究、药学专业人员,cn-all-remaining-0850-f0bd0a8c,
可检索档案库+详情页,53,筛选通过,3/3,上市后多来源安全信息批量分诊、重复病例合并与E2B R3加速报告生成,上市后安全个例病例(ICSR),搜索+筛选+详情展开+跨表关联+导出,病例可检索匹配去重、按来源筛选,regulatory-information-management-rim-systems,,医疗卫生、药物警戒专员（上市后个,cn-all-remaining-0952-e3358bdf,
可检索档案库+详情页,54,筛选通过,3/3,哮喘用药与神经精神事件的自发报告信号评估,药品不良事件自发报告,搜索+筛选+详情展开+导出,自发报告数据库(如FAERS)按药品/事件可查询,Vertical Industry Software,,药学,cn-all-remaining-0987-086c66e0,
可检索档案库+详情页,55,筛选通过,3/3,CMS 加州护理院检查、执法与所有权网络监管审计,护理院检查/评级/处罚记录,搜索+筛选+详情展开+导出,CMS Care Compare护理院可搜索检查评级数据库,audit-management,Centers for Medicare & Medicaid Services (CMS),医疗健康 / 长期护理监管 / ,cn-all-remaining-1094-a7759ced,
可检索档案库+详情页,56,筛选通过,3/3,构建美国国会图书馆中文 MARC 多语种权威与系谱迁移审计产品,中文MARC书目记录,搜索+详情展开+导出,任务明确说明是LC SRU/MARCXML查询窗口结果,Content Management Systems,Library of Congress,数据科学,cn-all-remaining-1097-96b36b44,
可检索档案库+详情页,57,筛选通过,3/3,FCC ULS Microwave Path and ASR Compliance Audit,微波许可与天线结构注册记录,搜索+筛选+详情展开+导出,FCC ULS可搜索筛选许可证详情,"Governance, Risk & Compliance Software",Federal Communications Commission,通信监管 / 固定微波频谱工程 ,cn-all-remaining-1149-9529549a,
可检索档案库+详情页,58,筛选通过,3/3,构建 USDA Foundation Foods 分析谱系、营养素统计复核与 SR Legacy 跨版本对账产品,食品成分与营养素记录,搜索+筛选+详情展开+导出,FDC网站可搜索筛选食品营养记录,Vertical Industry Software,USDA FoodData Central,食品成分数据治理 / 农业营养数,cn-all-remaining-1151-3a37412b,
可检索档案库+详情页,59,筛选通过,3/3,SEC 2024 Adjudicatory Proceeding Lifecycle Audit,行政裁决案卷/委员会命令记录,搜索+筛选+详情展开+导出,SEC索引页可搜索筛选案卷详情,"Governance, Risk & Compliance Software",U.S. Securities and Exchange Commission (SEC),证券监管 / 行政裁决案卷管理 ,cn-all-remaining-1152-b88db992,
可检索档案库+详情页,60,筛选通过,3/3,构建 DOL 2024 加班薪资门槛撤销与技术修订生命周期审计,联邦公报规则/eCFR条文版本记录,搜索+筛选+详情展开+导出,Federal Register/eCFR可搜索的规则文档库,"Governance, Risk & Compliance Software",Federal Register,劳动法规 / Federal R,cn-all-remaining-1166-f86d5a49,
可检索档案库+详情页,61,筛选通过,3/3,构建 2024 镀锡轧材 Commerce-USITC 贸易救济生命周期审计,联邦公报贸易救济公告与USITC裁定,搜索+筛选+详情展开+导出,任务明言从Federal Register搜索结果中筛选,"Governance, Risk & Compliance Software",Federal Register,国际贸易救济 / 反倾销与反补贴,cn-all-remaining-1167-66c3f015,
可检索档案库+详情页,62,筛选通过,3/3,构建 NASA DONKI / NOAA SWPC 2024 年 5 月空间天气事件血缘与归因审计,DONKI太空天气事件(耀斑/CME/磁暴),搜索+筛选+详情展开+导出,DONKI事件目录可按类型/时间查询导出,Analytics Tools & Software,NASA DONKI,科学数据工程 / 太空天气 / ,cn-all-remaining-1173-7c23ef43,
可检索档案库+详情页,63,筛选通过,3/3,USFWS 受威胁与濒危物种法定名录及关键栖息地变更核验,受威胁濒危物种法定名录记录,搜索+筛选+详情展开+导出,ECOS物种数据库可搜索筛选查详情,"Governance, Risk & Compliance Software",ECOS (Environmental Conservation Online System),环境监管 / 濒危物种法数据治理,cn-all-remaining-1185-d7d58067,
可检索档案库+详情页,64,筛选通过,3/3,Zenodo、DataCite 与 Software Heritage 科研软件发布谱系审计,科研软件发布版本记录,搜索+筛选+导出,Zenodo/DataCite按DOI可搜索发布记录,Content Management Systems,Zenodo,科研软件工程 / 学术元数据 /,cn-all-remaining-1187-c0c21c44,
可检索档案库+详情页,65,筛选通过,3/3,大都会艺术博物馆藏品与 Getty AAT 权威词迁移审计,博物馆藏品对象记录,搜索+详情展开+导出+跨表关联,Met藏品搜索结果与对象详情页，可点开浏览,digital-asset-management,Metropolitan Museum of Art,博物馆信息学 / 藏品数据工程 ,cn-all-remaining-1193-f47eaab5,
可检索档案库+详情页,66,筛选通过,3/3,FDA Orange Book application-level patent and exclusivity integrity aud,药品/专利/排他性记录,搜索+筛选+详情展开+导出+跨表关联,Orange Book按申请号可查询产品专利排他性,regulatory-information-management-rim-systems,FDA Orange Book,Pharmaceutical r,cn-all-remaining-1218-8fa644b4,
可检索档案库+详情页,67,筛选通过,3/3,NHC Hurricane Milton official forecast lead-time verification audit,气旋预报/最佳路径记录,搜索+筛选+详情展开+导出,NHC按年份风暴查询预报与最佳路径产品,weather-data-software,Automated Tropical Cyclone Forecasting System (ATCF),Tropical cyclone,cn-all-remaining-1221-592f6bbe,
可检索档案库+详情页,68,筛选通过,3/3,NASA CNEOS Sentry to SBDB top-risk identity and orbit audit,小天体轨道/风险记录,搜索+筛选+详情展开+导出,SBDB可按参数搜索并查看小天体详情页,Vertical Industry Software,JPL Small-Body Database (SBDB),Planetary defens,cn-all-remaining-1222-8580dbde,
可检索档案库+详情页,69,筛选通过,3/3,NVD and CISA KEV temporal and severity reconciliation audit,漏洞(CVE)记录,搜索+筛选+详情展开+导出+跨表关联,NVD/KEV可按CVE搜索筛选并导出记录,risk-based-vulnerability-management,National Vulnerability Database (NVD),Cybersecurity vu,cn-all-remaining-1224-25c363a2,
可检索档案库+详情页,70,筛选通过,3/3,药品短缺与 NDC 供应谱系审计（FDA 2026）,药品短缺/NDC目录记录,搜索+筛选+导出+跨表关联,明确来自openFDA数据门户及RxNorm查询响应,healthcare-supply-chain,openFDA,监管数据工程 / 医院药品供应保,cn-all-remaining-1246-c333a712,
可检索档案库+详情页,71,筛选通过,3/3,IETF RFC 与 IANA HTTP 注册表引用谱系治理审计,HTTP状态码/RFC索引记录,搜索+筛选+详情展开+导出,IANA注册表/RFC索引是可查询记录集合,Development Software,IANA HTTP Status Code Registry,开放标准治理 / HTTP 协议,cn-all-remaining-1249-ce04e010,
可检索档案库+详情页,72,筛选通过,3/3,PyPI 与 OSV Python 发布物来源、漏洞区间及解析决策审计,PyPI发布物与OSV漏洞记录,搜索+筛选+详情展开+导出+跨表关联,PyPI包索引与OSV漏洞库均可搜索查询,software-supply-chain-security-tools,PyPI,Python 软件供应链 / 包,cn-all-remaining-1251-b6824008,
可检索档案库+详情页,73,筛选通过,3/3,跨机构 IIIF 文化遗产清单互操作与迁移治理审计,机构IIIF文化遗产manifest记录,搜索+详情展开+导出,机构数字馆藏manifest可在线检索浏览,digital-asset-management,Smithsonian Institution,数字文化遗产 / IIIF 开放,cn-all-remaining-1253-671145bb,
可检索档案库+详情页,74,筛选通过,3/3,农产品农药残留与 EPA 容许量合规审计（USDA PDP 2023）,农药残留检测与法规记录,搜索+筛选+详情展开+导出+跨表关联,PDP检测数据与eCFR法规库均可检索,food-safety-management,USDA Pesticide Data Program,农业实验室 / 食品安全监管数据,cn-all-remaining-1256-543f9374,
可检索档案库+详情页,75,筛选通过,3/3,FDIC 与 OCC 银行牌照监管边界及机构身份核验,银行牌照与机构注册记录,搜索+筛选+详情展开+导出+跨表关联,FDIC BankFind是可搜索机构注册库,"Governance, Risk & Compliance Software",Office of the Comptroller of the Currency (OCC),金融监管 / 银行牌照 / 法律,cn-all-remaining-1259-7713fc3c,
可检索档案库+详情页,76,筛选通过,3/3,DOE 与 Federal Register LNG 深水港申请生命周期及出口流量核验,联邦公报LNG深水港许可文书记录,搜索+筛选+详情展开+跨表关联,Federal Register可按机构/日期/关键词搜索的公告记录,"Governance, Risk & Compliance Software",Maritime Administration (MARAD),能源行政法 / LNG 深水港授,cn-all-remaining-1266-830a170d,
可检索档案库+详情页,77,筛选通过,3/3,FlyWire-Hemibrain 连接组数据交叉对齐,神经元注释/匹配记录,搜索+筛选+详情展开+导出,FlyWire/neuprint神经元库可按类型筛选并导出注释表,Artificial Intelligence Software,FlyWire,神经科学 · 连接组学 / 生物,cn-all-remaining-1284-b217705c,
可检索档案库+详情页,78,筛选通过,3/3,SWC 神经元形态重建与多指标量化分析,NeuroMorpho.Org神经元形态重建条目,搜索+筛选+详情展开+导出,库按物种/脑区/类型筛选后下载SWC文件,Content Management Systems,NeuroMorpho.Org,神经科学 · 计算神经科学（神经,cn-all-remaining-1286-57ed5e7e,
时序监测点/日志事件记录,1,复核回收,2/3,实测背景噪声互相关、经验格林函数收敛性与可解释性评估,IRIS/FDSN,,CI网络台站StationXML与真实HHZ连续波形,,,科学类、地球科学研究人员,cn-all-remaining-0194-b11424c0,
时序监测点/日志事件记录,2,复核回收,2/3,Parkfield 重复地震 DTW/MWCS 频率依赖速度变化复现与评估,IRIS/NCEDC,,真实台站波形常经数据中心下载,,,科学类、地球科学研究人员,cn-all-remaining-0243-885c2ff8,
时序监测点/日志事件记录,3,复核回收,2/3,实测多分量 C3 高阶地震干涉算法复现与验证,IRIS/SCEDC(Anza台网),,原文点名Anza台网数据门户,,Anza Seismic Network,科学类、地球科学研究人员,cn-all-remaining-0245-a6640871,
时序监测点/日志事件记录,4,复核回收,2/3,三分量连续波形响应校正、重采样与质量检查,WG.WCA13台网数据中心,,台站代码+时间窗检索的连续波形与响应文件,,WG.WCA13,地球物理学,cn-all-remaining-0303-a8e1cff9,
时序监测点/日志事件记录,5,复核回收,2/3,背景噪声 PPSD、独立谱回代与台站频段适用性评估,WG.WCA13台网数据中心,,同一台站波形检索接口下载的连续记录,,WG.WCA13,地球物理学,cn-all-remaining-0304-cbead67f,
时序监测点/日志事件记录,6,复核回收,2/3,三分量环境噪声频率依赖极化与方向稳定性分析,WG.WCA13台网数据中心,,同一台站波形检索接口下载的三分量记录,,WG.WCA13,地球物理学,cn-all-remaining-0305-ea897654,
时序监测点/日志事件记录,7,复核回收,2/3,v0.9.8 新手主线提测前关卡断层修复与7日养成回算,游戏数值配置/压测分析后台,,关卡压测漏斗与资源流水配置数据,,,游戏研发、数值策划,cn-all-remaining-0710-717396c6,
时序监测点/日志事件记录,8,复核回收,2/3,《夜航》ECON v2.3新服主队养成曲线回算、配置改表与上线门槛校核,游戏经济数值配置后台,,养成经济配置表与玩家日快照数据,,,游戏研发、系统策划（数值/经济）,cn-all-remaining-0711-c6482f8e,
时序监测点/日志事件记录,9,复核回收,2/3,    多时相Sentinel-2冬小麦长势异常地块识别与风险核查    ,Sentinel-2 (Copernicus),,原文点名Sentinel-2数据结构,,Sentinel-2,科学类、遥感科学与技术人员,cn-all-remaining-0721-5993d63c,
时序监测点/日志事件记录,10,复核回收,2/3,NASA C-MAPSS FD001涡扇发动机RUL基线复核与算法准入,NASA C-MAPSS (PCoE数据仓库),,原文点名NASA C-MAPSS涡扇发动机数据,,NASA C-MAPSS (Commercial Modular Aero-Propulsion System Simulation),工程类、行业研究、航空航天工程师,cn-all-remaining-0860-94376395,
时序监测点/日志事件记录,11,复核回收,3/3,克罗地亚逐小时电力负荷预测管道,Open Power System Data,,原文点名OPSD数据集仓库,,Open Power System Data,电力,cn-all-remaining-0251-9c900545,
时序监测点/日志事件记录,12,复核回收,3/3,交通流量递归多步分位数预测,UCI Metro Interstate Traffic Volume,,原文点名UCI数据集仓库,,UCI Metro Interstate Traffic Volume,智能交通系统,cn-all-remaining-0254-6e32e684,
时序监测点/日志事件记录,13,复核回收,3/3,IGS NYA2 多星座 RINEX-Kp 完整性审计,IGS,,原文点名IGS站点RINEX门户,,IGS,卫星导航,cn-all-remaining-0255-b2e13f01,
时序监测点/日志事件记录,14,复核回收,3/3,塞浦路斯逐小时电力负荷预测管道,Open Power System Data (time_series),,OPSD数据集页，DOI版本化CSV下载,,Open Power System Data,电力,cn-all-remaining-0273-cd6dd51a,
时序监测点/日志事件记录,15,复核回收,3/3,意大利逐小时电力负荷预测管道,Open Power System Data (time_series),,同OPSD来源，仅国家不同,,Open Power System Data,电力,cn-all-remaining-0274-baf882d4,
时序监测点/日志事件记录,16,复核回收,3/3,Metro 州际公路交通量递归多步预测管道,UCI Machine Learning Repository,,UCI数据集详情页，变量表+csv下载,,Metro Interstate Traffic Volume,智能运输系统,cn-all-remaining-0275-5e80942a,
时序监测点/日志事件记录,17,复核回收,3/3,工业泵阀信号故障类型分类管道,SKAB (GitHub),,GitHub公开benchmark数据集，README+CSV,,SKAB (Skoltech Anomaly Benchmark),工业预测性维护,cn-all-remaining-0277-aba735f6,
时序监测点/日志事件记录,18,复核回收,3/3,SRU 硫磺回收装置尾气浓度软测量,学术基准数据集仓库(如DaISy),,变量说明+数据下载，仓库型基准页,,Fortuna et al. 2007 SRU Dataset,软测量,cn-all-remaining-0474-6ffc068e,
时序监测点/日志事件记录,19,复核回收,3/3,Metro 州际公路交通流量预测,UCI Machine Learning Repository,,原文点名UCI数据集详情页+csv下载,,UCI Metro Interstate Traffic Volume,交通运输,cn-all-remaining-0475-6cd46667,
时序监测点/日志事件记录,20,复核回收,3/3,工业 SKAB 预测-残差时间戳级异常检测管道,SKAB (GitHub数据集仓库),,GitHub仓库README+data目录直接下载,,SKAB (Skoltech Anomaly Benchmark),工业预测性维护,cn-all-remaining-0476-fb434d54,
时序监测点/日志事件记录,21,复核回收,3/3,Build an NHC 2024 Atlantic official forecast and wind-radii verificati,NHC (National Hurricane Center) 风暴档案,,原文点名NHC按年份/气旋检索+下载页,,National Hurricane Center (NHC),Meteorology / tr,cn-all-remaining-0640-8ed4408f,
时序监测点/日志事件记录,22,复核回收,3/3,跨服公会战房间状态一致性、掉线重连与奖励结算幂等联合回归及上线判定,游戏服务端运营后台(战斗日志/结算账本查询),,房间日志与结算账本属运营后台数据,,,游戏与互动内容、游戏服务端开发工,cn-all-remaining-0826-269c7767,
时序监测点/日志事件记录,23,复核回收,3/3,空气质量多传感器长期漂移诊断与CO参考浓度校准,UCI Machine Learning Repository,,原文点名UCI Air Quality数据集,,Air Quality (UCI),科学类、科研项目研究员,cn-all-remaining-0893-6a26dc5f,
时序监测点/日志事件记录,24,复核回收,3/3,旧金山湾区长期极端降水指标、趋势与三日暴雨事件评估,NOAA GHCN-Daily,,原文点名NOAA GHCN-Daily站点数据,,NOAA Global Historical Climatology Network Daily (GHCN-Daily),科学类、地球科学研究人员,cn-all-remaining-0899-48762d98,
时序监测点/日志事件记录,25,复核回收,3/3,连续EEG眼状态记录的质控、后部α反应检验与时序泄漏审计,UCI Machine Learning Repository (EEG Eye State),,EEG_Eye_State.arff为UCI公开数据集,,,科学类、神经科学研究人员科学类、,cn-all-remaining-0902-b4e90b75,
时序监测点/日志事件记录,26,复核回收,3/3,连续 EEG 睁闭眼数据的伪重复控制、枕区 Alpha 检验与解码泄漏审计,UCI Machine Learning Repository,,原文点名UCI EEG Eye State数据集,,EEG Eye State Dataset,科学类、神经科学研究人员,cn-all-remaining-0949-8fa819f1,
时序监测点/日志事件记录,27,复核回收,3/3,北京多站点空气质量质控与 PM2.5 缺失修复评估,UCI Beijing Multi-Site Air-Quality Dataset,,PRSA_Data站点文件对应UCI数据集页,,,科学类、科研数据分析师,cn-all-remaining-0951-95b279fc,
时序监测点/日志事件记录,28,复核回收,3/3,NOAA IGRA Kapuskasing Sounding Reconciliation Audit,NOAA NCEI (IGRA),,NOAA按站点/时间检索+存档批量下载,,NOAA National Centers for Environmental Information (NCEI),大气科学 / 高空气候数据工程,cn-all-remaining-1170-a70baa13,
时序监测点/日志事件记录,29,复核回收,3/3,NOAA IGRA Key West sounding structural and pressure-order audit,NOAA IGRA,,原文点名NOAA IGRA探空档案,,IGRA,Atmospheric soun,cn-all-remaining-1223-b518ccc7,
时序监测点/日志事件记录,30,筛选通过,2/3,多空动量策略历史回测,股票日线行情记录,搜索+筛选+导出,40只美股日线行情通常从行情终端按代码日期导出,Analytics Tools & Software,,金融与证券,cn-all-remaining-0008-8a350880,
时序监测点/日志事件记录,31,筛选通过,2/3,    手游限时活动奖励、兑换商店与经济闭环自动化回归审计    ,玩家活动行为与发奖原始记录,搜索+筛选+导出+跨表关联,"玩家事件+request_id记录,似GM后台行为日志查询",Analytics Tools & Software,,    游戏与互动内容、游戏自动,cn-all-remaining-0328-9e64a75f,
时序监测点/日志事件记录,32,筛选通过,2/3,10 kV园区馈线分布式光伏承载力与改造方案校核,馈线设备/负荷曲线,筛选+详情展开+导出,设备台账+历史库曲线查询，类历史库位号,supervisory-control-and-data-acquisition-scada,,行业研究、电力系统工程师,cn-all-remaining-0705-ab3d6465,
时序监测点/日志事件记录,33,筛选通过,2/3,匿名化工园区氯代烯烃地下水污染羽与自然衰减证据评估,监测井/VOC采样记录,筛选+跨表关联+导出,环境监测数据库按井、批次、化合物查询导出,Vertical Industry Software,,科学类、环境科学家,cn-all-remaining-0716-978e33d8,
时序监测点/日志事件记录,34,筛选通过,2/3,CISO 2021Q3 净负荷爬坡与负荷预测偏差复核,电网小时运行数据记录,筛选+导出,EIA-930官方数据门户按区域日期查询下载,ERP Software,EIA Form 930 (Hourly Electric Grid Monitor),行业研究、电力系统工程师,cn-all-remaining-0863-d6bf7ae0,
时序监测点/日志事件记录,35,筛选通过,2/3,北加州 Cloverdale M4.24 事件后目录流水线方法缺陷审计、完备震级复算与发布门槛核验,地震目录事件记录,搜索+筛选+导出,"USGS地震目录门户,可查询下载",Analytics Tools & Software,USGS Earthquake Hazards Program,地球科学、地震科学研究员）,cn-all-remaining-1126-ac0908b4,
时序监测点/日志事件记录,36,筛选通过,2/3,加州污水监测人口覆盖与连续性审计（CDC 2025）,污水监测站点与人口普查记录,搜索+筛选+导出+跨表关联,NWSS/Census是可查询的统计数据门户,population-health-management,CDC National Wastewater Surveillance System (NWSS),公共卫生监测网络规划 / 数据质,cn-all-remaining-1254-9691ae4f,
时序监测点/日志事件记录,37,筛选通过,3/3,机房运维多变量时序异常检测管道,服务器运维指标时序(按机器),搜索+筛选+详情展开+导出,"运维监控历史库,按机器/窗口查询",server-monitoring,Server Machine Dataset (SMD),ML-Ops 与可观测性,cn-all-remaining-0063-4a16f58b,
时序监测点/日志事件记录,38,筛选通过,3/3,    夏季城市热岛、连续热浪与遥感地表温度回归的可复现科学分析    ,气象站逐小时观测与卫星地表温度场景,搜索+筛选+导出+跨表关联,"站点+时间戳观测,类监控历史库位号趋势查询",IoT Management Platforms,,环境科学,cn-all-remaining-0330-f8d853da,
时序监测点/日志事件记录,39,筛选通过,3/3,工业空压站能效审计、停机保压泄漏核算与联控节能改造校核,压缩机运行数据与泄漏/维护记录,筛选+导出+排序,10分钟粒度多台位号趋势数据，类历史库趋势查询,iot-analytics-platforms,,机械工程,cn-all-remaining-0395-459e966d,
时序监测点/日志事件记录,40,筛选通过,3/3,近海日尺度海温质量控制、海洋热浪事件识别与监测发布边界核验,海域分区日尺度SST监测数据,筛选+导出,分区+日期检索的监测历史库，类似位号趋势查询,IoT Management Platforms,,科学研究类,cn-all-remaining-0398-6d389a9a,
时序监测点/日志事件记录,41,筛选通过,3/3,企业云身份入侵多源日志时间线重建、会话归因与控制有效性复核,多源系统安全事件/告警日志,搜索+筛选+导出+跨表关联,"IAM/VPN/EDR日志,类SIEM可查询导出",security-information-and-event-management-siem,,信息技术与AI、信息安全测试员,cn-all-remaining-0431-139098e2,
时序监测点/日志事件记录,42,筛选通过,3/3,工业园区微电网日前调度、N-1韧性与方案放行评估,母线/线路测量与调度记录,筛选+导出+跨表关联,母线线路时段测量类似历史库点表,ERP Software,,工程类、电力系统工程师,cn-all-remaining-0439-e36f8864,
时序监测点/日志事件记录,43,筛选通过,3/3,三级医院既有综合楼近零能耗改造与绿色建筑三星预评估,楼宇BMS小时能耗记录,筛选+导出+跨表关联,BMS小时数据类似历史库趋势查询,iot-device-management-platforms,,建筑、测绘与规划,cn-all-remaining-0440-a3ce5637,
时序监测点/日志事件记录,44,筛选通过,3/3,工业园区微电网多时段潮流、储能调度与N-1保护配合复核,母线/线路运行测量记录,筛选+导出+跨表关联,母线线路时段测量类似历史库点表,ERP Software,,工程类—电力系统工程师,cn-all-remaining-0441-8ac911fe,
时序监测点/日志事件记录,45,筛选通过,3/3,工作台路由耗时观测与诊断端点,路由诊断事件,筛选+排序+导出,事件含路由/耗时/状态码，类监控库可查询记录,digital-experience-monitoring-dem,,信息技术（后端可观测性）,cn-all-remaining-0493-755ec260,
时序监测点/日志事件记录,46,筛选通过,3/3,构建 NOAA Hurricane Ian 潮位站风暴增水、垂直基准与洪水阈值审计产品,潮位站观测/预测记录,搜索+筛选+导出,CO-OPS按站点/产品/日期范围查询导出,IoT Management Platforms,National Hurricane Center (NHC),海岸工程 / 海洋观测数据工程 ,cn-all-remaining-0652-b9c7d500,
时序监测点/日志事件记录,47,筛选通过,3/3,PHE-204换热器性能衰减诊断与停机清洗窗口决策,DCS历史库测点趋势记录,搜索+筛选+导出,历史库按位号/时间段查询导出的趋势数据,supervisory-control-and-data-acquisition-scada,,工程类、化工工程师（工艺工程师）,cn-all-remaining-0758-4e0bb5b1,
时序监测点/日志事件记录,48,筛选通过,3/3,东城片区5G无线网扩容与优化优先级评估,5G小区KPI/路测/投诉记录,筛选+导出+跨表关联,网管KPI与投诉按小区批量导出脱敏,IT Management Software,,行业研究、通信工程师,cn-all-remaining-0770-159164f2,
时序监测点/日志事件记录,49,筛选通过,3/3,10 kV工业园区馈线分时潮流与分布式光伏接入承载力评估,SCADA位号量测/馈线记录,搜索+筛选+导出,SCADA快照与曲线，位号可查询,supervisory-control-and-data-acquisition-scada,SCADA,工程类、电力系统工程师,cn-all-remaining-0784-a74f0a42,
时序监测点/日志事件记录,50,筛选通过,3/3,工业园区微电网故障录波、保护配合、储能黑启动与并网准入判定,故障录波/PMU/保护动作记录,筛选+导出+跨表关联,类监控历史库位号与事件时序数据,supervisory-control-and-data-acquisition-scada,,工程类—电力系统工程师,cn-all-remaining-0804-65e4e048,
时序监测点/日志事件记录,51,筛选通过,3/3,T-301甲醇回收精馏塔物料衡算校正与节能操作窗口优化,DCS历史数据/化验分析记录,筛选+跨表关联+导出,过程历史库位号趋势式数据,supervisory-control-and-data-acquisition-scada,,工程类、化工工程师,cn-all-remaining-0815-9624faf6,
时序监测点/日志事件记录,52,筛选通过,3/3,5G NR园区路测KPI分析、切换根因定位与优化闭环,路测KPI与告警记录,筛选+导出+跨表关联,OSS小时KPI与路测数据属监控历史库查询,IT Infrastructure Software,,工程类、通信工程师,cn-all-remaining-0828-6335c106,
时序监测点/日志事件记录,53,筛选通过,3/3,5G NR园区路测KPI分析、切换根因定位与优化闭环,路测采样点/小区KPI记录,筛选+翻页+导出+跨表关联,类网管系统路测/OSS/KPI记录,Vertical Industry Software,,工程类、通信工程师,cn-all-remaining-0830-86a394d4,
时序监测点/日志事件记录,54,筛选通过,3/3,工业物联网时序数据迟到事件重放、设备日指标与告警补算,设备时序事件,筛选+导出+跨表关联,设备ID/时间戳的物联网历史事件流,iot-analytics-platforms,,信息技术与AI、大数据工程技术人,cn-all-remaining-0909-121120de,
时序监测点/日志事件记录,55,筛选通过,3/3,消费电子工厂0.4kV配电系统电能质量、无功补偿与保护整定整改冻结复核,变压器/馈线电能质量监测点位记录,筛选+导出+跨表关联,多变压器/馈线5分钟遥测，类监控历史库趋势查询,supervisory-control-and-data-acquisition-scada,,工程类、电气工程师,cn-all-remaining-0934-444b3c56,
时序监测点/日志事件记录,56,筛选通过,3/3,大型会展中心5G室内分布系统覆盖、切换、容量与故障回退联合验收及商用开通判定,路测/切换/KPI记录,筛选+导出+跨表关联,网管路测KPI为位号趋势记录,IT Infrastructure Software,,工程类、通信工程师,cn-all-remaining-0943-467f2a4f,
时序监测点/日志事件记录,57,筛选通过,3/3,LYO-03冻干机抽真空超时偏差调查、参数恢复验证与PM表单修订,设备批次趋势与报警事件,筛选+翻页+详情展开+导出,PLC/HMI历史库位号趋势可按批查询,cmms,,医疗卫生、制药工程设备工程师,cn-all-remaining-0955-5ce45980,
时序监测点/日志事件记录,58,筛选通过,3/3,PW-01纯化水系统季度回顾底稿修复、异常证据链复核与QA评审材料输出,BMS水质趋势与消毒维护记录,筛选+翻页+导出,历史库位号趋势按时间窗查询,smart-buildings,,医疗卫生、制药工程、药企公用系统,cn-all-remaining-0956-fb447e98,
时序监测点/日志事件记录,59,筛选通过,3/3,空气质量监测数据核验与发布封板审计,空气质量监测记录,搜索+筛选+翻页+导出,监测站点数据门户，可按站点/时段查询导出,IoT Management Platforms,,环境监测 / 大气科学,cn-all-remaining-0975-ea568465,
时序监测点/日志事件记录,60,筛选通过,3/3,交通流核验与发布封板审计,交通检测点记录,搜索+筛选+翻页+导出,交通监控历史库的位号趋势查询与导出,IoT Management Platforms,,交通工程 / 智能交通,cn-all-remaining-0977-49dbb8c6,
时序监测点/日志事件记录,61,筛选通过,3/3,水质评价核验与发布封板审计,水质监测记录,搜索+筛选+翻页+导出,水质监测站点数据门户，可按断面/时段导出,ERP Software,,环境监测 / 水环境科学,cn-all-remaining-0978-44ed4df9,
时序监测点/日志事件记录,62,筛选通过,3/3,声学噪声评价核验与发布封板复核,噪声监测节点记录,搜索+筛选+翻页+导出,噪声监测网络节点历史数据可查询导出,ERP Software,,声学工程 / 环境噪声评价、自动,cn-all-remaining-0979-0d29ab51,
时序监测点/日志事件记录,63,筛选通过,3/3,USGS–NOAA River Gauge Rating and Flood Audit,河流水位站日值观测记录,搜索+筛选+导出+跨表关联,USGS按站点检索的日值/评级曲线数据库,IoT Management Platforms,USGS Earthquake Hazards Program,水文学 / 洪水运营 / 环境数,cn-all-remaining-1162-11cb0898,
单表统计/观测数据下载门户,1,复核回收,2/3,CWRU 轴承故障诊断·跨工况泛化,CWRU Bearing Data Center,,原文点名CWRU轴承公开数据集,,CWRU Bearing Dataset (Case Western Reserve University Bearing Data Center),振动数据分析,cn-all-remaining-0354-08d6b573,
单表统计/观测数据下载门户,2,复核回收,2/3,小鼠皮层蛋白质组学基因型分类,UCI Machine Learning Repository,,UCI数据集详情页，特征说明+CSV下载,,UCI Mice Protein Expression,神经蛋白质组学,cn-all-remaining-0473-afcf860c,
单表统计/观测数据下载门户,3,复核回收,2/3,钢板表面缺陷7分类,UCI/OpenML Steel Plates Faults,,UCI/OpenML数据集详情页单文件下载,,UCI Steel Plates Faults,制造业质量控制,cn-all-remaining-0478-c21c6715,
单表统计/观测数据下载门户,4,复核回收,2/3,可穿戴IoT人体活动识别6分类,UCI Human Activity Recognition,,UCI数据集详情页train/test下载,,UCI Human Activity Recognition Using Smartphones,可穿戴设备 / IoT,cn-all-remaining-0479-abb9f7a8,
单表统计/观测数据下载门户,5,复核回收,2/3,装配式建筑施工员职业机会、能力结构与培训产品研究,地方住建部门公开数据平台,,原文点名住建部门公开装配式数据,,,商业和金融类、市场调查分析师（行,cn-all-remaining-0735-cdbd1b4c,
单表统计/观测数据下载门户,6,复核回收,2/3,2023 Delaware HMDA Regulation C Release-Control Audit,FFIEC/CFPB HMDA Platform,,原文点名HMDA Modified LAR平台管道分隔文件,,HMDA Modified LAR,金融监管 / HMDA 合规数据,cn-all-remaining-1143-0899ebce,
单表统计/观测数据下载门户,7,复核回收,3/3,Buchwald-Hartwig 反应条件数据的可复算审计,公开高通量反应产率数据集(Buchwald-Hartwig HTE),,脱敏公开研究数据切片，非私有仪器输出,,,化学信息学、实验数据质量审计与研,cn-all-remaining-0315-288a70d1,
单表统计/观测数据下载门户,8,复核回收,3/3,D9整数评分卡D24时间外泛化、阈值鲁棒性与发布边界复验,信贷评分卡模型风险管理平台,,冻结评分卡台账与分区指标监控数据,,,机器学习工程、模型风险管理与时间,cn-all-remaining-0321-d05903ab,
单表统计/观测数据下载门户,9,复核回收,3/3,Buchwald-Hartwig 反应条件数据的可复算审计,Figshare/Kaggle等公开反应数据集仓库,,原文明确称脱敏公开研究数据切片,,,化学信息学、实验数据质量审计与研,cn-all-remaining-0991-aea4e661,
单表统计/观测数据下载门户,10,复核回收,3/3,构建 GAO FY2020–FY2024 政府采购抗议法定控制审计,eCFR / GAO年度报告数据库,,eCFR分级浏览+GAO年报为政府检索门户,,eCFR (Electronic Code of Federal Regulations),政府采购 / GAO 抗议 / ,cn-all-remaining-1168-082afeef,
单表统计/观测数据下载门户,11,复核回收,规则,实测 MT/AMT EDI 质控与平滑一维电阻率反演,USGS 科学数据发布页（Data Series 901）,,原文点名USGS科学数据发布页,,United States Geological Survey (USGS),科学类、地球科学研究人员,cn-all-remaining-0144-a17cd5ce,
单表统计/观测数据下载门户,12,复核回收,规则,中国人力资源服务行业研究与区域型机构增长策略,人社部统计资料/上市公司年报披露平台,,行业统计与上市公司年报为公开检索来源,,,行业研究,cn-all-remaining-0265-ae028604,
单表统计/观测数据下载门户,13,筛选通过,2/3,柏林气象温度递归多步预测,气象站逐小时观测记录,搜索+筛选+导出,Open-Meteo按坐标和日期区间查询导出的历史观测记录,Analytics Tools & Software,Open-Meteo,气象与环境工程,cn-all-remaining-0209-c0b07690,
单表统计/观测数据下载门户,14,筛选通过,2/3,密西西比河日流量递归多步预测,USGS站点逐日流量观测记录,搜索+筛选+导出,数据门户按站点日期查询下载,IoT Management Platforms,USGS Water Data,水文与防汛工程,cn-all-remaining-0253-e224ded0,
单表统计/观测数据下载门户,15,筛选通过,2/3,北京 PM2.5 递归多步预测,空气质量逐小时观测记录,筛选+导出,Open-Meteo为可按地区/时间查询下载的数据门户,IoT Management Platforms,Open-Meteo,环境工程,cn-all-remaining-0278-95674282,
单表统计/观测数据下载门户,16,筛选通过,2/3,复算并审计 EPA 2022–2024 全国臭氧设计值数据产品,臭氧监测站日汇总记录,筛选+导出,"EPA AQS数据门户站点日汇总,可按站点年份查询",IoT Management Platforms,EPA Air Quality System (AQS),环境监管 / 空气质量 / AQ,cn-all-remaining-0299-fe86cac8,
单表统计/观测数据下载门户,17,筛选通过,2/3,NYC Yellow Taxi January 2023 — Multi-source Data Engineering Pipeline,出租车行程记录,筛选+导出,TLC门户按年月查询下载行程数据,B2B Marketplaces,NYC Taxi & Limousine Commission (TLC) Trip Record Data,数据科学 / 数据工程（Data,cn-all-remaining-0302-299009d0,
单表统计/观测数据下载门户,18,筛选通过,2/3,在线招聘渠道续约复盘、RFP对账与2026采购策略,ATS招聘渠道月度汇总记录,筛选+导出,招聘平台后台ATS月报与费用台账,recruiting,,行业研究、人力资源服务,cn-all-remaining-0322-c294fc85,
单表统计/观测数据下载门户,19,筛选通过,2/3,风暴致死月度统计,风暴事件与致死记录,筛选+导出+跨表关联,同NOAA门户，两表按EVENT_ID关联查询导出,"Governance, Risk & Compliance Software",NOAA Storm Events Database, 应急管理,cn-all-remaining-0482-4ad1c775,
单表统计/观测数据下载门户,20,筛选通过,2/3,风暴事件类型归类统计,风暴事件记录,筛选+导出+跨表关联,同NOAA门户，按事件类型查表归类导出,"Governance, Risk & Compliance Software",NOAA Storm Events Database,气候与应急管理,cn-all-remaining-0483-e7f016ec,
单表统计/观测数据下载门户,21,筛选通过,2/3,账户状态枚举与接口契约统一,账户状态案例记录,筛选+导出,账号状态冲突/一致案例，典型后台账户列表数据,IT Management Software,,后台管理系统,cn-all-remaining-0577-09649bc4,
单表统计/观测数据下载门户,22,筛选通过,2/3,PVDAQ实测光伏数据源尽调与运维对标样本库构建,PVDAQ光伏系统清单,筛选+排序+导出,systems清单是可按字段筛的系统目录,IoT Management Platforms,NREL PVDAQ,工程类、新能源工程师,cn-all-remaining-0741-4360744e,
单表统计/观测数据下载门户,23,筛选通过,2/3,凤凰城高温阈值方法缺陷定位、历史复算与发布门槛核验,气象站逐日观测记录,搜索+筛选+导出,GHCN-Daily是NOAA站点数据门户,weather-data-software,GHCN-Daily,行业研究、气象服务（气象学家）,cn-all-remaining-0845-a6a750c1,
单表统计/观测数据下载门户,24,筛选通过,2/3,IRS 2022–2023 县际迁移发布、披露与 Census 邻接走廊审计,县际迁移流入流出记录,筛选+导出+跨表关联,IRS SOI按州/年份查询下载迁移数据,"Governance, Risk & Compliance Software",IRS SOI,公共财政与区域规划 / 政府统计,cn-all-remaining-1091-55784277,
单表统计/观测数据下载门户,25,筛选通过,2/3,BTS-CBP 陆路口岸货运流量与月度连续性核验,陆路口岸月度货运记录,搜索+筛选+导出,BTS按口岸/月份/类别查询下载,Supply Chain & Logistics Software,Bureau of Transportation Statistics (BTS),交通运输 / 陆路口岸运营数据质,cn-all-remaining-1180-0e2cadcc,
单表统计/观测数据下载门户,26,筛选通过,2/3,HUD 2025 财年小区域公平市场租金与住房券支付标准政策审计,县级/邮编公平市场租金与住房券支付标准记录,筛选+导出+跨表关联,HUD按年度/地区可查询下载的租金标准数据,Vertical Industry Software,HUD,住房政策 / 地理空间监管数据工,cn-all-remaining-1192-e8a7b525,
单表统计/观测数据下载门户,27,筛选通过,2/3,联邦渔业库存状态季度迁移审计（NOAA 2024）,渔业库存状态记录,搜索+筛选+排序+导出,NOAA渔业库存状态是可查询统计报表,Vertical Industry Software,NOAA Electronic Navigational Chart (ENC),渔业监管数据 / 库存状态变更审,cn-all-remaining-1255-d3f1f3cb,
单表统计/观测数据下载门户,28,筛选通过,3/3,德国电力负荷月度预测管道,电网逐时负荷/发电记录,筛选+导出,"电网历史库,可按时间范围查询下载",ERP Software,Open Power System Data,电力系统,cn-all-remaining-0072-1e08f36f,
单表统计/观测数据下载门户,29,筛选通过,3/3,中国电动汽车企业进入英国市场行业研究,行业统计与法规政策数据,搜索+筛选+导出,SMMT等统计数据门户可按年份/指标查询下载,Vertical Industry Software,Society of Motor Manufacturers and Traders,汽车类、行业研究,cn-all-remaining-0090-ab9a3d0b,
单表统计/观测数据下载门户,30,筛选通过,3/3,2020 Magna真实地震序列完整性、b值、Omori衰减与空间结构联合分析,地震事件记录（位置/震级/质量）,搜索+筛选+导出,USGS FDSN 事件Web服务按时间空间震级条件查询目录,Analytics Tools & Software,USGS FDSN Event Web Service,科学类、地球科学研究人员,cn-all-remaining-0135-8319cf05,
单表统计/观测数据下载门户,31,筛选通过,3/3,真实 SKS 剪切波分裂测量与上地幔各向异性评估,远震事件波形目录条目,搜索+筛选+导出,events.csv为按震中距/震级筛选导出的事件目录,Analytics Tools & Software,IU.COLA,科学类、地球科学研究人员,cn-all-remaining-0163-f216c49f,
单表统计/观测数据下载门户,32,筛选通过,3/3,开普敦太阳辐射递归多步预测,气象站历史观测记录,搜索+筛选+导出,Open-Meteo数据门户按地点日期查询,IoT Management Platforms,Open-Meteo,新能源工程,cn-all-remaining-0346-54ee7ce2,
单表统计/观测数据下载门户,33,筛选通过,3/3,东京地面气压递归多步预测,气象站历史观测记录,搜索+筛选+导出,Open-Meteo数据门户按地点日期查询,IoT Management Platforms,Open-Meteo,气象工程,cn-all-remaining-0348-e08b7fe5,
单表统计/观测数据下载门户,34,筛选通过,3/3,上海相对湿度递归多步预测,逐小时天气观测记录,筛选+导出,Open-Meteo为按地区/时间/指标查询下载的数据门户,IoT Management Platforms,Open-Meteo,环境工程,cn-all-remaining-0349-c13fb8d4,
单表统计/观测数据下载门户,35,筛选通过,3/3,希腊逐小时电力负荷预测管道,逐小时电网负荷记录,筛选+导出,ENTSO-E电力统计门户，按国家/时间查询下载,ERP Software,Open Power System Data,电力,cn-all-remaining-0352-61295765,
单表统计/观测数据下载门户,36,筛选通过,3/3,北京参考作物蒸散量(ET0)预测,逐小时气象观测/预报记录,筛选+导出,Open-Meteo数据门户，按地区/时段/指标查询下载,weather-data-software,Open-Meteo,农业水利工程,cn-all-remaining-0477-0fe64a0f,
单表统计/观测数据下载门户,37,筛选通过,3/3,NOAA 风暴事件月度灾损统计,风暴事件记录,筛选+导出,NOAA Storm Events是可按州/年/类型查询导出的政府数据门户,"Governance, Risk & Compliance Software",NOAA Storm Events Database, 应急管理与保险精算,cn-all-remaining-0481-7ab34177,
单表统计/观测数据下载门户,38,筛选通过,3/3,风暴系统(episode)月度统计,风暴事件记录,筛选+导出,同NOAA门户，按episode/州/月统计导出,"Governance, Risk & Compliance Software",NOAA Storm Events Database,气候监测,cn-all-remaining-0484-47ac327f,
单表统计/观测数据下载门户,39,筛选通过,3/3,美国平面设计师职业市场与AI转型研究,职业统计条目(BLS/O*NET/WEF),搜索+筛选+导出,BLS等统计门户按职业/年份查询导出,HR Software,Bureau of Labor Statistics (BLS),商业类、行业研究分析师（创意服务,cn-all-remaining-0674-84436791,
单表统计/观测数据下载门户,40,筛选通过,3/3,美国航空航天工程师人才市场、薪酬与能力结构研究（2024-2034）,BLS职业统计指标记录,搜索+筛选+导出,BLS/O*NET官方数据门户按职业查询,Analytics Tools & Software,Bureau of Labor Statistics Occupational Outlook Handbook (OOH),行业研究、航空航天工程师,cn-all-remaining-0692-1233fccb,
单表统计/观测数据下载门户,41,筛选通过,3/3,美国石油工程师就业、薪酬与技能结构行业研究,BLS OEWS职业统计记录,搜索+筛选+导出,BLS OEWS/O*NET数据门户按SOC查询,Analytics Tools & Software,Bureau of Labor Statistics (BLS),行业研究、能源工程人才市场,cn-all-remaining-0693-64f8726a,
单表统计/观测数据下载门户,42,筛选通过,3/3,美国平面设计师用工市场、薪酬与技能结构研究,职业地区/行业薪资统计记录,筛选+排序+导出+跨表关联,BLS OEWS数据门户可按地区行业查询下载,Analytics Tools & Software,Bureau of Labor Statistics Occupational Outlook Handbook (OOH),商业类、行业研究分析师,cn-all-remaining-0723-215c4ee4,
单表统计/观测数据下载门户,43,筛选通过,3/3,美国机械工程师用工市场、薪酬与产业分布研究,职业地区/行业薪资统计记录,筛选+排序+导出+跨表关联,BLS OEWS数据门户可按地区行业查询下载,Analytics Tools & Software,Bureau of Labor Statistics Occupational Employment and Wage Statistics (OEWS),商业类、行业研究分析师,cn-all-remaining-0724-5140b215,
单表统计/观测数据下载门户,44,筛选通过,3/3,美国微生物学家人才市场与岗位能力基准研究,职业就业/薪资/预测统计记录,筛选+排序+导出,BLS/O*NET数据门户可按职业查询导出,Analytics Tools & Software,Bureau of Labor Statistics (BLS),商业和金融类、市场调查分析师（行,cn-all-remaining-0729-3456fff7,
单表统计/观测数据下载门户,45,筛选通过,3/3,五因子另类风险溢价基金无前视回测、风险预算与绩效归因,五因子日收益率数据,筛选+导出,明确来源Fama/French数据门户,Analytics Tools & Software,Fama/French Data Library (Kenneth R. French),金融与证券、基金量化研究员,cn-all-remaining-0795-2d469bcb,
单表统计/观测数据下载门户,46,筛选通过,3/3,美国平面设计师薪酬市场与技能需求研究（加州—得州）,地区薪酬统计行(OEWS),筛选+导出,"州/都会区薪酬按地区可查询下载,属统计数据门户",salary-benchmarking,,    设计、文创与媒体    ,cn-all-remaining-0853-2e697bcb,
单表统计/观测数据下载门户,47,筛选通过,3/3,车载1550nm激光雷达发射、接收、杂散光、温漂、眼安全与可靠性联合验收及整车道路验证准入判定,模组光学验收记录,筛选+导出,模组/样本字段的激光雷达检测结果表,quality-management-qms,,工程类、光学工程师,cn-all-remaining-0912-51d4ac3e,
单表统计/观测数据下载门户,48,筛选通过,3/3,AME2016—AME2020 Ca/Ni/Sn 核质量系统学重建、壳隙复核与版本更新审计,核素质量条目,筛选+导出,AME数据源自IAEA/AMDC统计数据门户，可按核素查询,Analytics Tools & Software,IAEA/AMDC,物理类、核物理研究员（核结构/核,cn-all-remaining-1112-88167b19,
单表统计/观测数据下载门户,49,筛选通过,3/3,城市交通变化桑基图,城市交通变化统计记录,筛选+导出,各城市多维指标类统计门户可查询下载的记录,CAD & PLM Software,,数据可视化与信息图,cn-all-remaining-1140-3069d89e,
单表统计/观测数据下载门户,50,筛选通过,3/3,UN Comtrade HS 2017→2022 商品分类迁移与贸易序列连续性审计,各国商品进出口贸易记录,搜索+筛选+导出,Comtrade可按国家商品年份查询导出,Analytics Tools & Software,UN Comtrade,国际贸易统计 / 海关商品分类迁,cn-all-remaining-1145-c17d3877,
单表统计/观测数据下载门户,51,筛选通过,3/3,NASA–ESA 系外行星星历、宿主星天体测量与多系统观测就绪审计,系外行星与宿主星参数记录,搜索+筛选+排序+导出,Exoplanet Archive表可查询筛选导出,Analytics Tools & Software,NASA Exoplanet Archive (Planetary Systems table),天文学 / 科研数据治理 / 系,cn-all-remaining-1146-6532ab9d,
单表统计/观测数据下载门户,52,筛选通过,3/3,构建 CDC NNDSS 2023 第 52 周暂定值与最终年表调和审计,CDC NNDSS疾病监测周报记录,搜索+筛选+导出,Socrata官方门户可按疾病/周查询导出,Vertical Industry Software,Centers for Disease Control and Prevention (CDC),公共卫生监测 / NNDSS /,cn-all-remaining-1165-1a802104,
单表统计/观测数据下载门户,53,筛选通过,3/3,EPA TRI PFAS 释放与废物管理变更控制核验,EPA TRI设施-PFAS释放/废物记录,搜索+筛选+导出,TRI为可按设施/化学品/年份查询的数据库,environmental-health-and-safety,EPA (U.S. Environmental Protection Agency) GHGRP,环境合规 / 有毒化学品数据治理,cn-all-remaining-1176-1da3ce1d,
单表统计/观测数据下载门户,54,筛选通过,3/3,NCUA 2024 年信用合作社资本充足与复杂机构分类生命周期审计,信用社季度Call Report记录,搜索+筛选+导出,NCUA按机构季度可查询下载财务数据,"Governance, Risk & Compliance Software",National Credit Union Administration (NCUA),金融监管 / 信用合作社审慎资本,cn-all-remaining-1182-3a8e8666,
单表统计/观测数据下载门户,55,筛选通过,3/3,USDA RMA 农作物保险损失原因与赔款闭包核验,损失原因赔款记录,搜索+筛选+导出,RMA可按州/年/作物/灾因查询损失数据,insurance-claims-management,USDA Risk Management Agency,农业 / 农作物保险运营质控,cn-all-remaining-1183-ad6aeed5,
单表统计/观测数据下载门户,56,筛选通过,3/3,FCC E-Rate 2023 资金年度学校宽带折扣、承诺与拨款生命周期审计,E-Rate资助申请与承诺记录,搜索+筛选+导出,USAC开放数据可按学校/类别查询导出,"Governance, Risk & Compliance Software",USAC,电信监管 / 教育宽带数据工程,cn-all-remaining-1188-be477324,
批次-样品-检验/QC记录(LIMS/MES),1,复核回收,1/3,手游限时卡池保底、重复转化与幂等结算回放核验,游戏服务端GM/运营管理后台,,卡池配置、结算日志、钻石账本可检索查询,,,    游戏与互动内容、游戏服务,cn-all-remaining-0403-f1abed95,
批次-样品-检验/QC记录(LIMS/MES),2,复核回收,2/3,精密轴尺寸 SPC、过程能力与异常事件关联分析,MES/QMS 质量管理系统,,902条测量记录+生产事件表，是可检索/导出的数据库系统,,,工程类 / 质量工程师,cn-all-remaining-0089-ab3b3a3c,
批次-样品-检验/QC记录(LIMS/MES),3,复核回收,2/3,构建 MSHA 2024 Part 50 矿山伤害、工时暴露与官方发布对账审计数据产品,MSHA Part 50数据门户,,原文点名MSHA按年度下载数据集页,,Mine Safety and Health Administration (MSHA),矿山安全监管 / 事故与工时数据,cn-all-remaining-1096-067138a9,
批次-样品-检验/QC记录(LIMS/MES),4,复核回收,2/3,MTA subway GTFS route-service-stop-shape topology audit,MTA,,原文点名MTA GTFS开放数据,,Metropolitan Transportation Authority (MTA),Public transit s,cn-all-remaining-1225-9a34fa3d,
批次-样品-检验/QC记录(LIMS/MES),5,复核回收,3/3,半导体制程良率异常筛查与关键量测点复核,UCI Machine Learning Repository (SECOM),,原文点名UCI SECOM半导体数据集,,UCI SECOM,行业研究、智能制造工程师,cn-all-remaining-0859-794a0507,
批次-样品-检验/QC记录(LIMS/MES),6,复核回收,3/3,匿名钻孔多元素化探迁移复核与复验优先级,Zenodo,,原文点名GeoMet数据集及Zenodo DOI,,GeoMet,科学类、地质学家,cn-all-remaining-0898-45d332c5,
批次-样品-检验/QC记录(LIMS/MES),7,筛选通过,2/3,复现并审计 NHTSA 2024 FARS 超速致死事故监管数据产品,致死事故/车辆/人员记录,筛选+导出+跨表关联,"FARS数据门户多表关联记录,可按字段查询导出","Governance, Risk & Compliance Software",FARS (Fatality Analysis Reporting System),道路交通安全 / 监管数据工程 ,cn-all-remaining-0298-23ad7da2,
批次-样品-检验/QC记录(LIMS/MES),8,筛选通过,2/3,注塑连接器壳体关键尺寸过程能力、异常批次与放行门槛核验,关键尺寸测量记录,筛选+导出+跨表关联,按机台/模穴/子组的SPC记录表,quality-management-qms,,工程类、质量工程师、制造过程质量,cn-all-remaining-0948-b0c93dc1,
批次-样品-检验/QC记录(LIMS/MES),9,筛选通过,2/3,OSHA 德州电力行业检查、引用标准与罚款闭包审计,OSHA检查与引用记录,搜索+筛选+详情展开+跨表关联,"IMIS检索页+逐案详情页,按州/行业/年份可查","Governance, Risk & Compliance Software",OSHA Integrated Management Information System (IMIS),劳动执法 / 职业安全 / 检查,cn-all-remaining-1262-e78cfd80,
批次-样品-检验/QC记录(LIMS/MES),10,筛选通过,2/3,PHMSA 管道安全执法案件阶段、引用法规与处罚闭包审计,PHMSA管道执法案件记录,搜索+筛选+导出+跨表关联,"执法Raw Data数据门户,按CPF案件字段查询导出","Governance, Risk & Compliance Software",PHMSA Enforcement Raw Data,交通与能源基础设施监管 / 管道,cn-all-remaining-1264-008f2bdb,
批次-样品-检验/QC记录(LIMS/MES),11,筛选通过,3/3,汽车零部件制造企业5月生产成本明细核算及降本方案报告编制任务,生产批次/工序物料耗用记录,筛选+导出+跨表关联,生产数据按产品工序物料可筛选查询导出,discrete-erp,,制造业成本管控与财务分析,cn-all-remaining-0006-9effbd05,
批次-样品-检验/QC记录(LIMS/MES),12,筛选通过,3/3,区域地震 P、S 到时联合定位,地震台站与P/S到时拾取记录,筛选+导出+跨表关联,台站表与拾取表为地震数据门户可查询导出格式,Analytics Tools & Software,,科学类、地球科学研究人员,cn-all-remaining-0160-5d376197,
批次-样品-检验/QC记录(LIMS/MES),13,筛选通过,3/3,Ridgecrest 主震后地震簇稳健双差重定位,余震目录事件与台站记录,筛选+导出+跨表关联,Ridgecrest公开地震目录按震级/时间筛选导出,Analytics Tools & Software,Ridgecrest earthquake sequence catalog,科学类、地球科学研究人员,cn-all-remaining-0166-b4934700,
批次-样品-检验/QC记录(LIMS/MES),14,筛选通过,3/3,24个月稳定性统计复核与货架期建议,稳定性检验批次与结果,筛选+导出+跨表关联,LIMS检验明细、批次信息、规格多表关联查询,laboratory,,药学专业人员,cn-all-remaining-0221-2cf3a288,
批次-样品-检验/QC记录(LIMS/MES),15,筛选通过,3/3,汽车连接器注塑件关键尺寸SPC分析、过程能力评估与量产放行判定    ,注塑件质检子组记录,筛选+导出+跨表关联,按subgroup_id/sample_no/timestamp组织的批次质检记录表,quality-management-qms,,汽车工程、质量管理,cn-all-remaining-0291-e8bd6c4c,
批次-样品-检验/QC记录(LIMS/MES),16,筛选通过,3/3,电子连接器来料关键特性、外观缺陷与量具校准批次复核,来料检验批次与测量记录,筛选+导出,QMS/LIMS式批次抽样测量与外观检验记录,CAD & PLM Software,,    工程类、质量工程师   ,cn-all-remaining-0407-b77013e8,
批次-样品-检验/QC记录(LIMS/MES),17,筛选通过,3/3,三流域农药暴露与底栖无脊椎动物群落响应的多源数据质控、混合效应建模与敏感性分析,水样/生物样采集批次与LC-MS/MS结果,筛选+导出+跨表关联,"批次-结果行-QC状态,典型LIMS结构",laboratory,,科学类、环境科学家、科研数据分析,cn-all-remaining-0421-9128c0d2,
批次-样品-检验/QC记录(LIMS/MES),18,筛选通过,3/3,河口湿地甲烷通量多批次校准、脉冲事件与年度预算审计,GC校准批次与箱体通量采样记录,筛选+导出+跨表关联,"批次-结果-QC状态,同LIMS例子",laboratory,,科学类、环境科学与科研数据分析,cn-all-remaining-0423-6de57e18,
批次-样品-检验/QC记录(LIMS/MES),19,筛选通过,3/3,四批次TMT蛋白质组同位素校正、桥接归一化与差异通路复核,TMT批次肽段/通道强度结果记录,筛选+导出+跨表关联,"批次-肽段-通道结果,同LIMS结构",laboratory,,科学类、生物学研究人员,cn-all-remaining-0429-bb30f48c,
批次-样品-检验/QC记录(LIMS/MES),20,筛选通过,3/3,    300mm晶圆刻蚀工艺漂移、SPC/FDC根因分析与批次放行    ,批次/晶圆量测与FDC记录,筛选+详情展开+导出+跨表关联,MES批次晶圆量测记录可筛选导出,manufacturing-execution-system,,    工程类、半导体工艺工程师,cn-all-remaining-0443-dc5f61f5,
批次-样品-检验/QC记录(LIMS/MES),21,筛选通过,3/3,晶圆厂多站点SPC、良率归因与工艺窗口优化复核,批次/晶圆工艺记录,筛选+详情展开+导出+跨表关联,MES批次晶圆参数记录可筛选导出,manufacturing-execution-system,,工程类—半导体工艺工程师,cn-all-remaining-0444-8561ae74,
批次-样品-检验/QC记录(LIMS/MES),22,筛选通过,3/3,LX-217无菌冻干注射剂工艺验证、稳定性趋势、OOS/OOT调查与批次放行,批次与HPLC检测记录,筛选+详情展开+导出,LIMS批次、序列、稳定性记录，典型实验室系统列表,laboratory,,医疗卫生、药学专业人员,cn-all-remaining-0446-824b7977,
批次-样品-检验/QC记录(LIMS/MES),23,筛选通过,3/3,CT1 光刻 CD 偏高异常根因分析、批次处置与工艺再资格,批次/晶圆/量测记录,筛选+详情展开+跨表关联+导出,MES晶圆批次记录，类似LIMS可查询,manufacturing-execution-system,,工程技术类、半导体工艺工程师,cn-all-remaining-0703-5714b5c0,
批次-样品-检验/QC记录(LIMS/MES),24,筛选通过,3/3,300 mm 氧化物刻蚀腔体 PM 后 Via CD 漂移根因分析、配方恢复与批次处置,CD-SEM量测/FDC批次记录,筛选+跨表关联+导出,按批次腔体查询的量测与设备事件记录表,manufacturing-execution-system,,工程类、半导体工艺工程师,cn-all-remaining-0745-5cca1ad5,
批次-样品-检验/QC记录(LIMS/MES),25,筛选通过,3/3,电驱壳体轴承孔尺寸漂移分析与过程能力改善验证,尺寸检验与加工参数记录,筛选+排序+导出,按part_id可查询筛选的检验参数记录表,quality-management-qms,,工程类、质量工程师,cn-all-remaining-0746-667d6a72,
批次-样品-检验/QC记录(LIMS/MES),26,筛选通过,3/3,真空熟制鸡胸肉冷藏腐败货架期建模与温度波动评估,LIMS平板菌落计数记录,筛选+导出,原始LIMS导出的挑战试验平板记录,laboratory,,科学类、食品科学研究人员,cn-all-remaining-0754-26345d25,
批次-样品-检验/QC记录(LIMS/MES),27,筛选通过,3/3,12英寸晶圆厂M1光刻CD/Overlay漂移调查与批次处置,晶圆/批次量测记录(CD/Overlay),搜索+筛选+跨表关联+导出,MES量测与批次履历按lot/tool查询导出,manufacturing-execution-system,,工程类、半导体工艺工程师,cn-all-remaining-0759-3002eee7,
批次-样品-检验/QC记录(LIMS/MES),28,筛选通过,3/3,五层主体结构实测实量、资料证据链复核与整改销项自动核验,实测实量记录/检验批与试块台账,搜索+筛选+跨表关联+导出,质量管理平台按楼层构件查询导出的台账,construction-management,,建筑、测绘与规划-质量员,cn-all-remaining-0763-7c2e7f10,
批次-样品-检验/QC记录(LIMS/MES),29,筛选通过,3/3,临港北片区1:500地形图修测收尾排产、质量放行与批次交付,分幅生产日报/检查点/问题台账记录,搜索+筛选+跨表关联+导出,测绘生产管理系统按分幅日期查询台账,Vertical Industry Software,,建筑、测绘与规划-生产经理,cn-all-remaining-0765-2e0c67fe,
批次-样品-检验/QC记录(LIMS/MES),30,筛选通过,3/3,CHO细胞补料分批培养批次一致性、过程偏差与收获窗口评估,培养批次在线/离线检测记录,筛选+导出+跨表关联,多批次历史库位号数据与检测结果表,manufacturing-execution-system,,科学类、生物工艺科学人员,cn-all-remaining-0794-37667882,
批次-样品-检验/QC记录(LIMS/MES),31,筛选通过,3/3,磷酸铁锂电芯一致性、模组快充热安全与循环寿命联合评审及量产放行判定,电芯/模组测试与循环记录,筛选+跨表关联+导出,多电芯模组测试结果，类LIMS批次数据,batteries,,工程类、电池工程师,cn-all-remaining-0801-3012a7dc,
批次-样品-检验/QC记录(LIMS/MES),32,筛选通过,3/3,电机轴精加工线OEE异常诊断与MC30两日生产排程校核,生产工单/设备报警/终检记录,筛选+导出+跨表关联,MES工单、报警、检测记录均为多字段可查询表,manufacturing-execution-system,,工程类、智能制造工程师,cn-all-remaining-0817-a25cf14a,
批次-样品-检验/QC记录(LIMS/MES),33,筛选通过,3/3,28 nm接触孔光刻关键尺寸、套刻与焦距—曝光工艺窗口联合评审及批次放行判定,晶圆批次量测记录,筛选+导出+跨表关联,批次/位点量测带质控标记，类似LIMS批次结果,Vertical Industry Software,,工程类、半导体工艺工程师,cn-all-remaining-0821-5446eadd,
批次-样品-检验/QC记录(LIMS/MES),34,筛选通过,3/3,DQL-217 CIA大鼠治疗性药效复核与确认性研究剂量推荐,动物给药与检测结果记录,筛选+导出+跨表关联,CRO动物研究数据，类LIMS批次结果,drug-discovery,,医疗卫生、药企药理专员,cn-all-remaining-0833-4b7ceef4,
批次-样品-检验/QC记录(LIMS/MES),35,筛选通过,3/3,TRX-217 28天重复给药毒性数据质控、毒代重算与申办方综合评估,动物毒理检测记录,筛选+导出+跨表关联,CRO毒理动物数据，类LIMS批次结果,drug-discovery,,医疗卫生、药物非临床安全性评价（,cn-all-remaining-0835-9f5c41bb,
批次-样品-检验/QC记录(LIMS/MES),36,筛选通过,3/3,多中心定量检测方法的精密度、Deming比对与实验室聚类Bootstrap评价,跨实验室检测结果记录,筛选+导出,实验室/方法/浓度/日期字段的LIMS式结果表,laboratory,,科学类、统计学家,cn-all-remaining-0901-a1264e29,
批次-样品-检验/QC记录(LIMS/MES),37,筛选通过,3/3,LPBF Inconel 718粉末、熔池、孔隙、力学、疲劳与热处理组织联合评审及航空结构件工艺定型判定,批次样本检测结果,筛选+导出,批次/样本/工序字段的材料检测结果表,additive-manufacturing,,科学类、材料科学研究人员,cn-all-remaining-0908-a1d40822,
批次-样品-检验/QC记录(LIMS/MES),38,筛选通过,3/3,车载摄像模组MTF、畸变、杂散光与热稳定量产准入判定,模组测试记录,筛选+导出,模组/测试站字段的光学检测结果表,quality-management-qms,,工程类—光学工程师,cn-all-remaining-0910-a483d04f,
批次-样品-检验/QC记录(LIMS/MES),39,筛选通过,3/3,冷藏熟制鸡胸肉气调包装货架期建模与包装方案筛选,样品清单及微生物/理化/感官检测结果,筛选+导出+跨表关联,72条样品清单按批次/处理关联检测结果，类LIMS,laboratory,,科学类、食品科学研究人员,cn-all-remaining-0928-d694ced9,
批次-样品-检验/QC记录(LIMS/MES),40,筛选通过,3/3,低酸植物蛋白饮料UHT热力杀菌、无菌灌装、微生物挑战与加速货架期联合评审及量产放行判定,批次生产与QC检测记录（灌装/微生物/稳定性/包装/卫生）,筛选+导出+跨表关联,多批次样本检测结果按批号关联，类LIMS结构,quality-management-qms,,科学类、食品科学研究人员,cn-all-remaining-0929-cfedb11d,
批次-样品-检验/QC记录(LIMS/MES),41,筛选通过,3/3,汽车外板IF钢LF-RH精炼、钙处理与连铸洁净度/浇次放行审计,炉次/浇次工艺与检测记录,筛选+导出+跨表关联,炉次成分与遥测为MES/LIMS记录,manufacturing-execution-system,,工程类、冶金工程师,cn-all-remaining-0938-0175cfde,
批次-样品-检验/QC记录(LIMS/MES),42,筛选通过,3/3,ADAS前视摄像头镜头模组MTF、杂散光、光谱与DV/PV量产冻结审计,镜头模组光学测试记录,筛选+详情展开+导出+跨表关联,按批次/模组分组的LIMS式记录,CAD & PLM Software,,工程类、光学工程师,cn-all-remaining-0941-29ec8b45,
批次-样品-检验/QC记录(LIMS/MES),43,筛选通过,3/3,冷藏即食食品CCP杀菌、冷链暴露、微生物风险与召回放行判定,批次CCP/冷链/检验记录,筛选+导出+跨表关联,批次结果记录，同LIMS结构,quality-management-qms,,食品与质量安全—食品安全工程师,cn-all-remaining-0942-65033b58,
批次-样品-检验/QC记录(LIMS/MES),44,筛选通过,3/3,植入式骨科接骨板疲劳寿命、加速老化与批次一致性联合评审及设计转移/上市放行判定,工程批可靠性试验记录,筛选+导出+跨表关联,按批次的试验结果类LIMS,CAD & PLM Software,,工程类、医疗器械可靠性工程师,cn-all-remaining-0946-f43aaf57,
批次-样品-检验/QC记录(LIMS/MES),45,筛选通过,3/3,退役金属加工厂地下水氯代烃监测质控、趋势判定与羽流复核,监测井采样与水质结果,筛选+详情展开+跨表关联+导出,监测井/样品按井号季度可筛选导出,environmental-quality-and-safety-management,,科学类、环境科学家,cn-all-remaining-0950-9dedf66d,
批次-样品-检验/QC记录(LIMS/MES),46,筛选通过,3/3,盐酸二甲双胍片三批压片偏差复核、受影响物料界定与72小时产能恢复排产,批生产记录与MES报警事件,筛选+详情展开+跨表关联+导出,批号/容器/记录编号可交叉筛选,manufacturing-execution-system,,医疗卫生、药品生产与质量管理（口,cn-all-remaining-0957-769c12d9,
批次-样品-检验/QC记录(LIMS/MES),47,筛选通过,3/3,片剂稳定性统计复核与货架期建议,稳定性检验明细（批次/时间点/项目结果行）,筛选+详情展开+导出+跨表关联,类LIMS批次检验结果行，可按批次时间筛选,laboratory,,药学专业人员,cn-all-remaining-1131-804a6ac8,
批次-样品-检验/QC记录(LIMS/MES),48,筛选通过,3/3,USDA SSURGO Sonoma Soil Foundation Interpretation Audit,SSURGO图斑/构件/土层记录,搜索+筛选+导出+跨表关联,Soil Data Access按区域查询的图斑构件库,Vertical Industry Software,USDA Soil Data Access,环境岩土工程 / 土壤调查 / ,cn-all-remaining-1163-87b43970,
批次-样品-检验/QC记录(LIMS/MES),49,筛选通过,3/3,NASA CNEOS 与 ESA NEOCC 近地天体撞击风险联合审计,近地天体撞击风险记录(Sentry/NEOCC虚拟撞击体与风险名单),搜索+筛选+导出+跨表关联,Sentry/NEOCC是可查询筛选的撞击风险记录门户,Analytics Tools & Software,NASA/JPL CNEOS Sentry,科学计算 / 行星防御 / 风险,cn-all-remaining-1190-ee12ce0a,
批次-样品-检验/QC记录(LIMS/MES),50,筛选通过,3/3,NCBI SRA 与 ENA 测序研究、样本及运行元数据治理审计,SRA/ENA测序运行元数据记录,搜索+筛选+详情展开+导出+跨表关联,NCBI/ENA是可检索的测序档案数据库,other-life-sciences,National Center for Biotechnology Information (NCBI),科研数据治理 / INSDC 测,cn-all-remaining-1252-1e0765a9,
数据集/资料仓库详情页,1,复核回收,规则,手写符号聚类管道,UCI ML Repository（Pen-Based Recognition of Handwritten Digits）,,原文点名UCI Pen-Based数据集页面,,Pen-Based Recognition of Handwritten Digits, 数据科学,cn-all-remaining-0133-f7460d93,
数据集/资料仓库详情页,2,复核回收,规则,电力系统稳定性预测管道,UCI ML Repository（Electrical Grid Stability Simulated Data）,,原文点名UCI Electrical Grid数据集,,Electrical Grid Stability Simulated Data Set, 电力工程,cn-all-remaining-0134-cd25fa80,
数据集/资料仓库详情页,3,复核回收,规则,MNIST 手写数字识别管道,MNIST（LeCun/Cortes 官方数据集页）,,原文点名MNIST官方数据集页,,MNIST,图像识别,cn-all-remaining-0136-025708d5,
数据集/资料仓库详情页,4,复核回收,规则,森林覆盖类型预测管道,UCI ML Repository（Covertype）,,原文点名UCI Covertype数据集,,UCI Covertype,遥感,cn-all-remaining-0138-69bd676c,
数据集/资料仓库详情页,5,复核回收,规则,银行营销订阅预测管道,UCI ML Repository（Bank Marketing）,,原文点名UCI Bank Marketing数据集,,UCI Bank Marketing, 营销分析,cn-all-remaining-0139-9b7aa92c,
数据集/资料仓库详情页,6,复核回收,规则,德国逐小时电力负荷预测管道,Open Power System Data,,原文点名Open Power System Data,,Open Power System Data,电力系统与负荷预测,cn-all-remaining-0142-0a9b052b,
数据集/资料仓库详情页,7,复核回收,规则,Fashion-MNIST 服装图像分类管道,Fashion-MNIST（Zalando Research）,,原文点名Fashion-MNIST数据集页,,Fashion-MNIST,计算机视觉,cn-all-remaining-0143-17a50046,
数据集/资料仓库详情页,8,复核回收,规则,超导临界温度回归预测管道,UCI ML Repository（Superconductivity Data）,,原文点名UCI Superconductivity数据集,,UCI Superconductivity Data,计算材料学,cn-all-remaining-0146-83026528,
数据集/资料仓库详情页,9,复核回收,规则,真实 GNSS 速度场质量控制与稳健二维应变率反演,MIDAS GNSS速度产品（UNR Geodetic Laboratory）,,原文点名MIDAS GNSS速度下载页,,MIDAS,科学类、地球科学研究人员,cn-all-remaining-0148-25afc0d0,
数据集/资料仓库详情页,10,复核回收,规则,人类活动识别(HAR)分类管道,UCI Machine Learning Repository,,UCI标准基准HAR数据集，附引用说明,,UCI Human Activity Recognition Using Smartphones,可穿戴健康监测,cn-all-remaining-0149-4942e976,
数据集/资料仓库详情页,11,复核回收,规则,真实远震三分量响应校正、坐标旋转与震相验证,IRIS/FDSN,,IU.ANMO真实台站mseed+StationXML,,IU.ANMO,科学类、地球科学研究人员,cn-all-remaining-0151-f7249cf5,
数据集/资料仓库详情页,12,复核回收,规则,北京 PM2.5 浓度回归预测管道,UCI Machine Learning Repository,,UCI Beijing PM2.5基准数据集,,UCI Beijing PM2.5, 空气质量监测,cn-all-remaining-0152-263ab951,
数据集/资料仓库详情页,13,复核回收,规则,航磁测线交叉点平差与调平,地质调查数据仓库(如USGS航磁测线库),,真实Comstock航磁测线XYZ，仅坐标匿名,,Comstock aeromagnetic survey data,科学类、地球科学研究人员,cn-all-remaining-0155-15cf16ab,
数据集/资料仓库详情页,14,复核回收,规则,DART海啸到时与传播速度判定,NOAA NDBC DART,,DART浮标真实压力记录，站点编号检索,,DART (Deep-ocean Assessment and Reporting of Tsunamis),科学类、地球科学研究人员,cn-all-remaining-0156-d5cf6958,
数据集/资料仓库详情页,15,复核回收,规则,环境噪声HVSR场地共振评估,IRIS/FDSN(通用地震台网数据中心),,StationXML+miniSEED标准台站格式,,,科学类、地球科学研究人员,cn-all-remaining-0158-341df0ea,
数据集/资料仓库详情页,16,复核回收,规则,Adult Census 表格数据质量审计,UCI ML Repository (Adult Census),,UCI Adult Census CC0基准数据集,,Adult Census Income,数据工程与数据治理,cn-all-remaining-0159-fc7402fc,
数据集/资料仓库详情页,17,复核回收,规则,Fashion-MNIST 衣物图像十分类,Fashion-MNIST (Zalando Research),,Fashion-MNIST公开基准，GitHub发布页,,Fashion-MNIST,计算机视觉与机器学习,cn-all-remaining-0161-5575a6fd,
数据集/资料仓库详情页,18,复核回收,规则,加州房价回归预测,California Housing (StatLib/sklearn镜像),,加州人口普查公开基准数据集,,California Housing, 数据科学与机器学习,cn-all-remaining-0164-ac08314c,
数据集/资料仓库详情页,19,复核回收,规则,MNIST 数字无监督聚类,MNIST (OpenML mnist_784),,MNIST经OpenML发布的公开基准,,MNIST,机器学习,cn-all-remaining-0167-883d33da,
数据集/资料仓库详情页,20,复核回收,规则,AG News 新闻主题建模,AG News,,AG News公开新闻分类基准数据集,,AG News,NLP 与无监督文本分析,cn-all-remaining-0168-382cfa9c,
数据集/资料仓库详情页,21,复核回收,规则,基于Cora的引文网络链接预测,Cora citation network (PyG/LINQS托管),,Cora引文网络公开基准，节点特征表下载,,Cora citation network dataset,图分析与数据科学,cn-all-remaining-0169-866f3425,
数据集/资料仓库详情页,22,复核回收,规则,NASA C-MAPSS 涡扇发动机 RUL 预测,NASA C-MAPSS (GitHub镜像),,"点名NASA C-MAPSS,详情页含说明+多txt下载链接",,NASA C-MAPSS,预测性维护与可靠性工程,cn-all-remaining-0171-e39ad0aa,
数据集/资料仓库详情页,23,复核回收,规则,共享单车逐时需求回归预测,UCI Bike Sharing Dataset,,"点名UCI详情页,变量表+csv下载+引用信息",,UCI Bike Sharing Dataset,数据科学与预测分析,cn-all-remaining-0173-475052f5,
数据集/资料仓库详情页,24,复核回收,规则,滚动轴承振动故障诊断,CWRU Bearing Data Center,,"点名CWRU主页,按类别分类文件列表+说明文档",,CWRU Bearing Dataset (Case Western Reserve University Bearing Data Center),可靠性与预测性维护,cn-all-remaining-0174-9d91f75b,
数据集/资料仓库详情页,25,复核回收,规则,钢带表面缺陷分类管道,UCI Steel Plates Faults,,点名UCI archive.ics.uci.edu详情页+变量表,,Steel Plates Faults,制造工程,cn-all-remaining-0175-d4ad3f28,
数据集/资料仓库详情页,26,复核回收,规则,混凝土抗压强度回归预测,UCI Concrete Compressive Strength,,"点名UCI详情页,成分变量表+文件下载",,UCI Concrete Compressive Strength,材料工程与土木工程,cn-all-remaining-0176-d6d67203,
数据集/资料仓库详情页,27,复核回收,规则,(untitled),NCBI GEO,,原文点名GSE242889，GEO样本/补充文件下载页,,GSE242889,生物信息学,cn-all-remaining-0206-ba9d1d88,
数据集/资料仓库详情页,28,复核回收,规则,工业泵阀多变量时序异常检测管道,SKAB GitHub仓库,,原文点名SKAB，GitHub仓库README+data目录下载,,SKAB (Skoltech Anomaly Benchmark),工业预测性维护,cn-all-remaining-0210-a492a1f7,
数据集/资料仓库详情页,29,复核回收,规则,家电能耗概率区间预测,UCI Machine Learning Repository,,原文点名UCI数据集详情页及csv下载链接,,UCI Appliances Energy Prediction,数据科学,cn-all-remaining-0211-8626b54a,
数据集/资料仓库详情页,30,复核回收,规则,法国逐小时电力负荷预测管道,Open Power System Data,,原文点名带DOI版本号打包下载的数据平台,,Open Power System Data,电力,cn-all-remaining-0212-294e3740,
数据集/资料仓库详情页,31,复核回收,规则,工业控制系统多变量时序异常检测 + 受影响过程根因定位,HAI Security Dataset GitHub仓库,,原文点名HAI，GitHub仓库README+批次数据文件,,HAI Security Dataset, 工业控制与功能安全,cn-all-remaining-0213-58019df6,
数据集/资料仓库详情页,32,复核回收,规则,1998-2021年江苏近海SST梯度与HBCF/JSF锋带时空特征可复现分析,Level-4 SST卫星产品数据中心(如NOAA/CMEMS),,288月NetCDF卫星SST产品可检索下载,,,科学类、海洋遥感与海洋数据分析,cn-all-remaining-0230-7ad23258,
数据集/资料仓库详情页,33,复核回收,规则,FMI 成像测井裂缝密度、优势产状与高裂缝带自动识别,Utah FORGE/OpenEI,,"点名FORGE门户,测井文件列表下载",,Utah FORGE,科学类、地球科学研究人员,cn-all-remaining-0242-be25547c,
数据集/资料仓库详情页,34,复核回收,规则,药物相互作用(DDI)图链接预测管道,GitHub benedekrozemberczki/datasets,,原文点名GitHub数据文件仓库,,benedekrozemberczki/datasets,药物发现,cn-all-remaining-0250-dd5e6757,
数据集/资料仓库详情页,35,复核回收,规则,葡萄酒品质序数回归,UCI Wine Quality,,原文点名UCI数据集仓库,,UCI Wine Quality,食品科学,cn-all-remaining-0252-36566ef7,
数据集/资料仓库详情页,36,复核回收,规则,酵母基因功能多标签分类,UCI Machine Learning Repository,,原文直接点名UCI Yeast多标签基准,,,生物信息,cn-all-remaining-0269-78ef8a58,
数据集/资料仓库详情页,37,复核回收,规则,乳腺癌生存风险预测,German Breast Cancer Study Group 2 (GBSG2),,原文点名GBSG-2公开临床研究数据集,,German Breast Cancer Study Group 2,医学数据科学,cn-all-remaining-0272-eaf429b6,
数据集/资料仓库详情页,38,复核回收,规则,社交图链路预测,SNAP (Twitch Gamers Social Network),,SNAP图数据集页，边表特征下载,,Twitch Gamers Social Network,信息技术,cn-all-remaining-0282-dc05cea5,
数据集/资料仓库详情页,39,复核回收,规则,immune inflitration,TCGA/GDC Data Portal,,原文点名TCGA癌症队列表达与临床数据,,The Cancer Genome Atlas,SCI科研绘图immune in,cn-all-remaining-0297-075420d6,
数据集/资料仓库详情页,40,复核回收,规则,构建 MTA 地铁 GTFS 服务日、班次模式与几何一致性审计数据产品,MTA GTFS (New York City Transit 官方 feed),,"原文点名GTFS官方快照下载页,zip含多表",,MTA New York City Transit Subway GTFS,公共交通运营数据工程 / GTF,cn-all-remaining-0629-ce075e67,
数据集/资料仓库详情页,41,复核回收,规则,番茄多环境试验品种稳定性复核与下一轮区域试验决策,番茄多环境试验公开数据集（可追溯原始研究）,,原文称数据真实公开可追溯原始研究,,,行业研究、农业科学研究人员,cn-all-remaining-0847-be9888d6,
数据集/资料仓库详情页,42,复核回收,规则,GSE52778 配对 RNA-seq 质控、差异表达与可复现结果审计,NCBI GEO,,原文点名GEO编号GSE52778,,GSE52778,科学类、生物信息学工程师,cn-all-remaining-0894-d2a9c435,
主体档案+关联事件时间线,1,复核回收,1/3,FORGE 16A(78)-32 压裂微震监测三维数据集成与高质量图件绘制,Utah FORGE GDR,,井轨迹与微震目录来自FORGE数据知识库下载页,,Utah FORGE,地球科学,cn-all-remaining-0306-324b959e,
主体档案+关联事件时间线,2,复核回收,1/3,NYC MapPLUTO–建筑轮廓–DOB 占用证拓扑与谱系审计,NYC Planning MapPLUTO,,原文点名按borough下载的MapPLUTO,,MapPLUTO,城市规划 / 建筑 GIS / ,cn-all-remaining-1148-ddabd7cf,
主体档案+关联事件时间线,3,复核回收,2/3,零售客户复购预测管道,UCI Machine Learning Repository,,原文点名UCI公开数据集Online Retail Data Set,,UCI Machine Learning Repository,商业分析,cn-all-remaining-0345-a6224347,
主体档案+关联事件时间线,4,复核回收,2/3,构建 Wikimedia 非营利组织税务、资助与关联方尽调审计,IRS/慈善机构信息披露平台(如ProPublica Nonprofit Explorer),,原文点名年度Form990披露归档页,,Wikimedia Foundation,非营利组织税务与财务尽调 / F,cn-all-remaining-1098-eff835fa,
主体档案+关联事件时间线,5,复核回收,2/3,NPS 国家历史名录登记事件、状态快照与空间谱系审计,NPS National Register Information System,,原文点名NRHP Everything文件检索库,,"NPS National Register Information System ""Everything"" File",文化遗产登记治理 / 国家历史名,cn-all-remaining-1150-aa72ec91,
主体档案+关联事件时间线,6,复核回收,3/3,大班户外自主游戏观察数据复核、教研分析与10月调整方案,类Brightwheel/ChildPlus早教观察记录系统,,"台账含区域/幼儿检索,似观察记录平台",,,    教育与培训-幼儿教师  ,cn-all-remaining-0671-060dc9bc,
主体档案+关联事件时间线,7,复核回收,3/3,综合内科复杂共病患者多源出院审核、医嘱重构与患者指导,医院电子病历系统(类Epic HIS/EMR),,"多源病历检验医嘱,似HIS/EMR系统",,,医疗卫生-内科医师,cn-all-remaining-0690-eac11bf7,
主体档案+关联事件时间线,8,复核回收,3/3,独居高龄老人30天居家养老服务配置与风险闭环管理,居家养老服务管理系统(CRM/病例管理类),,访谈/评估/排班案例可建列表详情网站,,,医疗健康、养老服务、养老顾问,cn-all-remaining-0825-ce14f4a1,
主体档案+关联事件时间线,9,筛选通过,1/3,末端配送路线复核与数据质量审计委托,配送路线（计划vs实际）,筛选+详情展开+导出+跨表关联,含索引/时间窗字段，像路线管理系统导出记录,last-mile-delivery,,物流运营,cn-all-remaining-1206-037de182,
主体档案+关联事件时间线,10,筛选通过,2/3,食品饮料行业月度研判、公司估值与投资观点输出任务,上市公司财务与股价数据记录,搜索+筛选+导出+跨表关联,财务股价数据从行情终端按公司指标查询导出,Analytics Tools & Software,,证券投资研究、二级市场行业分析,cn-all-remaining-0007-05d253cc,
主体档案+关联事件时间线,11,筛选通过,2/3,6月会员续费下滑复盘与分层召回名单,会员到期/支付/使用/触达记录,筛选+导出+跨表关联,会员系统到期底表、支付尝试等多张可筛选记录表,subscription-management,,产品运营,cn-all-remaining-0220-bb326e7d,
主体档案+关联事件时间线,12,筛选通过,2/3,腹腔镜胆囊切除术围术期质控规则回归、异常定位与月度质控放行核验,围术期病例台账记录,筛选+导出,医院病案/质控系统病例列表，可按病例检索导出,healthcare-risk-management,,医疗卫生、外科医师、围术期质量控,cn-all-remaining-0400-2d892a5f,
主体档案+关联事件时间线,13,筛选通过,2/3,Hurricane Helene 跨 NHC、NOAA 与 FEMA 公共援助审计,灾害事件、气象记录与公共援助拨款记录,搜索+筛选+导出+跨表关联,标注数据门户，FEMA/NOAA提供可查询数据库,emergency-management,National Hurricane Center (NHC),应急管理数据工程 / 热带气旋与,cn-all-remaining-0631-ea4b7723,
主体档案+关联事件时间线,14,筛选通过,2/3,盐酸二甲双胍片年度产品质量回顾及变更后趋势评估,批次/偏差/投诉/CAPA记录,筛选+详情展开+导出+跨表关联,QMS批次放行、偏差、投诉、CAPA为可查询台账记录,audit-management,,医疗卫生、药品生产质量管理（质量,cn-all-remaining-0806-4b92c004,
主体档案+关联事件时间线,15,筛选通过,2/3,CDS升级验证QA独立复核与上线放行判定,URS/OQ/偏差/审计追踪/权限记录,搜索+筛选+导出+跨表关联,验证QA数据，类eQMS多记录系统,audit-management,,医疗卫生、药品生产质量管理（验证,cn-all-remaining-0836-8be6837c,
主体档案+关联事件时间线,16,筛选通过,2/3,    产业园区企业诉求、政策申报与重点企业服务闭环复盘    ,企业主数据/工单/走访/申报记录,搜索+筛选+导出+跨表关联,"企业服务系统多张同构记录表,可按字段筛选导出",complaint-management,,    企业经营与战略决策   ,cn-all-remaining-0965-3d040bba,
主体档案+关联事件时间线,17,筛选通过,2/3,银行贷款利息核验对账与发布封板审计,贷款记录,筛选+导出+跨表关联,"信贷系统贷款台账记录,批量同构可筛选",loan,,信贷对账与自动化测试,cn-all-remaining-0971-9cb42684,
主体档案+关联事件时间线,18,筛选通过,2/3,构建美联储 2024 压力测试与资本要求修订调和审计,银行资本要求与压力测试记录,搜索+筛选+导出+跨表关联,美联储按机构ID发布的压力测试结果表,"Governance, Risk & Compliance Software",Federal Reserve,银行金融监管 / 压力测试 / ,cn-all-remaining-1164-4f0e142d,
主体档案+关联事件时间线,19,筛选通过,2/3,NHTSA FARS tri-state crash-vehicle-person denominator reconciliation,车祸/车辆/人员记录,搜索+筛选+跨表关联+导出,FARS按州年份查询车祸人员车辆统计数据,Vertical Industry Software,NHTSA Fatality Analysis Reporting System (FARS),Road safety and ,cn-all-remaining-1219-f163b46b,
主体档案+关联事件时间线,20,筛选通过,3/3,构建 SEC Inline XBRL 申报审计与 Company Facts 对账数据管道,SEC XBRL申报facts/Company Facts记录,搜索+筛选+跨表关联+导出,SEC EDGAR数据门户可按公司/申报号查询XBRL facts与Company Facts,disclosure-management,U.S. Securities and Exchange Commission (SEC),金融科技 / 资本市场数据工程 ,cn-all-remaining-0204-96586aa4,
主体档案+关联事件时间线,21,筛选通过,3/3,CSR定稿前交叉设计BE统计独立复核,受试者给药与浓度记录,筛选+导出+跨表关联,EDC系统受试者/给药/浓度多记录表可查询导出,clinical-research,,药学专业人员,cn-all-remaining-0222-930d164f,
主体档案+关联事件时间线,22,筛选通过,3/3,商业车险逐赔案准备金评估、随机分布与资本充足性自动化闭环,赔案主数据与交易记录,筛选+详情展开+导出+跨表关联,逐赔案记录、交易、快照可筛选导出,insurance-claims-management,,金融与证券、精算师,cn-all-remaining-0435-cb32ec24,
主体档案+关联事件时间线,23,筛选通过,3/3,企业财产险多币种赔案准备金、再保险分摊与资本压力测试复核,多币种赔案记录,筛选+详情展开+导出+跨表关联,赔案级多币种交易表可筛选导出,insurance-claims-management,,金融与证券、精算师,cn-all-remaining-0437-3f3825f9,
主体档案+关联事件时间线,24,筛选通过,3/3,CT-HTN-301中心C0201监查前多源数据清理、偏离识别与闭环,受试者访视/样本/质疑记录,搜索+筛选+详情展开+导出,IRT/EDC临床试验多受试者可查记录,clinical-research,IRT,医疗卫生、临床协调员,cn-all-remaining-0696-91bc054f,
主体档案+关联事件时间线,25,筛选通过,3/3,III期临床试验中期数据库冻结前多源数据清理、SAE/实验室对账与中心行动闭环,受试者/访视/SAE记录,搜索+筛选+详情展开+跨表关联+导出,EDC临床数据库为典型多记录Web系统,clinical-research,,医疗卫生、制药企业临床运营部临床,cn-all-remaining-0708-9b5c804a,
主体档案+关联事件时间线,26,筛选通过,3/3,结直肠外科月度手术质量复盘：并发症分级、吻合口漏与数据核验,手术病例质控记录,筛选+跨表关联+导出,多系统拼接的28例病例记录,healthcare-risk-management,,医疗卫生、外科医师（普通外科/胃,cn-all-remaining-0792-a46854a7,
主体档案+关联事件时间线,27,筛选通过,3/3,住院抗菌药物医嘱专项点评与药师干预清单生成,患者医嘱与检验记录,筛选+跨表关联+导出,明确来源HIS/LIS等医疗信息系统,clinical-decision-support,HIS,医疗卫生、药学专业人员,cn-all-remaining-0802-f5452942,
主体档案+关联事件时间线,28,筛选通过,3/3,企业职工年度体检数据质控、风险分层与90天随访排程,员工体检记录,筛选+导出+跨表关联,体检机构导出的多字段员工记录表,population-health-management,,医疗健康、健康管理服务人员、健康,cn-all-remaining-0823-2981b536,
主体档案+关联事件时间线,29,筛选通过,3/3,B2B SaaS试用转付费漏斗诊断与Q4产品运营策略排期,试用账号/行为事件/订阅/工单记录,搜索+筛选+导出+跨表关联,产品分析与CRM数据，类SaaS后台,analytics-platforms,,企业经营与战略决策、产品运营,cn-all-remaining-0837-ac7b8f92,
主体档案+关联事件时间线,30,筛选通过,3/3,信用债组合日终风险复核与低换手约束修复,债券持仓/主数据记录,筛选+导出+跨表关联,多台账持仓与信用事件可筛选导出关联,investment-portfolio-management,,金融与证券、证券投资专业人员,cn-all-remaining-0858-a77c2bc1,
主体档案+关联事件时间线,31,筛选通过,3/3,保险理赔核验对账与发布封板审计,理赔记录,筛选+导出+跨表关联,"理赔系统赔案记录,批量同构字段可筛选",insurance-claims-management,,理赔精算与自动化测试,cn-all-remaining-0970-194c0e46,
主体档案+关联事件时间线,32,筛选通过,3/3,构建 FEC 2024 联邦参议院委员会资金流、修订血缘与限额筛查审计产品,候选人/委员会/交易记录,搜索+筛选+详情展开+导出+跨表关联,FEC可按候选人/委员会/选举查询交易记录,"Governance, Risk & Compliance Software",Federal Election Commission,公共政策与监管 / 美国竞选财务,cn-all-remaining-1090-c33ca50d,
主体档案+关联事件时间线,33,筛选通过,3/3,券商两融重点账户日终担保品折算、压力测试与追保处置复核,两融账户持仓/负债记录,搜索+筛选+跨表关联+导出,柜台系统账户持仓等后台可查询记录快照,operational-risk-management,,金融科技师、金融与证券,cn-all-remaining-1103-825a4158,
主体档案+关联事件时间线,34,筛选通过,3/3,商业车险逐赔案准备金算法测试夹具、随机分布与资本门限验证,商业车险赔案与交易记录,筛选+详情展开+导出+跨表关联,逐赔案交易与准备金快照类似理赔系统记录表,insurance-claims-management,,金融与证券、精算师,cn-all-remaining-1137-bfbce4b9,
主体档案+关联事件时间线,35,筛选通过,3/3,伊利诺伊饮用水违规与执法生命周期审计（EPA SDWIS）,饮用水系统违规执法记录,搜索+筛选+详情展开+导出+跨表关联,SDWIS是可查询的违规执法数据库,"Governance, Risk & Compliance Software",EPA SDWIS (Safe Drinking Water Information System),饮用水合规 / 监管执法数据审计,cn-all-remaining-1257-2f561d5d,
企业运营台账(CRM/合同/采购/项目/库存),1,复核回收,3/3,市政排水改造项目月度进度更新、挣值分析与纠偏计划,工程项目管理平台(如Primavera/广联达),,WBS/EVM进度成本台账为项目管理数据,,,工程类、工程项目经理,cn-all-remaining-0325-eb2f0968,
企业运营台账(CRM/合同/采购/项目/库存),2,复核回收,3/3,住宅地下车库工程量清单复核、最高投标限价及变更影响审计,广联达等工程造价招标平台,,招标清单综合单价属造价招标平台数据,,,房地产、工程造价师,cn-all-remaining-0796-238e5327,
企业运营台账(CRM/合同/采购/项目/库存),3,复核回收,3/3,写字楼租赁区精装修及机电改造工程结算审核,工程造价/合同结算管理平台（通用，如广联达）,,清单合同变更台账，可建造价平台,,,房地产、租赁与物业；工程造价师,cn-all-remaining-0864-82ecf25a,
企业运营台账(CRM/合同/采购/项目/库存),4,复核回收,3/3,市政排水工程月度进度更新、恢复计划与变更评估,Primavera P6 / Procore 类工程项目管理系统,,WBS/EVM/风险台账为项目管理平台典型列表数据,,,工程类、工程项目经理,cn-all-remaining-1132-08f39a42,
企业运营台账(CRM/合同/采购/项目/库存),5,筛选通过,2/3,医药商业出库台账波动归因与集中暴露可复验审计,医药出库订单明细,筛选+跨表关联+导出,ERP出库台账逐行记录，可按订单/客户筛选,distribution,,商业运营、医药流通数据审计与物流,cn-all-remaining-0318-6f22c371,
企业运营台账(CRM/合同/采购/项目/库存),6,筛选通过,2/3,人民币固收组合估值、联合压力与调仓放行审计,债券持仓/发行人/评级记录,搜索+筛选+导出+跨表关联,持仓、发行人、评级、曲线表可筛选导出,financial-risk-management,,金融与证券,cn-all-remaining-0433-48b9ac95,
企业运营台账(CRM/合同/采购/项目/库存),7,筛选通过,2/3,Word考核表原生与HTML渲染模式整合：字段投影与精确拒绝,员工考核评估记录,筛选+详情展开+导出,考核表数据源自可查询的评估记录库,performance-management,,文档自动化,cn-all-remaining-0594-0e93fd4c,
企业运营台账(CRM/合同/采购/项目/库存),8,筛选通过,2/3,滨河东片区保障性租赁住房地块筛选与15分钟生活圈补短板评估,地块权属台账/建筑/租赁样本,筛选+导出+跨表关联,地块权属台账、租赁样本按字段可筛选查询,gis,"EPSG:4547 (CGCS2000 3-Degree Gauss-Kruger Zone, CM 114°E)",房地产、租赁与物业、城市规划师,cn-all-remaining-0822-6a5c9899,
企业运营台账(CRM/合同/采购/项目/库存),9,筛选通过,2/3,智慧园区租赁履约、空间使用与能耗异常联动核查,租赁台账/电表位号/工单记录,筛选+导出+跨表关联,台账、位号趋势、工单均为多系统导出记录,iot-analytics-platforms,,房地产、租赁与物业；智慧城市管理,cn-all-remaining-0865-515ae739,
企业运营台账(CRM/合同/采购/项目/库存),10,筛选通过,2/3,构建 GSA 交付订单修改生命周期、义务额台账与父 IDV 对账产品,联邦采购合同/订单交易记录,搜索+筛选+详情展开+导出,USAspending含搜索筛选导出记录库,government-erp,USAspending,联邦采购 / 合同变更控制 / ,cn-all-remaining-1144-8a6c2142,
企业运营台账(CRM/合同/采购/项目/库存),11,筛选通过,3/3,基于脱敏企业产品台账的出口管制暴露识别与供应链风险分级。,企业产品台账/供应商交易记录,筛选+导出+跨表关联,脱敏企业产品与供应商交易台账,third-party-supplier-risk-management,,国际政治经济学,cn-all-remaining-0020-aa2698d8,
企业运营台账(CRM/合同/采购/项目/库存),12,筛选通过,3/3,多仓库存盘点差异复核与关账调整建议,仓库-SKU库存与盘点记录,筛选+导出+跨表关联,WMS/ERP库存流水与盘点记录表，可按仓库SKU筛选导出,inventory-management,,    企业经营与战略决策、物流,cn-all-remaining-0405-37b50b73,
企业运营台账(CRM/合同/采购/项目/库存),13,筛选通过,3/3,办公楼精装修工程量、变更与进度款复核,工程量计量签认与变更记录,筛选+导出+跨表关联,分区计量与变更台账，类项目管理系统记录,construction-project-management,,建筑、测绘与规划、工程造价人员,cn-all-remaining-0410-7e8ac79d,
企业运营台账(CRM/合同/采购/项目/库存),14,筛选通过,3/3,长三角既有公共建筑结构检测鉴定与加固设计服务市场研究与区域进入建议,项目线索与机构名录,搜索+筛选+导出,线索与脱敏机构名录，类CRM记录,crm,,建筑工程、行业研究（结构工程设计,cn-all-remaining-0414-b2da4750,
企业运营台账(CRM/合同/采购/项目/库存),15,筛选通过,3/3,B2B合同回款、退款与销售佣金结算复核,合同与资金流水,筛选+导出+跨表关联,合同回款佣金台账，类财务系统记录,sales-compensation,,企业经营与战略决策—销售主管,cn-all-remaining-0419-94921508,
企业运营台账(CRM/合同/采购/项目/库存),16,筛选通过,3/3,电脑配件采购清单规范化,采购项,筛选+排序+导出,采购项逐条含类目单价，类采购系统记录列表,purchasing-software,,采购运营,cn-all-remaining-0494-1a9218c7,
企业运营台账(CRM/合同/采购/项目/库存),17,筛选通过,3/3,客户申请地区字段同步：画布边界与矩形校验,客户申请记录,搜索+筛选+导出,ERP客户申请地区字段，典型企业应用记录列表,erp-systems,,企业应用,cn-all-remaining-0581-e08e758f,
企业运营台账(CRM/合同/采购/项目/库存),18,筛选通过,3/3,采购辅助评审触发与评分契约,采购评审案例(含投标数与评分),筛选+详情展开,"采购案例含开关/投标/评分,像评审平台列表",rfp,,采购评审系统,cn-all-remaining-0622-f1aaea49,
企业运营台账(CRM/合同/采购/项目/库存),19,筛选通过,3/3,2024—2026 AR应用开发工程师项目机会、技术栈与产能研究,CRM项目机会/岗位需求记录,搜索+筛选+导出,CRM系统多条同构项目机会与招聘记录,crm,CRM (Customer Relationship Management system),行业研究、AR应用开发工程师,cn-all-remaining-0686-25b0fcd7,
企业运营台账(CRM/合同/采购/项目/库存),20,筛选通过,3/3,住宅项目月度履约偏差诊断、里程碑滚动预测与四周纠偏,计划任务/合同/问题台账,筛选+排序+详情展开+跨表关联+导出,项目管理系统任务列表可筛可排,construction-project-management,,房地产、房地产开发项目管理,cn-all-remaining-0702-51ec01fc,
企业运营台账(CRM/合同/采购/项目/库存),21,筛选通过,3/3,600万吨级长流程钢厂短流程改造与低碳竞争力行业研究,生产/能耗/采购月度台账记录,筛选+导出+跨表关联,ERP式月度台账，可按月/项筛选,process-erp,,行业研究、冶金工程师（钢铁冶金）,cn-all-remaining-0704-e33a4f15,
企业运营台账(CRM/合同/采购/项目/库存),22,筛选通过,3/3,华东事业部Q2销售经营复盘与Q3目标拆解,CRM订单流水与商机记录,搜索+筛选+导出+跨表关联,CRM系统订单与商机为可筛选导出的记录列表,crm,,企业经营与战略决策、销售主管,cn-all-remaining-0731-abeed8dd,
企业运营台账(CRM/合同/采购/项目/库存),23,筛选通过,3/3,2026 Q4 企业客户续约风险诊断与服务资源配置,客户合同/工单记录,筛选+导出+跨表关联,CRM客户合同、工单等多记录台账,customer-success,,企业经营与战略决策、企业服务专员,cn-all-remaining-0779-2c9670ba,
企业运营台账(CRM/合同/采购/项目/库存),24,筛选通过,3/3,华东大区半年度销售经营复盘、Q3预测与目标拆解,开票明细/商机记录,筛选+导出+跨表关联,ERP/CRM开票与商机记录批量导出,order-management,ERP (Enterprise Resource Planning System),企业经营与战略决策、销售主管,cn-all-remaining-0780-37b43f72,
企业运营台账(CRM/合同/采购/项目/库存),25,筛选通过,3/3,长三角新能源叉车短租业务城市进入优先级与三年经营测算,销售线索/竞品报价记录,筛选+导出+跨表关联,CRM线索与统计门户式城市指标记录,crm,,企业经营与战略决策、行业研究员,cn-all-remaining-0827-a07867a4,
企业运营台账(CRM/合同/采购/项目/库存),26,筛选通过,3/3,2026年Q4项目组合重排与关键资源调度决策,项目组合台账（在途项目）,筛选+导出+跨表关联,项目台账是PPM系统里按字段筛选的项目记录,Collaboration & Productivity Software,,企业经营与战略决策、项目经理,cn-all-remaining-0841-33f3a229,
企业运营台账(CRM/合同/采购/项目/库存),27,筛选通过,3/3,2025Q4华东区销售预测、目标拆解与重点商机资源配置,CRM商机记录,搜索+筛选+导出,CRM商机快照按状态/日期/负责人筛选导出,crm,,企业经营与战略决策、销售主管,cn-all-remaining-0856-1dd34f40,
企业运营台账(CRM/合同/采购/项目/库存),28,筛选通过,3/3,重点企业客户续约风险诊断与90天挽回方案,客户合同/工单/开票记录,筛选+导出+跨表关联,CRM合同台账与服务工单可筛选导出,customer-revenue-optimization,,企业经营与战略决策、企业服务专员,cn-all-remaining-0871-83e54e58,
企业运营台账(CRM/合同/采购/项目/库存),29,筛选通过,3/3,华东区Q3销售目标分解、客户归属调整与重点商机治理,CRM商机记录,搜索+筛选+排序+导出+跨表关联,CRM商机快照，按阶段/销售可筛选,crm,,企业经营与战略决策、销售主管,cn-all-remaining-0879-9c1c7e3e,
企业运营台账(CRM/合同/采购/项目/库存),30,筛选通过,3/3,Q3多项目组合资源冲突诊断与交付重排,项目/风险台账记录,筛选+排序+导出+跨表关联,项目台账、RAID依赖类PPM工具记录,Collaboration & Productivity Software,,企业经营与战略决策、项目管理,cn-all-remaining-0881-7e2226c0,
企业运营台账(CRM/合同/采购/项目/库存),31,筛选通过,3/3,办公楼机电安装工程第6期进度款审核、变更签证与超付风险复核,计量与变更签证记录,筛选+跨表关联+导出,清单编号/日期/签字状态的造价管理记录,construction-accounting-software,,建筑、测绘与规划、工程造价人员,cn-all-remaining-0911-57247e16,
企业运营台账(CRM/合同/采购/项目/库存),32,筛选通过,3/3,薪资个税计算复核与发布封板审计,薪资记录,筛选+导出+跨表关联,"HR系统薪资台账记录,批量同构可筛选导出",payroll,,薪酬福利与税务工程,cn-all-remaining-0968-a554494c,
企业运营台账(CRM/合同/采购/项目/库存),33,筛选通过,3/3,三级医院药库效期与库存周转专项复盘、跨药房调拨及采购调整,药库库存/出库/盘点记录,搜索+筛选+导出+跨表关联,"HIS库存出库盘点记录,可查筛导出",pharmacy-inventory-management,HIS,医药卫生、药学专业人员（医院药库,cn-all-remaining-1119-5b062242,
订单/交易/支付/退款/物流流水,1,复核回收,2/3,跨服赛季排行榜结算、并列排名与幂等奖励发放,游戏赛季结算/排行榜与账本系统,,赛季积分结算对应排行榜账本后台,,,游戏与互动内容、游戏服务端开发工,cn-all-remaining-0947-03516a1f,
订单/交易/支付/退款/物流流水,2,复核回收,3/3,手游限时活动奖励发放、请求幂等与玩家经济闭环审计,游戏运营/GM账本后台,,请求日志与账本流水属运营后台数据,,,    游戏与互动内容、游戏服务,cn-all-remaining-0399-6ddf0530,
订单/交易/支付/退款/物流流水,3,复核回收,3/3,跨服公会战赛季事件流重放、排名结算与奖励补偿核验,游戏服务端GM/运营管理后台,,赛季事件流、排名与奖励账本可检索记录,,,游戏与互动内容、游戏服务端开发工,cn-all-remaining-0422-d68716cc,
订单/交易/支付/退款/物流流水,4,筛选通过,1/3,多工厂冷链医药供应网络S&OP、运输排程与韧性发布准入,预测/订单/库存/生产/运输事件记录,筛选+跨表关联+导出,题面明确称多套系统导出的事件与批次记录,sales-ops-planning,,企业经营与战略决策、物流运营,cn-all-remaining-0670-306d841f,
订单/交易/支付/退款/物流流水,5,筛选通过,2/3,核心部件停供下的多仓售后备件供应恢复计划,订单/库存/采购单/调拨记录,搜索+筛选+跨表关联+导出,ERP/WMS/TMS按单号物料查询导出的记录,supply-chain-planning,,供应链管理、售后备件计划师,cn-all-remaining-0761-75887f16,
订单/交易/支付/退款/物流流水,6,筛选通过,2/3,网约车计费核验与发布封板审计,网约车行程记录,搜索+筛选+翻页+详情展开+导出,平台订单列表，同构可按司机/时段筛选导出,ride-sharing,,网约车 / 出行,cn-all-remaining-0976-5aa6f01c,
订单/交易/支付/退款/物流流水,7,筛选通过,3/3,戴尔笔记本PMP广告投放效果复盘与优化分析,广告投放曝光点击明细记录,筛选+导出+跨表关联,投放报表按日期媒体定向素材筛选导出,demand-side-platform-dsp,,广告优化,cn-all-remaining-0005-c20d1c2e,
订单/交易/支付/退款/物流流水,8,筛选通过,3/3,匿名化产品级贸易面板上的出口管制政策评估：从缺陷原始数据到可复现的因果推断交付件,产品-流向-年贸易流水,筛选+导出+跨表关联,海关抽取的产品×年×流向面板数据,"Governance, Risk & Compliance Software",,经济学 / 国际贸易实证研究（计,cn-all-remaining-0019-034c6ce9,
订单/交易/支付/退款/物流流水,9,筛选通过,3/3,复现并审计美国交通部 2025 年 1 月航空准点率监管数据产品,航班准点率记录,搜索+筛选+导出+跨表关联,"BTS数据门户逐航班记录,可按承运人/日期查询导出",Supply Chain & Logistics Software,Bureau of Transportation Statistics (BTS),航空运营 / 监管数据工程 / ,cn-all-remaining-0296-45de6b63,
订单/交易/支付/退款/物流流水,10,筛选通过,3/3,产品共购图链接预测管道,逐条交易流水/订单记录,筛选+导出+跨表关联,同一发票下多SKU，形如订单列表可筛可导出,e-commerce,UCI Online Retail, 商品关联分析,cn-all-remaining-0351-c0f3eb29,
订单/交易/支付/退款/物流流水,11,筛选通过,3/3,多渠道订单ETL清洗、资金对账与经营日报复核,多渠道订单/支付/退款记录,筛选+导出+跨表关联,官网/App/小程序订单导出表，类似订单列表记录,omnichannel-commerce,WeChat Mini Program,信息技术与AI、大数据工程技术人,cn-all-remaining-0408-a8f2c013,
订单/交易/支付/退款/物流流水,12,筛选通过,3/3,医药冷链多仓订单履约、FEFO库存分配与N-1韧性优化,订单与批次库存,筛选+导出+跨表关联,订单批次库存记录，类仓储订单系统,inventory-management,,企业经营与战略决策、物流运营,cn-all-remaining-0420-dc253cc1,
订单/交易/支付/退款/物流流水,13,筛选通过,3/3,跨境电商多源CDC湖仓重放、SCD2与财务对账发布准入,订单/客户/支付/退款记录,搜索+筛选+导出+跨表关联,订单客户支付CDC记录可查可导出,e-commerce,,信息技术与AI、大数据工程技术人,cn-all-remaining-0438-8bd2d962,
订单/交易/支付/退款/物流流水,14,筛选通过,3/3,跨境银行卡支付生命周期回放、清算净额与流动性修复计划复核,跨境支付事件/交易记录,筛选+详情展开+导出,支付平台事件记录，含引用链和状态字段,payment-processing,,金融与证券—金融科技师,cn-all-remaining-0669-c5296d6d,
订单/交易/支付/退款/物流流水,15,筛选通过,3/3,文创品牌双11经营、投放与素材表现联合复盘,订单/退款/广告投放记录,筛选+导出+跨表关联,电商后台订单与广告平台日报记录,e-commerce-analytics,,设计、文创与媒体、电子商务数据分,cn-all-remaining-0695-73fb8b8c,
订单/交易/支付/退款/物流流水,16,筛选通过,3/3,华东仓配网络重构与2026旺季产能采购决策,发运明细记录,筛选+导出+跨表关联,实际发运单据明细，可筛选导出,freight-management,,企业经营与战略决策、物流运营管理,cn-all-remaining-0789-19e1e516,
订单/交易/支付/退款/物流流水,17,筛选通过,3/3,即时零售订单湖仓增量入仓、迟到数据回补与经营宽表重建,订单/支付/退款/配送事件记录,筛选+跨表关联+导出,多表交易事件记录，需关联去重,retail-distributed-order-management-systems,,信息技术与AI、大数据工程技术人,cn-all-remaining-0798-e29ecb95,
订单/交易/支付/退款/物流流水,18,筛选通过,3/3,证券交易监测规则季度回测、阈值校准与日终预警台账重建,委托/成交/持仓/复核记录,搜索+筛选+导出+跨表关联,逐笔委托快照、持仓、客户档案为交易监测系统可筛记录,operational-risk-management,,金融与证券、金融科技师,cn-all-remaining-0805-54b374d4,
订单/交易/支付/退款/物流流水,19,筛选通过,3/3,场外基金交易日终三方对账与异常工单生成,内部订单/TA确认/支付流水记录,搜索+筛选+跨表关联+导出,订单、TA回执、支付流水为交易结算系统可查记录,financial-reconciliation,,金融与证券、金融科技师,cn-all-remaining-0814-762c2157,
订单/交易/支付/退款/物流流水,20,筛选通过,3/3,    原创文创品牌 Q2 经营复盘与 618 投放预算重分配    ,订单/退款/流量投放记录,搜索+筛选+导出+跨表关联,多平台商家后台订单可搜索筛选导出,omnichannel-commerce,Tmall,    设计、文创与媒体、电子商,cn-all-remaining-0862-62ba3ff3,
订单/交易/支付/退款/物流流水,21,筛选通过,3/3,华东区域三仓分拨与承运商份额调整决策,逐票订单/承运商报价,筛选+导出+跨表关联,TMS逐票明细与承运商报价可查询导出,transportation-management-systems-tms,,企业经营与战略决策（物流运营）,cn-all-remaining-0868-8fb1b76d,
订单/交易/支付/退款/物流流水,22,筛选通过,3/3,2026Q4华东区域干线招标定标、运力分配与旺季保供校核,承运商报价/线路履约记录,筛选+导出+跨表关联,报价矩阵与逐周履约可查询导出核对,freight-management,,企业经营与战略决策、物流运营,cn-all-remaining-0875-4793042e,
订单/交易/支付/退款/物流流水,23,筛选通过,3/3,文创电商 618 多平台经营复盘、订单级素材归因与预算重分配,订单/退款/广告投放记录,搜索+筛选+导出+跨表关联,订单中心/售后/投放后台三套明细记录，可查可导出,e-commerce-analytics,Tmall,设计、文创与媒体、电子商务数据分,cn-all-remaining-0930-3befd0d2,
订单/交易/支付/退款/物流流水,24,筛选通过,3/3,跨境物流运费结算对账与发布封板复核,发货结算记录,筛选+导出+跨表关联,"物流系统发货订单结算记录,批量同构可筛选",cross-border-e-commerce,,跨境电商物流,cn-all-remaining-0966-56d245f7,
订单/交易/支付/退款/物流流水,25,筛选通过,3/3,电信话单(CDR)批价对账与发布封板复核,话单记录,筛选+导出+跨表关联,"计费系统话单记录,批量同构字段可筛选导出",integrated-revenue-and-customer-management-ircm-for-csps,, 计费结算工程,cn-all-remaining-0967-40ec7019,
订单/交易/支付/退款/物流流水,26,筛选通过,3/3,电力账单核验对账与发布封板审计,用电账单记录,筛选+导出+跨表关联,"电网计费系统用电账单记录,批量同构可筛选",utilities-customer-information-system-cis,,计费与电价工程,cn-all-remaining-0969-6df0820b,
订单/交易/支付/退款/物流流水,27,筛选通过,3/3,跨境电商进口税费核验对账与发布封板审计,跨境电商订单记录,筛选+导出+跨表关联,"跨境电商订单税费记录,批量同构可筛选",merchant-of-record,, 海关与税务合规,cn-all-remaining-0972-58036ef4,
招聘/公告类列表,1,复核回收,2/3,药学专业人员岗位供需、能力缺口与流动风险研究,医药行业招聘平台/人才库,,岗位记录来自招聘网站与问卷回收,,,行业研究、药学专业人员,cn-all-remaining-0324-4be0ddcf,
招聘/公告类列表,2,筛选通过,3/3,福建—重庆公立医院内科医师招聘结构与配置研究,医院内科招聘岗位公告,搜索+筛选+导出,公开招聘网站岗位样本与报名数据,job-search-sites,,医疗卫生、行业研究（内科医师人力,cn-all-remaining-0323-3f584fd1,
招聘/公告类列表,3,筛选通过,3/3,游戏测试工程师公开岗位样本清洗、能力结构分析与招聘门槛校核,公开招聘岗位页,搜索+筛选+详情展开+导出,企业官方/招聘平台岗位列表，含岗位字段可筛选查看,job-search-sites,,行业研究、游戏行业人才与岗位研究,cn-all-remaining-0397-64a67ace,
招聘/公告类列表,4,筛选通过,3/3,长三角城市更新建筑设计市场机会评估与重点客户研究,招采/政府采购项目机会公告,搜索+筛选+翻页+详情展开+导出,来自交易/采购平台的公告列表，可搜索筛选导出,procurement,,建筑设计、行业研究,cn-all-remaining-0406-6b719b00,
招聘/公告类列表,5,筛选通过,3/3,云计算工程技术人员招聘样本清洗、职业任务映射与人才画像复现审计,云计算岗位,搜索+筛选+导出,公开招聘网站岗位样本,job-search-sites,,行业研究、数字经济人才研究,cn-all-remaining-0411-51fd07e5,
招聘/公告类列表,6,筛选通过,3/3,大数据工程技术人员岗位需求复盘与2027课程调整建议,大数据工程岗位,搜索+筛选+导出,招聘渠道导出的岗位列表,job-search-sites,,行业研究、大数据工程技术人员,cn-all-remaining-0412-a20676d9,
招聘/公告类列表,7,筛选通过,3/3,中国工业设计师人才需求与设计服务机会研究,工业设计岗位与设计中心名录,搜索+筛选+导出,岗位样本及机构名录，均为可查目录,job-search-sites,,行业研究（工业设计与人才市场）,cn-all-remaining-0413-32af7365,
招聘/公告类列表,8,筛选通过,3/3,图形算法工程师人才供需、技术栈与团队建设研究,图形算法岗位,搜索+筛选+导出,招聘岗位样本，字段可筛可导,job-search-sites,,计算机软件、行业研究（图形算法工,cn-all-remaining-0415-4696e896,
招聘/公告类列表,9,筛选通过,3/3,上海绿色建筑标识服务市场与绿色建筑工程师产能研究,绿色建筑标识项目,搜索+筛选+翻页+导出,住建部门公开标识项目公示列表,CAD & PLM Software,,行业研究、绿色建筑工程,cn-all-remaining-0679-f7d822c2,
招聘/公告类列表,10,筛选通过,3/3,船舶与海洋工程师岗位需求景气度与能力结构研究,招聘岗位记录,搜索+筛选+导出,多招聘来源岗位明细，类招聘网站列表,job-search-sites,,行业研究、船舶与海洋工程师,cn-all-remaining-0680-0d7a9db2,
招聘/公告类列表,11,筛选通过,3/3,智能制造工程师招聘需求、薪酬与能力栈行业研究,招聘岗位样本记录,搜索+筛选+导出,招聘渠道抓取的岗位标题薪酬记录,job-search-sites,,行业研究、智能制造人才市场研究,cn-all-remaining-0688-8dfc0c75,
招聘/公告类列表,12,筛选通过,3/3,游戏技术美术（TA）人才市场、能力矩阵与团队配置研究,招聘岗位摘录记录,搜索+筛选+导出,多家公司岗位摘录，逐条编码可筛,job-search-sites,,商业类、行业研究分析师（游戏研发,cn-all-remaining-0689-df5209ab,
招聘/公告类列表,13,筛选通过,3/3,长三角光学工程师人才供需与岗位能力画像研究,招聘岗位/候选人记录,搜索+筛选+导出,招聘网站岗位与候选人列表按城市方向筛选,job-search-sites,,行业研究、光学工程师,cn-all-remaining-0767-325cc9a3,
招聘/公告类列表,14,筛选通过,3/3,2026Q3美国半导体工艺工程师岗位需求、技能结构与薪酬基准研究,招聘岗位/薪酬记录,搜索+筛选+导出,招聘网站岗位与薪酬库离线快照,job-search-sites,,行业研究,cn-all-remaining-0777-7fadbfc2,
招聘/公告类列表,15,筛选通过,3/3,2024Q4—2026Q2中国汽车工程师岗位需求、技能结构与人才优先级研究,招聘岗位快照,搜索+筛选+导出,直接对应招聘网站岗位列表,job-search-sites,,汽车类、行业研究,cn-all-remaining-0824-0de4494b,
招聘/公告类列表,16,筛选通过,3/3,工程造价人员供需结构、岗位能力与薪酬区间专题研究,招聘岗位,搜索+筛选+导出,公开招聘渠道岗位样本附来源URL,job-search-sites,,行业研究、建筑业专业服务研究,cn-all-remaining-0870-cba7c850,
招聘/公告类列表,17,筛选通过,3/3,装配式建筑施工员岗位需求、技能标准与培训差距研究,招聘岗位,搜索+筛选+导出,跨页面重复的公开招聘岗位原始记录,job-search-sites,,行业研究、建筑业产业工人研究,cn-all-remaining-0874-e4cb0cfa,
招聘/公告类列表,18,筛选通过,3/3,C++游戏开发工程师岗位需求、薪酬与能力结构研究,招聘岗位,搜索+筛选+详情展开+导出,岗位快照，可按公司/城市/岗位名筛选去重,job-search-sites,,行业研究、软件和信息技术服务业、,cn-all-remaining-0877-7a1ba25e,
招聘/公告类列表,19,筛选通过,3/3,游戏AI开发工程师岗位需求、薪酬与能力结构研究,招聘岗位,搜索+筛选+详情展开+导出,44条招聘页面快照，岗位记录表,job-search-sites,,行业研究、软件和信息技术服务业、,cn-all-remaining-0883-f91d65a1,
招聘/公告类列表,20,筛选通过,3/3,游戏技术美术（TA）人才需求、能力缺口与团队编制研究,招聘岗位,搜索+筛选+翻页+导出,冻结招聘样本源自招聘网站岗位列表,job-search-sites,,游戏与互动内容、行业研究（游戏技,cn-all-remaining-0937-6374de20,
招聘/公告类列表,21,筛选通过,3/3,六城市平面设计师岗位需求、薪酬与技能结构行业研究,招聘网站岗位快照,搜索+筛选+详情展开+导出,招聘页面岗位记录，字段可筛选,job-search-sites,,设计、文创与媒体-平面设计师,cn-all-remaining-0958-a386a245,
招聘/公告类列表,22,筛选通过,3/3,工程项目经理公开招聘样本清洗、任职门槛与能力模型研究,公开招聘公告样本,搜索+筛选+详情展开+导出,招聘公告逐条岗位记录可筛选,job-search-sites,,行业研究、工程建设项目管理,cn-all-remaining-0960-fd36102b,
招聘/公告类列表,23,筛选通过,3/3,生物信息学工程师人才供需、技能栈与招聘策略研究,招聘岗位,搜索+筛选+导出,岗位、公司、薪资、城市等招聘网站岗位列表,job-search-sites,,行业研究（生物信息学工程师人才市,cn-all-remaining-1101-68974701,
招聘/公告类列表,24,筛选通过,3/3,药物研发科学家人才供需、技能结构与团队配置研究,招聘岗位与候选人档案,搜索+筛选+导出,岗位、候选人、面试记录形态同招聘网站/ATS列表,talent-acquisition-suites,,行业研究（药物研发科学家人才与研,cn-all-remaining-1104-be743d3f,
招聘/公告类列表,25,筛选通过,3/3,平面设计师人才需求、技能结构与品牌视觉服务机会研究,招聘岗位/客户线索记录,搜索+筛选+导出,"岗位与客户线索列表,可筛选导出",staffing,,行业研究（平面设计与创意人才市场,cn-all-remaining-1128-a9104579,
招聘/公告类列表,26,筛选通过,3/3,智慧城市工程技术人才需求、技能结构与智慧城市项目机会研究,智慧城市岗位与项目机会记录,搜索+筛选+翻页+详情展开+导出,岗位与项目机会台账为同构记录表，可按字段筛选去重,staffing,,行业研究（智慧城市与数字政府工程,cn-all-remaining-1129-a5a00495,
招聘/公告类列表,27,筛选通过,3/3,Unity开发工程师人才供需、技术栈与团队配置研究,Unity岗位记录,搜索+筛选+翻页+详情展开+导出,292条岗位记录含城市薪资技术栈字段，可筛选,job-search-sites,,计算机软件、行业研究（Unity,cn-all-remaining-1130-de532a93,
设备/资产台账+维护记录,1,复核回收,1/3,Utah FORGE 78B-32井轨迹校正的FMI裂缝组系、P10强度与裂缝走廊联合解释,Utah FORGE GDR,,78B-32测斜与FMI测井数据来自FORGE数据门户,,Utah FORGE,固体地球物理,cn-all-remaining-0308-1be316f2,
设备/资产台账+维护记录,2,复核回收,3/3,工业物联网边缘网关消息幂等、离线补传与OTA灰度发布审计,阿里云IoT/AWS IoT Core类设备管理后台,,设备消息日志与OTA灰度发布可检索记录,,,信息技术与AI,cn-all-remaining-0409-6a7bb0d1,
设备/资产台账+维护记录,3,复核回收,3/3,    18号楼7层预制构件吊装、灌浆与质量闭环施工策划    ,广联达/装配式构件跟踪管理系统类,,构件台账吊装记录可建项目管理后台,,,    房地产、租赁与物业   ,cn-all-remaining-0882-fda27236,
设备/资产台账+维护记录,4,复核回收,3/3,EIA-860 California and Texas generator transition and ownership audit,EIA (U.S. Energy Information Administration),,原文点名EIA Form 860数据集,,EIA Form 860 (Annual Electric Generator Report),Electric power a,cn-all-remaining-1220-8b5989c4,
设备/资产台账+维护记录,5,复核回收,3/3,FHWA 国家隧道检查合规与年度资产生命周期审计,FHWA National Tunnel Inventory,,按州/年度检索的联邦隧道资产清单网站,,FHWA National Tunnel Inventory,交通基础设施 / 国家隧道检查 ,cn-all-remaining-1265-1a7bc99d,
设备/资产台账+维护记录,6,筛选通过,1/3,5G园区网络MR/路测/告警融合、覆盖容量与参数优化复核,小区MR/告警/邻区记录,筛选+详情展开+导出+跨表关联,小区级KPI告警表可筛选导出,IT Infrastructure Software,,工程类—通信工程师,cn-all-remaining-0442-86e060cb,
设备/资产台账+维护记录,7,筛选通过,2/3,雨水管道增容改造设计与工程费优化,雨水管网检查井/管段台账记录,搜索+筛选+详情展开+导出,"管段逐行台账,含井号/高程/管径/流量等可筛字段",civil-engineering-design,,建筑、测绘与规划,cn-all-remaining-0457-b003c365,
设备/资产台账+维护记录,8,筛选通过,2/3,构建 EPA GHGRP California 2023 设施排放跨源审计产品,设施-子部-气体排放明细,筛选+导出+跨表关联,EPA GHGRP数据门户可按州/年份/子部查询下载设施记录,carbon-accounting,EPA (U.S. Environmental Protection Agency) GHGRP,环境合规 / 温室气体申报数据工,cn-all-remaining-0515-6253a2c7,
设备/资产台账+维护记录,9,筛选通过,2/3,构建 BSEE 2024 海上设施事故、调查与检查执法连续性审计,海上设施事故/调查/检查/INC执法记录,搜索+筛选+跨表关联+导出,BSEE事故/检查/执法为可查询合规记录库,"Governance, Risk & Compliance Software",Bureau of Safety and Environmental Enforcement (BSEE),能源与海上安全监管 / 法规数据,cn-all-remaining-0650-3d91eb5e,
设备/资产台账+维护记录,10,筛选通过,2/3,保障性租赁住房多源运营风险排查与物业整改闭环,房源/租约/门禁/水电/工单/巡检记录,搜索+筛选+跨表关联+导出,多个运营系统的房源合同门禁工单台账记录,property-management,,房地产、租赁与物业、智慧城市管理,cn-all-remaining-0808-c3e94902,
设备/资产台账+维护记录,11,筛选通过,2/3,2024—2025 新房交付查验咨询服务质量、缺陷结构与报价研究,房源问题/复验/报价记录,筛选+导出+跨表关联,带记录编号的问题台账与报价样本可查询,home-inspection,,行业研究、房屋查验咨询服务,cn-all-remaining-0872-cbef5357,
设备/资产台账+维护记录,12,筛选通过,2/3,NRC 2024 年 5 月核电机组事件通知、监管时限与运行状态联动审计,事件通知与机组运行状态记录,搜索+筛选+详情展开+跨表关联,NRC按日期/机组查询事件与运行状态,"Governance, Risk & Compliance Software",Nuclear Regulatory Commission (NRC),核能监管 / 核电运行监督 / ,cn-all-remaining-1092-7a4f421f,
设备/资产台账+维护记录,13,筛选通过,2/3,FHWA Delaware Bridge Element Condition Reconciliation,NBI桥梁与构件状态记录,搜索+筛选+导出+跨表关联,FHWA桥梁清单为按州/桥ID可查数据门户,public-works,Federal Highway Administration,交通基础设施 / 桥梁资产管理 ,cn-all-remaining-1161-7adde7ff,
设备/资产台账+维护记录,14,筛选通过,3/3,构建 MTA 地铁无障碍资产与站点运维审计数据产品,地铁站点复合体/出入口/电梯扶梯资产及可用率记录,搜索+筛选+导出+跨表关联,"MTA开放数据门户,资产可筛选导出",Supply Chain & Logistics Software,Metropolitan Transportation Authority (MTA),公共交通 / 资产数据工程 / ,cn-all-remaining-0241-a840346d,
设备/资产台账+维护记录,15,筛选通过,3/3,服务器列表起始端口异步展示：缓存与源值一致性核验,服务器列表(含起始端口列),筛选+翻页+详情展开,"运维平台服务器列表,异步列展示典型UI",server-monitoring,,运维平台,cn-all-remaining-0616-04e64d59,
设备/资产台账+维护记录,16,筛选通过,3/3,构建 EIA Texas 2024 发电机生命周期与运营对账审计产品,发电机资产记录,搜索+筛选+跨表关联+导出,EIA统计门户，可按年份/州查询发电机记录,energy-management,EIA Form 860,能源监管 / 电力资产与运营数据,cn-all-remaining-0638-0c7751f3,
设备/资产台账+维护记录,17,筛选通过,3/3,构建 EIA-EPA 2023 发电机发电量重建与 eGRID 跨机构审计数据产品,发电机与发电量记录,搜索+筛选+跨表关联+导出,EIA/eGRID统计门户，发电机记录可查询下载,energy-management,EIA Form 860,数据工程 / 能源监管数据 / ,cn-all-remaining-0639-858c15f4,
设备/资产台账+维护记录,18,筛选通过,3/3,构建纽约州活动桥法规运营日历与联邦—州资产对账数据产品,活动桥资产记录,搜索+筛选+跨表关联+导出,NBI/州桥梁清单为可查询的资产记录,public-works,33 CFR Part 117,交通基础设施 / 海事运营合规 ,cn-all-remaining-0643-75f76d95,
设备/资产台账+维护记录,19,筛选通过,3/3,构建 FRA Cook County 道口生命周期、事故时点与 ENS 监管审计数据产品,铁路道口清单与事故记录,搜索+筛选+详情展开+跨表关联+导出,FRA Form71道口清单与Form57事故可查询导出,"Governance, Risk & Compliance Software",Federal Railroad Administration,数据科学,cn-all-remaining-0651-88bde7d0,
设备/资产台账+维护记录,20,筛选通过,3/3,零售订单平台跨可用区容灾架构评审与迁移规划,组件资产与依赖/事故记录,筛选+导出+跨表关联,类CMDB资产清单与事故工单记录,enterprise-architecture-tools,,信息技术与AI、数字技术架构师,cn-all-remaining-0676-ae727883,
设备/资产台账+维护记录,21,筛选通过,3/3,多云身份权限漂移、攻击路径与零信任发布准入评估,IAM绑定/资源清单/审计事件,筛选+详情展开+跨表关联+导出,身份权限、资源清单为云控制台可查记录,cloud-infrastructure-entitlement-management-ciem,,信息技术与AI—信息安全测试员,cn-all-remaining-0697-38acd0ca,
设备/资产台账+维护记录,22,筛选通过,3/3,5G SA 同频邻区审计、切换参数优化与离线回放验证,小区工程参数与邻区关系,筛选+导出+跨表关联,OSS导出的小区/邻区/KPI批量同构记录表,IT Infrastructure Software,,工程类、通信工程师,cn-all-remaining-0737-64725a3f,
设备/资产台账+维护记录,23,筛选通过,3/3,道路智慧照明台账清洗、回路拓扑核查与节能改造优先级编制,照明资产台账记录,筛选+排序+导出+跨表关联,三系统拼接的534行资产台账,iot-device-management-platforms,,建筑、测绘与规划；智慧城市工程技,cn-all-remaining-0782-40b4e001,
设备/资产台账+维护记录,24,筛选通过,3/3,工业伺服驱动器直流母线电容现场可靠性与加速寿命联合评估,装机台账与返修工单记录,筛选+导出+跨表关联,装机暴露台账+现场返修类工单表,Customer Service Software,,工程类、可靠性工程师,cn-all-remaining-0786-4163d316,
设备/资产台账+维护记录,25,筛选通过,3/3,3#楼4层PC构件进场判定、吊装日计划及安装质量闭环,PC构件进场/安装台账,筛选+详情展开+导出+跨表关联,构件编号台账按进场状态、安装顺序可筛选查询,construction-management,,房地产、租赁与物业、装配式建筑施,cn-all-remaining-0813-0f341d0c,
,1,复核回收,2/3,桑基图+气泡图展示富集分析结果,DAVID/Metascape/KOBAS等基因功能富集分析网站,,df/Enrichment为基因-通路富集结果表,,,生物信息学,cn-all-remaining-0333-8f712f0a,
,2,复核回收,2/3,城市文化项目深度稿编校与多平台发布包,报名签到CMS+公众号后台类系统,,"报名签到+图库版权,似活动管理平台",,,设计、文创与媒体、新媒体编辑,cn-all-remaining-0684-33435d87,
,3,复核回收,2/3,L03旧水厂M1测试复盘与M2灰盒调优,游戏关卡评审/数值配置后台,,关卡测试漏斗与节点配置评审数据,,,游戏研发、关卡策划,cn-all-remaining-0713-394ca2bb,
,4,复核回收,2/3,整数链复形同调群计算与 Smith 标准形审计,Matrix Market,,题目点名Matrix Market矩阵仓库网站,,Matrix Market,科学类、数学家,cn-all-remaining-0840-777d7230,
,5,复核回收,2/3,工业自动化公司三季报跟踪、盈利预测更新与估值复核,Wind/东方财富Choice类金融数据终端,,分部财务估值数据类似金融终端查询,,,行业研究、证券投资专业人员,cn-all-remaining-0869-a86563df,
,6,复核回收,3/3,旧工业遗存城市更新改造项目综合策划与方案论证,住建部政策文件库/国家标准全文公开系统,,输入为政府规范与政策公开文件,,,建筑设计,cn-all-remaining-0004-4cdb03e3,
,7,复核回收,3/3,financial_report_risk_warning,上市公司信息披露平台(巨潮资讯网/SEC EDGAR),,财报原文源自信息披露检索网站,,,量化金融,cn-all-remaining-0009-3a0514d6,
,8,复核回收,3/3,钢铁表面缺陷检测与质量评估,Severstal Steel Defect Detection (Kaggle),,原文点名Kaggle公开数据集,,Severstal Steel Defect Detection,工业质检、机器视觉、表面缺陷检测,cn-all-remaining-0017-e3ac6e4a,
,9,复核回收,3/3,Monaco OSM 矢量瓦片管道,Geofabrik,,地区列表+.osm.pbf提取文件下载页,,Geofabrik,地理信息系统,cn-all-remaining-0030-349ac3ae,
,10,复核回收,3/3,国内与国际危险品运输规则协同分析,国家法规数据库/IMDG规则门户,,危化品安全法与IMDG修正案为规则检索对象,,,物流运营,cn-all-remaining-0035-880f8bef,
,11,复核回收,3/3,OTTO 电商会话 next-click 推荐,OTTO Recommender Systems Dataset (GitHub/Kaggle),,GitHub仓库+Kaggle页面提供数据集列表与说明,,OTTO Recommender Systems Dataset,电商与推荐系统,cn-all-remaining-0064-f465db7b,
,12,复核回收,3/3,Adult Census 表格数据质量审计,UCI ML Repository (Adult Census Income),,UCI数据集详情页含说明/变量表/许可/下载,,Adult Census Income,数据工程与数据治理,cn-all-remaining-0068-c81cc32b,
,13,复核回收,3/3,电商会话级 Top-K 召回管道,GitHub/Kaggle (OTTO Recsys Dataset),,GitHub仓库页+Kaggle竞赛页托管数据集,,OTTO Recommender Systems Dataset,推荐系统,cn-all-remaining-0071-37996442,
,14,复核回收,3/3,银行定期存款订阅预测管道,UCI Machine Learning Repository,,UCI数据集详情页含说明变量表许可下载,,Bank Marketing,数据科学,cn-all-remaining-0073-452b7fbc,
,15,复核回收,3/3,FD001 涡扇发动机剩余寿命(RUL)预测管道,NASA Open Data Portal (data.nasa.gov),,data.nasa.gov数据集页含说明与下载链接,,NASA C-MAPSS,工业 4.0 与预测性维护,cn-all-remaining-0074-d8d19fe8,
,16,复核回收,3/3,AG News 新闻主题文本分类管道,HuggingFace Datasets,,AG News由HuggingFace等仓库默认托管,,AG News,NLP 与文本智能,cn-all-remaining-0075-d8b42022,
,17,复核回收,3/3,20 Newsgroups 多类文本分类管道,figshare,,20 Newsgroups经figshare托管附CC-BY许可,,20 Newsgroups,NLP 与文本智能,cn-all-remaining-0076-9295b271,
,18,复核回收,3/3,网络入侵检测处理管道,UNSW-NB15 (研究机构/GitHub镜像),,GitHub镜像托管CSV特征文件与字典,,UNSW-NB15,网络安全,cn-all-remaining-0079-687957c7,
,19,复核回收,3/3,面向计算材料物理的 MEGNet 预训练推理与论文复现边界审计,QM9 (Quantum Machine分子数据集),,"点名QM9分子数据集,有下载仓库网站",,QM9,物理学家,cn-all-remaining-0103-2b1a2190,
,20,复核回收,3/3,中国微水洗澡机行业研究与商业化方案,艾瑞咨询/头豹研究院等行业报告库及电商评价平台,,市场数据溯源自行业报告与电商评价网站,,,行业研究,cn-all-remaining-0114-a85885be,
,21,复核回收,3/3,Utah FORGE 井轨迹与压裂微震几何下载、清洗及三维可视化,Utah FORGE GDR,,原文点名GDR门户，井位列表+文件下载+元数据页,,Utah FORGE,科学类、地球科学研究人员,cn-all-remaining-0119-59547d3b,
,22,复核回收,3/3,Utah FORGE公开数据下载、三维速度模型重建与可视化,Utah FORGE GDR,,原文点名GDR，公开索引/井位/微震目录下载页,,Utah FORGE,科学类、地球科学研究人员,cn-all-remaining-0122-af317fbc,
,23,复核回收,3/3,人体活动识别管道,UCI Machine Learning Repository,,原文点名UCI数据集页，变量表+train/test下载,,UCI Human Activity Recognition Using Smartphones,嵌入式 ML ,cn-all-remaining-0132-a04b6dbd,
工单/缺陷/客服/审批跟踪,1,复核回收,2/3,服务小程序适老化无障碍验收,国家标准/法规政策公开检索平台,,输入为GB标准与法规政策全文,,,计算机软件测试员,cn-all-remaining-0044-cf1dd46c,
工单/缺陷/客服/审批跟踪,2,复核回收,2/3,版本封板前的战斗系统自动化回归,游戏战斗自动化测试/结算后台,,角色技能配置与自动化回归运行日志,,,    游戏与互动内容、游戏自动,cn-all-remaining-0326-9882d4ca,
工单/缺陷/客服/审批跟踪,3,复核回收,2/3,供应商协同平台 Web/API 安全测试与整改复测,企业供应商协同SaaS(类SRM审批平台),,"OpenAPI+角色审批,即Web协同平台",,,信息技术与AI、信息安全测试,cn-all-remaining-0672-1ff18f83,
工单/缺陷/客服/审批跟踪,4,复核回收,2/3,压片工序清场SOP部门修订稿独立QA审核与生效准备,企业质量管理系统(QMS)文件控制平台,,SOP版本/变更/偏差可用QMS网站管理,,,医疗卫生、药品生产质量管理（文件,cn-all-remaining-0838-bb9d337f,
工单/缺陷/客服/审批跟踪,5,复核回收,3/3,手游战斗结算规则回归、缺陷定位与自动化发布门槛核验    ,手游战斗数值/自动化测试配置后台,,角色技能配置、用例索引与运行日志,,,游戏与互动内容、战斗系统测试,cn-all-remaining-0271-7788ccc0,
工单/缺陷/客服/审批跟踪,6,复核回收,3/3,    企业客户门户API授权边界、网关控制与修复回归复核    ,类似Burp Suite Enterprise/Qualys WAS漏洞管理平台,,网关WAF扫描器日志可建安全管理后台,,,    信息技术与AI、信息安全,cn-all-remaining-0880-49ec35b4,
工单/缺陷/客服/审批跟踪,7,筛选通过,2/3,精装住宅交付前全屋查验、缺陷分级与修缮费用测算,现场查验点位记录,筛选+详情展开+导出,64条带点位的查验记录表,home-inspection,,房地产、租赁与物业、房屋查验咨询,cn-all-remaining-0791-05e9ca07,
工单/缺陷/客服/审批跟踪,8,筛选通过,3/3,游戏工程自动化回归测试用例梳理,手工测试缺陷工单,筛选+排序+导出,缺陷台账即缺陷跟踪系统的工单列表,bug-tracking,,    游戏自动化测试工程师,cn-all-remaining-0223-6433ad04,
工单/缺陷/客服/审批跟踪,9,筛选通过,3/3,    精装修住宅交付查验缺陷分级、整改闭环与交付判定    ,住宅查验与缺陷记录,筛选+详情展开+导出,按房号/检查项记录，类工单跟踪系统,home-inspection,,    房地产、租赁与物业—房屋,cn-all-remaining-0417-e46ae306,
工单/缺陷/客服/审批跟踪,10,筛选通过,3/3,方案联审列表状态与年份排序,方案联审记录,筛选+排序+导出,项目含状态年份编号，类工单列表可排序,Collaboration & Productivity Software,,项目流程管理,cn-all-remaining-0495-5d0e7157,
工单/缺陷/客服/审批跟踪,11,筛选通过,3/3,画中画视频服务配置收敛,视频生成请求/任务,搜索+筛选+排序+详情展开,含prompt/状态/轮询，似生成任务控制台,synthetic-media,,视频生成服务,cn-all-remaining-0570-aca01108,
工单/缺陷/客服/审批跟踪,12,筛选通过,3/3,工单分析表结构与查询索引落地,工单/工作项记录,搜索+筛选+排序+导出,id/name/value字段，典型工单表结构,help-desk,,企业工单系统,cn-all-remaining-0572-5e9cacdd,
工单/缺陷/客服/审批跟踪,13,筛选通过,3/3,工单投影查询语义与索引清理,工单,搜索+筛选+排序+导出,工单跟踪系统按状态查询、排序、限量返回,help-desk,,后端数据服务,cn-all-remaining-0578-e86fdf1b,
工单/缺陷/客服/审批跟踪,14,筛选通过,3/3,质量问题类型归纳与避免措施表：文档证据排序与截取,质量问题/缺陷工单,筛选+排序+导出,问题跟踪表即缺陷工单列表，可按模块筛选归纳,quality-management-qms,,质量管理,cn-all-remaining-0588-2b3a5bb1,
工单/缺陷/客服/审批跟踪,15,筛选通过,3/3,维修工单人员名称补全：状态迁移合同核验,维修工单,搜索+筛选+详情展开,工单列表/详情字段来源，用户服务补全姓名,field-service-management,,企业后端服务,cn-all-remaining-0606-2a5f0d02,
工单/缺陷/客服/审批跟踪,16,筛选通过,3/3,工单查询语句与索引收紧：检索分页与越界诊断,工单查询结果记录,搜索+筛选+翻页,"工单服务检索分页,典型工单列表数据",help-desk,,后端服务,cn-all-remaining-0618-a217bf7e,
工单/缺陷/客服/审批跟踪,17,筛选通过,3/3,衡云费控移动端差旅报销关键流程体验整改,客服工单与会话漏斗记录,筛选+详情展开+导出,42条工单与逐会话漏斗数据来自客服/埋点系统,Customer Service Software,,设计、文创与媒体、用户体验设计师,cn-all-remaining-0682-ffc004ef,
工单/缺陷/客服/审批跟踪,18,筛选通过,3/3,企业客户门户API授权边界、网关控制与修复回归复核,安全测试发现与整改工单,搜索+筛选+导出+跨表关联,扫描/网关/工单均为可筛选记录,api-security,OpenAPI Specification,信息技术与AI、信息安全测试员,cn-all-remaining-0945-63165974,
工单/缺陷/客服/审批跟踪,19,筛选通过,3/3,多渠道客服意图路由模型灰度上线准入复核与人工兜底策略评审,客服工单/会话记录,搜索+筛选+导出,多渠道客服平台会话/工单，类工单跟踪系统,customer-service-automation,,数据科学、AI算法科学家,cn-all-remaining-1123-2b49c9e3,
地区×年份统计矩阵,1,复核回收,2/3,商业车险责任险2007年准备金行业基准复核,NAIC Schedule P (CAS),,来自NAIC Schedule P官方数据集,,NAIC Schedule P,行业研究、精算师,cn-all-remaining-0867-2acdfc1e,
地区×年份统计矩阵,2,复核回收,3/3,张掖市两期乡镇耕地质量指数PCA标定可比性与障碍因子转移审计,耕地质量评价数据平台(农业农村/自然资源系统),,县域乡镇耕地质量指标可查询汇总数据,,,农业科学、土地资源管理与多指标评,cn-all-remaining-0320-d8bc55d2,
地区×年份统计矩阵,3,筛选通过,3/3,三维条带图,地区-年份城镇化指标数据,筛选+导出,地区×年份×单指标矩阵，似统计门户查询导出,Analytics Tools & Software,,数据可视化与三维图形,cn-all-remaining-1204-d018a431,
地区×年份统计矩阵,4,筛选通过,3/3,三维锥形曲线图,地区-年份城镇化指标数据,筛选+导出,同1203，地区×年份指标矩阵似门户导出,Analytics Tools & Software,,数据可视化与三维图形,cn-all-remaining-1208-999d7a75,
地区×年份统计矩阵,5,筛选通过,3/3,三维带状图绘制,分地区年度城镇化指标记录,筛选+导出,年份×地区指标矩阵，典型统计年鉴门户可查询下载形态,Analytics Tools & Software,,统计可视化,cn-all-remaining-1248-a8692605,
电商/社媒/内容浏览页,1,筛选通过,2/3,Steam 英文游戏名到国区官方中文名批量匹配与审核工具,Steam游戏商店页面,搜索+详情展开+跨表关联,Steam商店可搜索的游戏目录页面,marketplace,Steam,Steam 游戏、本地化数据治理,cn-all-remaining-0070-65ebea1e,
电商/社媒/内容浏览页,2,筛选通过,3/3,2023—2025 中国宠物食品行业、竞品与小红书营销研究,淘宝/抖音商品页与小红书笔记,搜索+筛选+翻页+详情展开,竞品SKU与笔记需在电商/社媒多记录页面查找取证,marketplace,Taobao,宠物类、行业研究,cn-all-remaining-0043-bf5fc64f,
电商/社媒/内容浏览页,3,筛选通过,3/3,评论列表与管理操作页,评论记录,搜索+筛选+翻页+排序,评论区带点赞分页删除，典型网页列表,commenting-systems,,Web应用,cn-all-remaining-0524-a56ec68a,
电商/社媒/内容浏览页,4,筛选通过,3/3,批量促销页不可编辑折扣分流,促销页商品折扣记录,筛选+翻页+详情展开,促销页商品折扣类目，类商品清单,e-merchandising,,电商运营工具,cn-all-remaining-0525-220a5eb2,
其他,1,复核回收,1/3,星屿商城移动端换货流程诊断、高保真改版与可用性验证设计,神策数据/Amplitude类产品分析平台,,转化漏斗与工单数据来自产品分析后台,,,设计、文创与媒体、用户体验设计师,cn-all-remaining-0790-ca61bdb0,
其他,2,复核回收,1/3,Kubernetes metrics-server release manifest semantic consistency audit,GitHub,,原文点名GitHub Releases,,GitHub,Cloud-native rel,cn-all-remaining-1226-dee9d6cd,
