品类,中文,参照产品,族内序号,一致度,另一票,任务名,判据,形态族,记录/来源,原文点名,行业,custom_id,我的判断
dataset-repository,公开数据集仓库,UCI ML Repository / Zenodo,1,2/2,,Zenodo、DataCite 与 Software Heritage 科研软件发布谱系审计,Zenodo发布版本谱系,可检索档案库+详情页,科研软件发布版本记录,Zenodo,科研软件工程 / 学术元数据 /,cn-all-remaining-1187-c0c21c44,
dataset-repository,公开数据集仓库,UCI ML Repository / Zenodo,2,2/2,,电力系统稳定性预测管道,UCI 数据集详情页,数据集/资料仓库详情页,UCI ML Repository（Electrical Grid Stability Simulated Data）,Electrical Grid Stability Simulated Data Set, 电力工程,cn-all-remaining-0134-cd25fa80,
dataset-repository,公开数据集仓库,UCI ML Repository / Zenodo,3,2/2,,MNIST 手写数字识别管道,MNIST 标准数据集,数据集/资料仓库详情页,MNIST（LeCun/Cortes 官方数据集页）,MNIST,图像识别,cn-all-remaining-0136-025708d5,
dataset-repository,公开数据集仓库,UCI ML Repository / Zenodo,4,2/2,,森林覆盖类型预测管道,UCI Covertype 数据集,数据集/资料仓库详情页,UCI ML Repository（Covertype）,UCI Covertype,遥感,cn-all-remaining-0138-69bd676c,
dataset-repository,公开数据集仓库,UCI ML Repository / Zenodo,5,2/2,,银行营销订阅预测管道,UCI Bank Marketing 数据集,数据集/资料仓库详情页,UCI ML Repository（Bank Marketing）,UCI Bank Marketing, 营销分析,cn-all-remaining-0139-9b7aa92c,
dataset-repository,公开数据集仓库,UCI ML Repository / Zenodo,6,2/2,,德国逐小时电力负荷预测管道,OPSD 数据包仓库,数据集/资料仓库详情页,Open Power System Data,Open Power System Data,电力系统与负荷预测,cn-all-remaining-0142-0a9b052b,
dataset-repository,公开数据集仓库,UCI ML Repository / Zenodo,7,2/2,,Fashion-MNIST 服装图像分类管道,Fashion-MNIST 数据集,数据集/资料仓库详情页,Fashion-MNIST（Zalando Research）,Fashion-MNIST,计算机视觉,cn-all-remaining-0143-17a50046,
dataset-repository,公开数据集仓库,UCI ML Repository / Zenodo,8,2/2,,超导临界温度回归预测管道,UCI 超导数据集,数据集/资料仓库详情页,UCI ML Repository（Superconductivity Data）,UCI Superconductivity Data,计算材料学,cn-all-remaining-0146-83026528,
dataset-repository,公开数据集仓库,UCI ML Repository / Zenodo,9,2/2,,人类活动识别(HAR)分类管道,UCI HAR 数据集,数据集/资料仓库详情页,UCI Machine Learning Repository,UCI Human Activity Recognition Using Smartphones,可穿戴健康监测,cn-all-remaining-0149-4942e976,
dataset-repository,公开数据集仓库,UCI ML Repository / Zenodo,10,2/2,,北京 PM2.5 浓度回归预测管道,UCI PM2.5 数据集,数据集/资料仓库详情页,UCI Machine Learning Repository,UCI Beijing PM2.5, 空气质量监测,cn-all-remaining-0152-263ab951,
dataset-repository,公开数据集仓库,UCI ML Repository / Zenodo,11,2/2,,Adult Census 表格数据质量审计,UCI公开表格数据集,数据集/资料仓库详情页,UCI ML Repository (Adult Census),Adult Census Income,数据工程与数据治理,cn-all-remaining-0159-fc7402fc,
dataset-repository,公开数据集仓库,UCI ML Repository / Zenodo,12,2/2,,Fashion-MNIST 衣物图像十分类,Fashion-MNIST基准集,数据集/资料仓库详情页,Fashion-MNIST (Zalando Research),Fashion-MNIST,计算机视觉与机器学习,cn-all-remaining-0161-5575a6fd,
dataset-repository,公开数据集仓库,UCI ML Repository / Zenodo,13,2/2,,加州房价回归预测,加州房价基准数据集,数据集/资料仓库详情页,California Housing (StatLib/sklearn镜像),California Housing, 数据科学与机器学习,cn-all-remaining-0164-ac08314c,
dataset-repository,公开数据集仓库,UCI ML Repository / Zenodo,14,2/2,,MNIST 数字无监督聚类,MNIST基准数据集,数据集/资料仓库详情页,MNIST (OpenML mnist_784),MNIST,机器学习,cn-all-remaining-0167-883d33da,
dataset-repository,公开数据集仓库,UCI ML Repository / Zenodo,15,2/2,,AG News 新闻主题建模,AG News基准数据集,数据集/资料仓库详情页,AG News,AG News,NLP 与无监督文本分析,cn-all-remaining-0168-382cfa9c,
dataset-repository,公开数据集仓库,UCI ML Repository / Zenodo,16,2/2,,基于Cora的引文网络链接预测,Cora引文网络数据集,数据集/资料仓库详情页,Cora citation network (PyG/LINQS托管),Cora citation network dataset,图分析与数据科学,cn-all-remaining-0169-866f3425,
dataset-repository,公开数据集仓库,UCI ML Repository / Zenodo,17,2/2,,NASA C-MAPSS 涡扇发动机 RUL 预测,NASA仿真基准数据集,数据集/资料仓库详情页,NASA C-MAPSS (GitHub镜像),NASA C-MAPSS,预测性维护与可靠性工程,cn-all-remaining-0171-e39ad0aa,
dataset-repository,公开数据集仓库,UCI ML Repository / Zenodo,18,2/2,,共享单车逐时需求回归预测,UCI共享单车数据集,数据集/资料仓库详情页,UCI Bike Sharing Dataset,UCI Bike Sharing Dataset,数据科学与预测分析,cn-all-remaining-0173-475052f5,
dataset-repository,公开数据集仓库,UCI ML Repository / Zenodo,19,2/2,,滚动轴承振动故障诊断,CWRU轴承基准数据集,数据集/资料仓库详情页,CWRU Bearing Data Center,CWRU Bearing Dataset (Case Western Reserve University Bearing Data Center),可靠性与预测性维护,cn-all-remaining-0174-9d91f75b,
dataset-repository,公开数据集仓库,UCI ML Repository / Zenodo,20,2/2,,塞浦路斯逐小时电力负荷预测管道,OPSD版本化数据包,时序监测点/日志事件记录,Open Power System Data (time_series),Open Power System Data,电力,cn-all-remaining-0273-cd6dd51a,
dataset-repository,公开数据集仓库,UCI ML Repository / Zenodo,21,2/2,,意大利逐小时电力负荷预测管道,同OPSD电力数据包,时序监测点/日志事件记录,Open Power System Data (time_series),Open Power System Data,电力,cn-all-remaining-0274-baf882d4,
dataset-repository,公开数据集仓库,UCI ML Repository / Zenodo,22,2/2,,Metro 州际公路交通量递归多步预测管道,UCI仓库直接命中,时序监测点/日志事件记录,UCI Machine Learning Repository,Metro Interstate Traffic Volume,智能运输系统,cn-all-remaining-0275-5e80942a,
dataset-repository,公开数据集仓库,UCI ML Repository / Zenodo,23,2/2,,工业泵阀信号故障类型分类管道,SKAB基准数据集,时序监测点/日志事件记录,SKAB (GitHub),SKAB (Skoltech Anomaly Benchmark),工业预测性维护,cn-all-remaining-0277-aba735f6,
dataset-repository,公开数据集仓库,UCI ML Repository / Zenodo,24,2/2,,社交图链路预测,SNAP图数据集详情页,数据集/资料仓库详情页,SNAP (Twitch Gamers Social Network),Twitch Gamers Social Network,信息技术,cn-all-remaining-0282-dc05cea5,
dataset-repository,公开数据集仓库,UCI ML Repository / Zenodo,25,2/2,,FORGE 16A(78)-32 压裂微震监测三维数据集成与高质量图件绘制,FORGE GDR多源数据集,主体档案+关联事件时间线,Utah FORGE GDR,Utah FORGE,地球科学,cn-all-remaining-0306-324b959e,
dataset-repository,公开数据集仓库,UCI ML Repository / Zenodo,26,2/2,,Utah FORGE 78B-32井轨迹校正的FMI裂缝组系、P10强度与裂缝走廊联合解释,GDR测井裂缝数据,设备/资产台账+维护记录,Utah FORGE GDR,Utah FORGE,固体地球物理,cn-all-remaining-0308-1be316f2,
dataset-repository,公开数据集仓库,UCI ML Repository / Zenodo,27,2/2,,Buchwald-Hartwig 反应条件数据的可复算审计,HTE反应产率数据集,单表统计/观测数据下载门户,公开高通量反应产率数据集(Buchwald-Hartwig HTE),,化学信息学、实验数据质量审计与研,cn-all-remaining-0315-288a70d1,
dataset-repository,公开数据集仓库,UCI ML Repository / Zenodo,28,2/2,,零售客户复购预测管道,UCI公开数据集原文点名,主体档案+关联事件时间线,UCI Machine Learning Repository,UCI Machine Learning Repository,商业分析,cn-all-remaining-0345-a6224347,
dataset-repository,公开数据集仓库,UCI ML Repository / Zenodo,29,2/2,,CWRU 轴承故障诊断·跨工况泛化,CWRU公开数据集原文点名,单表统计/观测数据下载门户,CWRU Bearing Data Center,CWRU Bearing Dataset (Case Western Reserve University Bearing Data Center),振动数据分析,cn-all-remaining-0354-08d6b573,
dataset-repository,公开数据集仓库,UCI ML Repository / Zenodo,30,2/3,,整数链复形同调群计算与 Smith 标准形审计,Matrix Market矩阵集合,,Matrix Market,Matrix Market,科学类、数学家,cn-all-remaining-0840-777d7230,
dataset-repository,公开数据集仓库,UCI ML Repository / Zenodo,31,2/3,process-historian,工业泵阀多变量时序异常检测管道,SKAB GitHub基准数据集,数据集/资料仓库详情页,SKAB GitHub仓库,SKAB (Skoltech Anomaly Benchmark),工业预测性维护,cn-all-remaining-0210-a492a1f7,
dataset-repository,公开数据集仓库,UCI ML Repository / Zenodo,32,2/3,gov-statistics-portal,克罗地亚逐小时电力负荷预测管道,OPSD负荷时序数据集,时序监测点/日志事件记录,Open Power System Data,Open Power System Data,电力,cn-all-remaining-0251-9c900545,
dataset-repository,公开数据集仓库,UCI ML Repository / Zenodo,33,3/3,,PVDAQ实测光伏数据源尽调与运维对标样本库构建,PVDAQ系统清单筛选,单表统计/观测数据下载门户,PVDAQ光伏系统清单,NREL PVDAQ,工程类、新能源工程师,cn-all-remaining-0741-4360744e,
dataset-repository,公开数据集仓库,UCI ML Repository / Zenodo,34,3/3,,钢铁表面缺陷检测与质量评估,Kaggle缺陷图像数据集,,Severstal Steel Defect Detection (Kaggle),Severstal Steel Defect Detection,工业质检、机器视觉、表面缺陷检测,cn-all-remaining-0017-e3ac6e4a,
dataset-repository,公开数据集仓库,UCI ML Repository / Zenodo,35,3/3,,OTTO 电商会话 next-click 推荐,OTTO会话公开benchmark库,,OTTO Recommender Systems Dataset (GitHub/Kaggle),OTTO Recommender Systems Dataset,电商与推荐系统,cn-all-remaining-0064-f465db7b,
dataset-repository,公开数据集仓库,UCI ML Repository / Zenodo,36,3/3,,Adult Census 表格数据质量审计,UCI人口普查数据集,,UCI ML Repository (Adult Census Income),Adult Census Income,数据工程与数据治理,cn-all-remaining-0068-c81cc32b,
dataset-repository,公开数据集仓库,UCI ML Repository / Zenodo,37,3/3,,电商会话级 Top-K 召回管道,OTTO会话公开benchmark库,,GitHub/Kaggle (OTTO Recsys Dataset),OTTO Recommender Systems Dataset,推荐系统,cn-all-remaining-0071-37996442,
dataset-repository,公开数据集仓库,UCI ML Repository / Zenodo,38,3/3,,银行定期存款订阅预测管道,"UCI基准数据集,表格特征",,UCI Machine Learning Repository,Bank Marketing,数据科学,cn-all-remaining-0073-452b7fbc,
dataset-repository,公开数据集仓库,UCI ML Repository / Zenodo,39,3/3,,FD001 涡扇发动机剩余寿命(RUL)预测管道,NASA公开退化仿真数据集,,NASA Open Data Portal (data.nasa.gov),NASA C-MAPSS,工业 4.0 与预测性维护,cn-all-remaining-0074-d8d19fe8,
dataset-repository,公开数据集仓库,UCI ML Repository / Zenodo,40,3/3,,AG News 新闻主题文本分类管道,HuggingFace文本分类基准,,HuggingFace Datasets,AG News,NLP 与文本智能,cn-all-remaining-0075-d8b42022,
dataset-repository,公开数据集仓库,UCI ML Repository / Zenodo,41,3/3,,20 Newsgroups 多类文本分类管道,figshare文本分类基准,,figshare,20 Newsgroups,NLP 与文本智能,cn-all-remaining-0076-9295b271,
dataset-repository,公开数据集仓库,UCI ML Repository / Zenodo,42,3/3,,网络入侵检测处理管道,UNSW流量特征基准数据集,,UNSW-NB15 (研究机构/GitHub镜像),UNSW-NB15,网络安全,cn-all-remaining-0079-687957c7,
dataset-repository,公开数据集仓库,UCI ML Repository / Zenodo,43,3/3,,人体活动识别管道,UCI传感器特征分类基准,,UCI Machine Learning Repository,UCI Human Activity Recognition Using Smartphones,嵌入式 ML ,cn-all-remaining-0132-a04b6dbd,
dataset-repository,公开数据集仓库,UCI ML Repository / Zenodo,44,3/3,,手写符号聚类管道,UCI手写笔迹聚类基准,数据集/资料仓库详情页,UCI ML Repository（Pen-Based Recognition of Handwritten Digits）,Pen-Based Recognition of Handwritten Digits, 数据科学,cn-all-remaining-0133-f7460d93,
dataset-repository,公开数据集仓库,UCI ML Repository / Zenodo,45,3/3,,钢带表面缺陷分类管道,UCI公开基准数据集,数据集/资料仓库详情页,UCI Steel Plates Faults,Steel Plates Faults,制造工程,cn-all-remaining-0175-d4ad3f28,
dataset-repository,公开数据集仓库,UCI ML Repository / Zenodo,46,3/3,,混凝土抗压强度回归预测,UCI公开基准数据集,数据集/资料仓库详情页,UCI Concrete Compressive Strength,UCI Concrete Compressive Strength,材料工程与土木工程,cn-all-remaining-0176-d6d67203,
dataset-repository,公开数据集仓库,UCI ML Repository / Zenodo,47,3/3,,家电能耗概率区间预测,UCI公开基准数据集,数据集/资料仓库详情页,UCI Machine Learning Repository,UCI Appliances Energy Prediction,数据科学,cn-all-remaining-0211-8626b54a,
dataset-repository,公开数据集仓库,UCI ML Repository / Zenodo,48,3/3,,法国逐小时电力负荷预测管道,OPSD带DOI数据包,数据集/资料仓库详情页,Open Power System Data,Open Power System Data,电力,cn-all-remaining-0212-294e3740,
dataset-repository,公开数据集仓库,UCI ML Repository / Zenodo,49,3/3,,FMI 成像测井裂缝密度、优势产状与高裂缝带自动识别,地热科研测井数据集,数据集/资料仓库详情页,Utah FORGE/OpenEI,Utah FORGE,科学类、地球科学研究人员,cn-all-remaining-0242-be25547c,
dataset-repository,公开数据集仓库,UCI ML Repository / Zenodo,50,3/3,,药物相互作用(DDI)图链接预测管道,GitHub公开图数据集,数据集/资料仓库详情页,GitHub benedekrozemberczki/datasets,benedekrozemberczki/datasets,药物发现,cn-all-remaining-0250-dd5e6757,
dataset-repository,公开数据集仓库,UCI ML Repository / Zenodo,51,3/3,,葡萄酒品质序数回归,UCI经典基准数据集,数据集/资料仓库详情页,UCI Wine Quality,UCI Wine Quality,食品科学,cn-all-remaining-0252-36566ef7,
dataset-repository,公开数据集仓库,UCI ML Repository / Zenodo,52,3/3,,交通流量递归多步分位数预测,UCI交通流量数据集,时序监测点/日志事件记录,UCI Metro Interstate Traffic Volume,UCI Metro Interstate Traffic Volume,智能交通系统,cn-all-remaining-0254-6e32e684,
dataset-repository,公开数据集仓库,UCI ML Repository / Zenodo,53,3/3,,酵母基因功能多标签分类,UCI基因表达数据集,数据集/资料仓库详情页,UCI Machine Learning Repository,,生物信息,cn-all-remaining-0269-78ef8a58,
dataset-repository,公开数据集仓库,UCI ML Repository / Zenodo,54,3/3,,小鼠皮层蛋白质组学基因型分类,UCI单表数据集,单表统计/观测数据下载门户,UCI Machine Learning Repository,UCI Mice Protein Expression,神经蛋白质组学,cn-all-remaining-0473-afcf860c,
dataset-repository,公开数据集仓库,UCI ML Repository / Zenodo,55,3/3,,SRU 硫磺回收装置尾气浓度软测量,学术基准时序数据集,时序监测点/日志事件记录,学术基准数据集仓库(如DaISy),Fortuna et al. 2007 SRU Dataset,软测量,cn-all-remaining-0474-6ffc068e,
dataset-repository,公开数据集仓库,UCI ML Repository / Zenodo,56,3/3,,Metro 州际公路交通流量预测,UCI时序流量数据,时序监测点/日志事件记录,UCI Machine Learning Repository,UCI Metro Interstate Traffic Volume,交通运输,cn-all-remaining-0475-6cd46667,
dataset-repository,公开数据集仓库,UCI ML Repository / Zenodo,57,3/3,,工业 SKAB 预测-残差时间戳级异常检测管道,GitHub基准数据集,时序监测点/日志事件记录,SKAB (GitHub数据集仓库),SKAB (Skoltech Anomaly Benchmark),工业预测性维护,cn-all-remaining-0476-fb434d54,
dataset-repository,公开数据集仓库,UCI ML Repository / Zenodo,58,3/3,,钢板表面缺陷7分类,UCI分类数据集,单表统计/观测数据下载门户,UCI/OpenML Steel Plates Faults,UCI Steel Plates Faults,制造业质量控制,cn-all-remaining-0478-c21c6715,
dataset-repository,公开数据集仓库,UCI ML Repository / Zenodo,59,3/3,,可穿戴IoT人体活动识别6分类,UCI传感器数据集,单表统计/观测数据下载门户,UCI Human Activity Recognition,UCI Human Activity Recognition Using Smartphones,可穿戴设备 / IoT,cn-all-remaining-0479-abb9f7a8,
dataset-repository,公开数据集仓库,UCI ML Repository / Zenodo,60,3/3,,番茄多环境试验品种稳定性复核与下一轮区域试验决策,公开可溯源试验数据集,数据集/资料仓库详情页,番茄多环境试验公开数据集（可追溯原始研究）,,行业研究、农业科学研究人员,cn-all-remaining-0847-be9888d6,
dataset-repository,公开数据集仓库,UCI ML Repository / Zenodo,61,3/3,,Buchwald-Hartwig 反应条件数据的可复算审计,公开反应数据单表,单表统计/观测数据下载门户,Figshare/Kaggle等公开反应数据集仓库,,化学信息学、实验数据质量审计与研,cn-all-remaining-0991-aea4e661,
dataset-repository,公开数据集仓库,UCI ML Repository / Zenodo,62,人工改判,lims,半导体制程良率异常筛查与关键量测点复核,批次量测+QC复核,批次-样品-检验/QC记录(LIMS/MES),UCI Machine Learning Repository (SECOM),UCI SECOM,行业研究、智能制造工程师,cn-all-remaining-0859-794a0507,lims→dataset-repository：SECOM 1567×590 宽矩阵是 UCI 数据集，装不进结果网格
dataset-repository,公开数据集仓库,UCI ML Repository / Zenodo,63,人工改判,lims,匿名钻孔多元素化探迁移复核与复验优先级,钻孔批次→化验结果行,批次-样品-检验/QC记录(LIMS/MES),Zenodo,GeoMet,科学类、地质学家,cn-all-remaining-0898-45d332c5,lims→dataset-repository：钻孔化探是 Zenodo 数据集，无批次/运行语义
dataset-repository,公开数据集仓库,UCI ML Repository / Zenodo,64,人工改判,gov-statistics-portal,五因子另类风险溢价基金无前视回测、风险预算与绩效归因,单表因子收益查询导出,单表统计/观测数据下载门户,五因子日收益率数据,Fama/French Data Library (Kenneth R. French),金融与证券、基金量化研究员,cn-all-remaining-0795-2d469bcb,gov-statistics-portal→dataset-repository：Fama/French 公开因子数据集
dataset-repository,公开数据集仓库,UCI ML Repository / Zenodo,65,人工改判,gov-statistics-portal,商业车险责任险2007年准备金行业基准复核,行业三角表按年查询导出,地区×年份统计矩阵,NAIC Schedule P (CAS),NAIC Schedule P,行业研究、精算师,cn-all-remaining-0867-2acdfc1e,gov-statistics-portal→dataset-repository：CAS Schedule P 整理数据集
dataset-repository,公开数据集仓库,UCI ML Repository / Zenodo,66,人工改判,regulatory-registry,哮喘用药与神经精神事件的自发报告信号评估,不良事件申报检索,可检索档案库+详情页,药品不良事件自发报告,,药学,cn-all-remaining-0987-086c66e0,regulatory-registry→dataset-repository：FAERS 型不良事件计数表
dataset-repository,公开数据集仓库,UCI ML Repository / Zenodo,67,人工改判,regulatory-registry,2024款纯电车型EPA道路载荷基准复核与旧版方法审计,EPA官方检索备案库,可检索档案库+详情页,EPA Test Car List Data,EPA Test Car List Data,行业研究、汽车工程师（整车动力经,cn-all-remaining-0851-f49f24e5,regulatory-registry→dataset-repository：EPA Test Car List 试验数据表
dataset-repository,公开数据集仓库,UCI ML Repository / Zenodo,68,人工改判,process-historian,多空动量策略历史回测,多标的价格时序趋势,时序监测点/日志事件记录,股票日线行情记录,,金融与证券,cn-all-remaining-0008-8a350880,process-historian→dataset-repository：美股日线行情，公开数据集
dataset-repository,公开数据集仓库,UCI ML Repository / Zenodo,69,人工改判,process-historian,NASA C-MAPSS FD001涡扇发动机RUL基线复核与算法准入,传感器多位号时序,时序监测点/日志事件记录,NASA C-MAPSS (PCoE数据仓库),NASA C-MAPSS (Commercial Modular Aero-Propulsion System Simulation),工程类、行业研究、航空航天工程师,cn-all-remaining-0860-94376395,process-historian→dataset-repository：NASA C-MAPSS 公开数据集
dataset-repository,公开数据集仓库,UCI ML Repository / Zenodo,70,人工改判,process-historian,连续EEG眼状态记录的质控、后部α反应检验与时序泄漏审计,多通道时序+事件子表,时序监测点/日志事件记录,UCI Machine Learning Repository (EEG Eye State),,科学类、神经科学研究人员科学类、,cn-all-remaining-0902-b4e90b75,process-historian→dataset-repository：EEG Eye State 公开数据集
dataset-repository,公开数据集仓库,UCI ML Repository / Zenodo,71,人工改判,process-historian,连续 EEG 睁闭眼数据的伪重复控制、枕区 Alpha 检验与解码泄漏审计,多通道时序+事件子表,时序监测点/日志事件记录,UCI Machine Learning Repository,EEG Eye State Dataset,科学类、神经科学研究人员,cn-all-remaining-0949-8fa819f1,process-historian→dataset-repository：EEG 公开数据集
dataset-repository,公开数据集仓库,UCI ML Repository / Zenodo,72,人工改判,order-management,产品共购图链接预测管道,发票逐条交易流水,订单/交易/支付/退款/物流流水,逐条交易流水/订单记录,UCI Online Retail, 商品关联分析,cn-all-remaining-0351-c0f3eb29,order-management→dataset-repository：建站反馈：36.2万行交易流水在订单界面取不出，是数据集/ML 管道形状
weather-ocean-portal,气象与海洋观测门户,NOAA NCEI / Open-Meteo,1,2/2,,柏林气象温度递归多步预测,Open-Meteo气象观测站,单表统计/观测数据下载门户,气象站逐小时观测记录,Open-Meteo,气象与环境工程,cn-all-remaining-0209-c0b07690,
weather-ocean-portal,气象与海洋观测门户,NOAA NCEI / Open-Meteo,2,2/2,,USGS–NOAA River Gauge Rating and Flood Audit,站点+时间窗查询+时序表导出,时序监测点/日志事件记录,河流水位站日值观测记录,USGS Earthquake Hazards Program,水文学 / 洪水运营 / 环境数,cn-all-remaining-1162-11cb0898,
weather-ocean-portal,气象与海洋观测门户,NOAA NCEI / Open-Meteo,3,2/2,,DART海啸到时与传播速度判定,DART海洋站点观测,数据集/资料仓库详情页,NOAA NDBC DART,DART (Deep-ocean Assessment and Reporting of Tsunamis),科学类、地球科学研究人员,cn-all-remaining-0156-d5cf6958,
weather-ocean-portal,气象与海洋观测门户,NOAA NCEI / Open-Meteo,4,2/3,enforcement-case,Hurricane Helene 跨 NHC、NOAA 与 FEMA 公共援助审计,NHC/NOAA风暴事件为核心,主体档案+关联事件时间线,灾害事件、气象记录与公共援助拨款记录,National Hurricane Center (NHC),应急管理数据工程 / 热带气旋与,cn-all-remaining-0631-ea4b7723,
weather-ocean-portal,气象与海洋观测门户,NOAA NCEI / Open-Meteo,5,2/3,process-historian,交通流核验与发布封板审计,检测点时序查询,时序监测点/日志事件记录,交通检测点记录,,交通工程 / 智能交通,cn-all-remaining-0977-49dbb8c6,
weather-ocean-portal,气象与海洋观测门户,NOAA NCEI / Open-Meteo,6,2/3,process-historian,水质评价核验与发布封板审计,监测站时序查询,时序监测点/日志事件记录,水质监测记录,,环境监测 / 水环境科学,cn-all-remaining-0978-44ed4df9,
weather-ocean-portal,气象与海洋观测门户,NOAA NCEI / Open-Meteo,7,2/3,process-historian,声学噪声评价核验与发布封板复核,监测节点时序查询,时序监测点/日志事件记录,噪声监测节点记录,,声学工程 / 环境噪声评价、自动,cn-all-remaining-0979-0d29ab51,
weather-ocean-portal,气象与海洋观测门户,NOAA NCEI / Open-Meteo,8,2/3,gov-statistics-portal,加州污水监测人口覆盖与连续性审计（CDC 2025）,站点+时间窗+时序数据,时序监测点/日志事件记录,污水监测站点与人口普查记录,CDC National Wastewater Surveillance System (NWSS),公共卫生监测网络规划 / 数据质,cn-all-remaining-1254-9691ae4f,
weather-ocean-portal,气象与海洋观测门户,NOAA NCEI / Open-Meteo,9,2/3,dataset-repository,空气质量多传感器长期漂移诊断与CO参考浓度校准,站点时序+要素+导出,时序监测点/日志事件记录,UCI Machine Learning Repository,Air Quality (UCI),科学类、科研项目研究员,cn-all-remaining-0893-6a26dc5f,
weather-ocean-portal,气象与海洋观测门户,NOAA NCEI / Open-Meteo,10,2/3,dataset-repository,北京多站点空气质量质控与 PM2.5 缺失修复评估,多站点时序+缺失查询,时序监测点/日志事件记录,UCI Beijing Multi-Site Air-Quality Dataset,,科学类、科研数据分析师,cn-all-remaining-0951-95b279fc,
weather-ocean-portal,气象与海洋观测门户,NOAA NCEI / Open-Meteo,11,3/3,,密西西比河日流量递归多步预测,站点+时序+导出,单表统计/观测数据下载门户,USGS站点逐日流量观测记录,USGS Water Data,水文与防汛工程,cn-all-remaining-0253-e224ded0,
weather-ocean-portal,气象与海洋观测门户,NOAA NCEI / Open-Meteo,12,3/3,,北京 PM2.5 递归多步预测,站点+逐时+导出,单表统计/观测数据下载门户,空气质量逐小时观测记录,Open-Meteo,环境工程,cn-all-remaining-0278-95674282,
weather-ocean-portal,气象与海洋观测门户,NOAA NCEI / Open-Meteo,13,3/3,,    夏季城市热岛、连续热浪与遥感地表温度回归的可复现科学分析    ,站点观测+要素查询,时序监测点/日志事件记录,气象站逐小时观测与卫星地表温度场景,,环境科学,cn-all-remaining-0330-f8d853da,
weather-ocean-portal,气象与海洋观测门户,NOAA NCEI / Open-Meteo,14,3/3,,开普敦太阳辐射递归多步预测,Open-Meteo站点观测,单表统计/观测数据下载门户,气象站历史观测记录,Open-Meteo,新能源工程,cn-all-remaining-0346-54ee7ce2,
weather-ocean-portal,气象与海洋观测门户,NOAA NCEI / Open-Meteo,15,3/3,,东京地面气压递归多步预测,Open-Meteo站点观测,单表统计/观测数据下载门户,气象站历史观测记录,Open-Meteo,气象工程,cn-all-remaining-0348-e08b7fe5,
weather-ocean-portal,气象与海洋观测门户,NOAA NCEI / Open-Meteo,16,3/3,,上海相对湿度递归多步预测,Open-Meteo站点观测,单表统计/观测数据下载门户,逐小时天气观测记录,Open-Meteo,环境工程,cn-all-remaining-0349-c13fb8d4,
weather-ocean-portal,气象与海洋观测门户,NOAA NCEI / Open-Meteo,17,3/3,,近海日尺度海温质量控制、海洋热浪事件识别与监测发布边界核验,站点日尺度海温门户,时序监测点/日志事件记录,海域分区日尺度SST监测数据,,科学研究类,cn-all-remaining-0398-6d389a9a,
weather-ocean-portal,气象与海洋观测门户,NOAA NCEI / Open-Meteo,18,3/3,,北京参考作物蒸散量(ET0)预测,Open-Meteo逐小时气象驱动数据,单表统计/观测数据下载门户,逐小时气象观测/预报记录,Open-Meteo,农业水利工程,cn-all-remaining-0477-0fe64a0f,
weather-ocean-portal,气象与海洋观测门户,NOAA NCEI / Open-Meteo,19,3/3,,构建 NOAA Hurricane Ian 潮位站风暴增水、垂直基准与洪水阈值审计产品,潮位站观测记录,时序监测点/日志事件记录,潮位站观测/预测记录,National Hurricane Center (NHC),海岸工程 / 海洋观测数据工程 ,cn-all-remaining-0652-b9c7d500,
weather-ocean-portal,气象与海洋观测门户,NOAA NCEI / Open-Meteo,20,3/3,,匿名化工园区氯代烯烃地下水污染羽与自然衰减证据评估,监测井时序+QAQC,时序监测点/日志事件记录,监测井/VOC采样记录,,科学类、环境科学家,cn-all-remaining-0716-978e33d8,
weather-ocean-portal,气象与海洋观测门户,NOAA NCEI / Open-Meteo,21,3/3,,凤凰城高温阈值方法缺陷定位、历史复算与发布门槛核验,GHCN气象站观测数据,单表统计/观测数据下载门户,气象站逐日观测记录,GHCN-Daily,行业研究、气象服务（气象学家）,cn-all-remaining-0845-a6a750c1,
weather-ocean-portal,气象与海洋观测门户,NOAA NCEI / Open-Meteo,22,3/3,,空气质量监测数据核验与发布封板审计,监测站时序污染物数据,时序监测点/日志事件记录,空气质量监测记录,,环境监测 / 大气科学,cn-all-remaining-0975-ea568465,
weather-ocean-portal,气象与海洋观测门户,NOAA NCEI / Open-Meteo,23,3/3,,NHC Hurricane Milton official forecast lead-time verification audit,台风路径时序查询导出,可检索档案库+详情页,气旋预报/最佳路径记录,Automated Tropical Cyclone Forecasting System (ATCF),Tropical cyclone,cn-all-remaining-1221-592f6bbe,
weather-ocean-portal,气象与海洋观测门户,NOAA NCEI / Open-Meteo,24,3/3,,1998-2021年江苏近海SST梯度与HBCF/JSF锋带时空特征可复现分析,卫星SST观测门户,数据集/资料仓库详情页,Level-4 SST卫星产品数据中心(如NOAA/CMEMS),,科学类、海洋遥感与海洋数据分析,cn-all-remaining-0230-7ad23258,
weather-ocean-portal,气象与海洋观测门户,NOAA NCEI / Open-Meteo,25,3/3,,Build an NHC 2024 Atlantic official forecast and wind-radii verificati,NHC气象档案审计,时序监测点/日志事件记录,NHC (National Hurricane Center) 风暴档案,National Hurricane Center (NHC),Meteorology / tr,cn-all-remaining-0640-8ed4408f,
weather-ocean-portal,气象与海洋观测门户,NOAA NCEI / Open-Meteo,26,3/3,,旧金山湾区长期极端降水指标、趋势与三日暴雨事件评估,NOAA站点日降水时序,时序监测点/日志事件记录,NOAA GHCN-Daily,NOAA Global Historical Climatology Network Daily (GHCN-Daily),科学类、地球科学研究人员,cn-all-remaining-0899-48762d98,
weather-ocean-portal,气象与海洋观测门户,NOAA NCEI / Open-Meteo,27,3/3,,NOAA IGRA Kapuskasing Sounding Reconciliation Audit,探空站点时序数据,时序监测点/日志事件记录,NOAA NCEI (IGRA),NOAA National Centers for Environmental Information (NCEI),大气科学 / 高空气候数据工程,cn-all-remaining-1170-a70baa13,
weather-ocean-portal,气象与海洋观测门户,NOAA NCEI / Open-Meteo,28,3/3,,NOAA IGRA Key West sounding structural and pressure-order audit,站点探空时序查询,时序监测点/日志事件记录,NOAA IGRA,IGRA,Atmospheric soun,cn-all-remaining-1223-b518ccc7,
weather-ocean-portal,气象与海洋观测门户,NOAA NCEI / Open-Meteo,29,人工改判,gov-statistics-portal,复算并审计 EPA 2022–2024 全国臭氧设计值数据产品,选年份地区出表下载,单表统计/观测数据下载门户,臭氧监测站日汇总记录,EPA Air Quality System (AQS),环境监管 / 空气质量 / AQ,cn-all-remaining-0299-fe86cac8,gov-statistics-portal→weather-ocean-portal：EPA AQS 站点×日监测值
gov-statistics-portal,政府统计与开放数据门户,BLS / EPA / 国家统计局,1,2/2,,UN Comtrade HS 2017→2022 商品分类迁移与贸易序列连续性审计,"无实体页,纯查询导出贸易表",单表统计/观测数据下载门户,各国商品进出口贸易记录,UN Comtrade,国际贸易统计 / 海关商品分类迁,cn-all-remaining-1145-c17d3877,
gov-statistics-portal,政府统计与开放数据门户,BLS / EPA / 国家统计局,2,2/2,,构建 CDC NNDSS 2023 第 52 周暂定值与最终年表调和审计,"无详情页,查询导出周报表",单表统计/观测数据下载门户,CDC NNDSS疾病监测周报记录,Centers for Disease Control and Prevention (CDC),公共卫生监测 / NNDSS /,cn-all-remaining-1165-1a802104,
gov-statistics-portal,政府统计与开放数据门户,BLS / EPA / 国家统计局,3,2/2,,EPA TRI PFAS 释放与废物管理变更控制核验,单表按年查询下载,单表统计/观测数据下载门户,EPA TRI设施-PFAS释放/废物记录,EPA (U.S. Environmental Protection Agency) GHGRP,环境合规 / 有毒化学品数据治理,cn-all-remaining-1176-1da3ce1d,
gov-statistics-portal,政府统计与开放数据门户,BLS / EPA / 国家统计局,4,2/2,,BTS-CBP 陆路口岸货运流量与月度连续性核验,月度口岸统计出表,单表统计/观测数据下载门户,陆路口岸月度货运记录,Bureau of Transportation Statistics (BTS),交通运输 / 陆路口岸运营数据质,cn-all-remaining-1180-0e2cadcc,
gov-statistics-portal,政府统计与开放数据门户,BLS / EPA / 国家统计局,5,2/2,,USDA RMA 农作物保险损失原因与赔款闭包核验,损失原因统计汇总,单表统计/观测数据下载门户,损失原因赔款记录,USDA Risk Management Agency,农业 / 农作物保险运营质控,cn-all-remaining-1183-ad6aeed5,
gov-statistics-portal,政府统计与开放数据门户,BLS / EPA / 国家统计局,6,2/2,,张掖市两期乡镇耕地质量指数PCA标定可比性与障碍因子转移审计,县域×年份指标出表无详情页,地区×年份统计矩阵,耕地质量评价数据平台(农业农村/自然资源系统),,农业科学、土地资源管理与多指标评,cn-all-remaining-0320-d8bc55d2,
gov-statistics-portal,政府统计与开放数据门户,BLS / EPA / 国家统计局,7,2/3,order-management,复现并审计美国交通部 2025 年 1 月航空准点率监管数据产品,承运人月度监管统计,订单/交易/支付/退款/物流流水,航班准点率记录,Bureau of Transportation Statistics (BTS),航空运营 / 监管数据工程 / ,cn-all-remaining-0296-45de6b63,
gov-statistics-portal,政府统计与开放数据门户,BLS / EPA / 国家统计局,8,2/3,lims,复现并审计 NHTSA 2024 FARS 超速致死事故监管数据产品,州/月致死事故统计,批次-样品-检验/QC记录(LIMS/MES),致死事故/车辆/人员记录,FARS (Fatality Analysis Reporting System),道路交通安全 / 监管数据工程 ,cn-all-remaining-0298-23ad7da2,
gov-statistics-portal,政府统计与开放数据门户,BLS / EPA / 国家统计局,9,2/3,weather-ocean-portal,NOAA 风暴事件月度灾损统计,NOAA事件表纯聚合导出无详情页,单表统计/观测数据下载门户,风暴事件记录,NOAA Storm Events Database, 应急管理与保险精算,cn-all-remaining-0481-7ab34177,
gov-statistics-portal,政府统计与开放数据门户,BLS / EPA / 国家统计局,10,2/3,weather-ocean-portal,风暴致死月度统计,NOAA双表关联月度统计导出,单表统计/观测数据下载门户,风暴事件与致死记录,NOAA Storm Events Database, 应急管理,cn-all-remaining-0482-4ad1c775,
gov-statistics-portal,政府统计与开放数据门户,BLS / EPA / 国家统计局,11,2/3,weather-ocean-portal,风暴事件类型归类统计,NOAA事件按类别归并统计导出,单表统计/观测数据下载门户,风暴事件记录,NOAA Storm Events Database,气候与应急管理,cn-all-remaining-0483-e7f016ec,
gov-statistics-portal,政府统计与开放数据门户,BLS / EPA / 国家统计局,12,2/3,weather-ocean-portal,风暴系统(episode)月度统计,NOAA系统级月度统计导出,单表统计/观测数据下载门户,风暴事件记录,NOAA Storm Events Database,气候监测,cn-all-remaining-0484-47ac327f,
gov-statistics-portal,政府统计与开放数据门户,BLS / EPA / 国家统计局,13,2/3,regulatory-registry,证券投资专业人员行业结构、人才配置与能力发展研究,从业人员登记统计数据,可检索档案库+详情页,国家职业分类大典/中国证券业协会数据,国家职业分类大典,商业和金融类、市场调查分析师（行,cn-all-remaining-0744-480b57b9,
gov-statistics-portal,政府统计与开放数据门户,BLS / EPA / 国家统计局,14,2/3,lims,构建 MSHA 2024 Part 50 矿山伤害、工时暴露与官方发布对账审计数据产品,官方年报表格对账,批次-样品-检验/QC记录(LIMS/MES),MSHA Part 50数据门户,Mine Safety and Health Administration (MSHA),矿山安全监管 / 事故与工时数据,cn-all-remaining-1096-067138a9,
gov-statistics-portal,政府统计与开放数据门户,BLS / EPA / 国家统计局,15,3/3,,匿名化产品级贸易面板上的出口管制政策评估：从缺陷原始数据到可复现的因果推断交付件,"产品-流向-年出表,纯查询导出",订单/交易/支付/退款/物流流水,产品-流向-年贸易流水,,经济学 / 国际贸易实证研究（计,cn-all-remaining-0019-034c6ce9,
gov-statistics-portal,政府统计与开放数据门户,BLS / EPA / 国家统计局,16,3/3,,IRS 2022–2023 县际迁移发布、披露与 Census 邻接走廊审计,无详情纯查询导出,单表统计/观测数据下载门户,县际迁移流入流出记录,IRS SOI,公共财政与区域规划 / 政府统计,cn-all-remaining-1091-55784277,
gov-statistics-portal,政府统计与开放数据门户,BLS / EPA / 国家统计局,17,3/3,,HUD 2025 财年小区域公平市场租金与住房券支付标准政策审计,地区+年份指标出表导出,单表统计/观测数据下载门户,县级/邮编公平市场租金与住房券支付标准记录,HUD,住房政策 / 地理空间监管数据工,cn-all-remaining-1192-e8a7b525,
gov-statistics-portal,政府统计与开放数据门户,BLS / EPA / 国家统计局,18,3/3,,联邦渔业库存状态季度迁移审计（NOAA 2024）,"季度状态表,无详情页",单表统计/观测数据下载门户,渔业库存状态记录,NOAA Fisheries,渔业监管数据 / 库存状态变更审,cn-all-remaining-1255-d3f1f3cb,
gov-statistics-portal,政府统计与开放数据门户,BLS / EPA / 国家统计局,19,人工改判,,中国电动汽车企业进入英国市场行业研究,行业统计公开数据,单表统计/观测数据下载门户,行业统计与法规政策数据,Society of Motor Manufacturers and Traders,汽车类、行业研究,cn-all-remaining-0090-ab9a3d0b,退回 gov-statistics-portal：无参照站/无记录级数据，disposition: file，不进骨架适配流程
gov-statistics-portal,政府统计与开放数据门户,BLS / EPA / 国家统计局,20,人工改判,,中国人力资源服务行业研究与区域型机构增长策略,行业统计与年报披露,单表统计/观测数据下载门户,人社部统计资料/上市公司年报披露平台,,行业研究,cn-all-remaining-0265-ae028604,退回 gov-statistics-portal：无参照站/无记录级数据，disposition: file，不进骨架适配流程
gov-statistics-portal,政府统计与开放数据门户,BLS / EPA / 国家统计局,21,人工改判,,装配式建筑施工员职业机会、能力结构与培训产品研究,住建部公开数据查询导出,单表统计/观测数据下载门户,地方住建部门公开数据平台,,商业和金融类、市场调查分析师（行,cn-all-remaining-0735-cdbd1b4c,退回 gov-statistics-portal：无参照站/无记录级数据，disposition: file，不进骨架适配流程
gov-statistics-portal,政府统计与开放数据门户,BLS / EPA / 国家统计局,22,人工改判,dataset-repository,构建 USDA Foundation Foods 分析谱系、营养素统计复核与 SR Legacy 跨版本对账产品,食品详情页+变量表+版本对比,可检索档案库+详情页,食品成分与营养素记录,USDA FoodData Central,食品成分数据治理 / 农业营养数,cn-all-remaining-1151-3a37412b,dataset-repository→gov-statistics-portal：USDA FoodData Central 是参考数据库，非数据集目录
gov-statistics-portal,政府统计与开放数据门户,BLS / EPA / 国家统计局,23,人工改判,dataset-repository,NYC Yellow Taxi January 2023 — Multi-source Data Engineering Pipeline,TLC月度文件+数据字典下载,单表统计/观测数据下载门户,出租车行程记录,NYC Taxi & Limousine Commission (TLC) Trip Record Data,数据科学 / 数据工程（Data,cn-all-remaining-0302-299009d0,dataset-repository→gov-statistics-portal：NYC TLC 政府开放数据
gov-statistics-portal,政府统计与开放数据门户,BLS / EPA / 国家统计局,24,人工改判,dataset-repository,构建 MTA 地铁 GTFS 服务日、班次模式与几何一致性审计数据产品,GTFS官方数据快照,数据集/资料仓库详情页,MTA GTFS (New York City Transit 官方 feed),MTA New York City Transit Subway GTFS,公共交通运营数据工程 / GTF,cn-all-remaining-0629-ce075e67,dataset-repository→gov-statistics-portal：MTA GTFS 运营方开放数据
gov-statistics-portal,政府统计与开放数据门户,BLS / EPA / 国家统计局,25,人工改判,dataset-repository,MTA subway GTFS route-service-stop-shape topology audit,多表GTFS数据集,批次-样品-检验/QC记录(LIMS/MES),MTA,Metropolitan Transportation Authority (MTA),Public transit s,cn-all-remaining-1225-9a34fa3d,dataset-repository→gov-statistics-portal：MTA GTFS 运营方开放数据
gov-statistics-portal,政府统计与开放数据门户,BLS / EPA / 国家统计局,26,人工改判,regulatory-registry,构建 EPA GHGRP California 2023 设施排放跨源审计产品,EPA设施排放申报检索详情,设备/资产台账+维护记录,设施-子部-气体排放明细,EPA (U.S. Environmental Protection Agency) GHGRP,环境合规 / 温室气体申报数据工,cn-all-remaining-0515-6253a2c7,regulatory-registry→gov-statistics-portal：GHGRP 排放统计
gov-statistics-portal,政府统计与开放数据门户,BLS / EPA / 国家统计局,27,人工改判,regulatory-registry,FDIC/FFIEC 商业地产集中度、机构连续性与发布修订审计,银行机构财务检索+详情,可检索档案库+详情页,银行机构财务记录,FDIC BankFind,金融服务 / 银行监管数据工程 ,cn-all-remaining-0644-6f64bd2d,regulatory-registry→gov-statistics-portal：银行财务指标复算
gov-statistics-portal,政府统计与开放数据门户,BLS / EPA / 国家统计局,28,人工改判,regulatory-registry,构建美国财政部 2025Q1 国债拍卖生命周期、定价与配售审计数据产品,拍卖证券检索+生命周期,可检索档案库+详情页,国债拍卖记录,TreasuryDirect Auction Query,金融服务 / 美国国债一级市场 ,cn-all-remaining-0648-a8828ee9,regulatory-registry→gov-statistics-portal：国债拍卖市场数据
job-board,招聘岗位站,BOSS直聘 / Indeed,1,2/2,,云计算工程技术人员招聘样本清洗、职业任务映射与人才画像复现审计,招聘岗位样本清洗,招聘/公告类列表,云计算岗位,,行业研究、数字经济人才研究,cn-all-remaining-0411-51fd07e5,
job-board,招聘岗位站,BOSS直聘 / Indeed,2,2/2,,大数据工程技术人员岗位需求复盘与2027课程调整建议,招聘岗位复盘,招聘/公告类列表,大数据工程岗位,,行业研究、大数据工程技术人员,cn-all-remaining-0412-a20676d9,
job-board,招聘岗位站,BOSS直聘 / Indeed,3,2/2,,中国工业设计师人才需求与设计服务机会研究,岗位+设计中心名录,招聘/公告类列表,工业设计岗位与设计中心名录,,行业研究（工业设计与人才市场）,cn-all-remaining-0413-32af7365,
job-board,招聘岗位站,BOSS直聘 / Indeed,4,2/2,,图形算法工程师人才供需、技术栈与团队建设研究,图形算法岗位样本,招聘/公告类列表,图形算法岗位,,计算机软件、行业研究（图形算法工,cn-all-remaining-0415-4696e896,
job-board,招聘岗位站,BOSS直聘 / Indeed,5,2/2,,智能制造工程师招聘需求、薪酬与能力栈行业研究,招聘岗位样本记录,招聘/公告类列表,招聘岗位样本记录,,行业研究、智能制造人才市场研究,cn-all-remaining-0688-8dfc0c75,
job-board,招聘岗位站,BOSS直聘 / Indeed,6,2/2,,游戏技术美术（TA）人才市场、能力矩阵与团队配置研究,招聘岗位摘录记录,招聘/公告类列表,招聘岗位摘录记录,,商业类、行业研究分析师（游戏研发,cn-all-remaining-0689-df5209ab,
job-board,招聘岗位站,BOSS直聘 / Indeed,7,2/2,,药学专业人员岗位供需、能力缺口与流动风险研究,岗位列表带城市薪酬资格筛选,招聘/公告类列表,医药行业招聘平台/人才库,,行业研究、药学专业人员,cn-all-remaining-0324-4be0ddcf,
job-board,招聘岗位站,BOSS直聘 / Indeed,8,3/3,,福建—重庆公立医院内科医师招聘结构与配置研究,岗位公告搜索筛选,招聘/公告类列表,医院内科招聘岗位公告,,医疗卫生、行业研究（内科医师人力,cn-all-remaining-0323-3f584fd1,
job-board,招聘岗位站,BOSS直聘 / Indeed,9,3/3,,游戏测试工程师公开岗位样本清洗、能力结构分析与招聘门槛校核,岗位列表+筛选+详情,招聘/公告类列表,公开招聘岗位页,,行业研究、游戏行业人才与岗位研究,cn-all-remaining-0397-64a67ace,
job-board,招聘岗位站,BOSS直聘 / Indeed,10,3/3,,船舶与海洋工程师岗位需求景气度与能力结构研究,招聘岗位检索站,招聘/公告类列表,招聘岗位记录,,行业研究、船舶与海洋工程师,cn-all-remaining-0680-0d7a9db2,
job-board,招聘岗位站,BOSS直聘 / Indeed,11,3/3,,长三角光学工程师人才供需与岗位能力画像研究,岗位样本+候选人筛选,招聘/公告类列表,招聘岗位/候选人记录,,行业研究、光学工程师,cn-all-remaining-0767-325cc9a3,
job-board,招聘岗位站,BOSS直聘 / Indeed,12,3/3,,2026Q3美国半导体工艺工程师岗位需求、技能结构与薪酬基准研究,招聘JD快照为主体数据,招聘/公告类列表,招聘岗位/薪酬记录,,行业研究,cn-all-remaining-0777-7fadbfc2,
job-board,招聘岗位站,BOSS直聘 / Indeed,13,3/3,,2024Q4—2026Q2中国汽车工程师岗位需求、技能结构与人才优先级研究,招聘岗位快照数据,招聘/公告类列表,招聘岗位快照,,汽车类、行业研究,cn-all-remaining-0824-0de4494b,
job-board,招聘岗位站,BOSS直聘 / Indeed,14,3/3,,工程造价人员供需结构、岗位能力与薪酬区间专题研究,公开招聘岗位样本,招聘/公告类列表,招聘岗位,,行业研究、建筑业专业服务研究,cn-all-remaining-0870-cba7c850,
job-board,招聘岗位站,BOSS直聘 / Indeed,15,3/3,,装配式建筑施工员岗位需求、技能标准与培训差距研究,公开招聘岗位样本,招聘/公告类列表,招聘岗位,,行业研究、建筑业产业工人研究,cn-all-remaining-0874-e4cb0cfa,
job-board,招聘岗位站,BOSS直聘 / Indeed,16,3/3,,C++游戏开发工程师岗位需求、薪酬与能力结构研究,公开招聘岗位样本,招聘/公告类列表,招聘岗位,,行业研究、软件和信息技术服务业、,cn-all-remaining-0877-7a1ba25e,
job-board,招聘岗位站,BOSS直聘 / Indeed,17,3/3,,游戏AI开发工程师岗位需求、薪酬与能力结构研究,公开招聘岗位样本,招聘/公告类列表,招聘岗位,,行业研究、软件和信息技术服务业、,cn-all-remaining-0883-f91d65a1,
job-board,招聘岗位站,BOSS直聘 / Indeed,18,3/3,,游戏技术美术（TA）人才需求、能力缺口与团队编制研究,冻结招聘样本+岗位画像,招聘/公告类列表,招聘岗位,,游戏与互动内容、行业研究（游戏技,cn-all-remaining-0937-6374de20,
job-board,招聘岗位站,BOSS直聘 / Indeed,19,3/3,,六城市平面设计师岗位需求、薪酬与技能结构行业研究,招聘页面快照岗位,招聘/公告类列表,招聘网站岗位快照,,设计、文创与媒体-平面设计师,cn-all-remaining-0958-a386a245,
job-board,招聘岗位站,BOSS直聘 / Indeed,20,3/3,,工程项目经理公开招聘样本清洗、任职门槛与能力模型研究,公开招聘公告样本,招聘/公告类列表,公开招聘公告样本,,行业研究、工程建设项目管理,cn-all-remaining-0960-fd36102b,
job-board,招聘岗位站,BOSS直聘 / Indeed,21,3/3,,生物信息学工程师人才供需、技能栈与招聘策略研究,岗位列表筛选,招聘/公告类列表,招聘岗位,,行业研究（生物信息学工程师人才市,cn-all-remaining-1101-68974701,
job-board,招聘岗位站,BOSS直聘 / Indeed,22,3/3,,药物研发科学家人才供需、技能结构与团队配置研究,岗位+候选人样本数据,招聘/公告类列表,招聘岗位与候选人档案,,行业研究（药物研发科学家人才与研,cn-all-remaining-1104-be743d3f,
job-board,招聘岗位站,BOSS直聘 / Indeed,23,3/3,,平面设计师人才需求、技能结构与品牌视觉服务机会研究,设计岗位+客户线索,招聘/公告类列表,招聘岗位/客户线索记录,,行业研究（平面设计与创意人才市场,cn-all-remaining-1128-a9104579,
job-board,招聘岗位站,BOSS直聘 / Indeed,24,3/3,,智慧城市工程技术人才需求、技能结构与智慧城市项目机会研究,岗位+项目机会记录,招聘/公告类列表,智慧城市岗位与项目机会记录,,行业研究（智慧城市与数字政府工程,cn-all-remaining-1129-a5a00495,
job-board,招聘岗位站,BOSS直聘 / Indeed,25,3/3,,Unity开发工程师人才供需、技术栈与团队配置研究,Unity岗位记录,招聘/公告类列表,Unity岗位记录,,计算机软件、行业研究（Unity,cn-all-remaining-1130-de532a93,
mes-batch-release,生产执行与批次放行 MES,Siemens Opcenter,1,1/3,lims / spc-measurement,    300mm晶圆刻蚀工艺漂移、SPC/FDC根因分析与批次放行    ,批次量测放行判定,批次-样品-检验/QC记录(LIMS/MES),批次/晶圆量测与FDC记录,,    工程类、半导体工艺工程师,cn-all-remaining-0443-dc5f61f5,
mes-batch-release,生产执行与批次放行 MES,Siemens Opcenter,2,1/3,lims / spc-measurement,晶圆厂多站点SPC、良率归因与工艺窗口优化复核,批次良率处置方案,批次-样品-检验/QC记录(LIMS/MES),批次/晶圆工艺记录,,工程类—半导体工艺工程师,cn-all-remaining-0444-8561ae74,
mes-batch-release,生产执行与批次放行 MES,Siemens Opcenter,3,2/2,,CT1 光刻 CD 偏高异常根因分析、批次处置与工艺再资格,晶圆批次量测与放行,批次-样品-检验/QC记录(LIMS/MES),批次/晶圆/量测记录,,工程技术类、半导体工艺工程师,cn-all-remaining-0703-5714b5c0,
mes-batch-release,生产执行与批次放行 MES,Siemens Opcenter,4,2/3,back-office-ledger,汽车零部件制造企业5月生产成本明细核算及降本方案报告编制任务,生产工序物料消耗台账,批次-样品-检验/QC记录(LIMS/MES),生产批次/工序物料耗用记录,,制造业成本管控与财务分析,cn-all-remaining-0006-9effbd05,
mes-batch-release,生产执行与批次放行 MES,Siemens Opcenter,5,2/3,lims,12英寸晶圆厂M1光刻CD/Overlay漂移调查与批次处置,批次量测+处置+MES traveler,批次-样品-检验/QC记录(LIMS/MES),晶圆/批次量测记录(CD/Overlay),,工程类、半导体工艺工程师,cn-all-remaining-0759-3002eee7,
mes-batch-release,生产执行与批次放行 MES,Siemens Opcenter,6,2/3,audit-findings,临港北片区1:500地形图修测收尾排产、质量放行与批次交付,分幅批次工序放行,批次-样品-检验/QC记录(LIMS/MES),分幅生产日报/检查点/问题台账记录,,建筑、测绘与规划-生产经理,cn-all-remaining-0765-2e0c67fe,
mes-batch-release,生产执行与批次放行 MES,Siemens Opcenter,7,3/3,,3#楼4层PC构件进场判定、吊装日计划及安装质量闭环,构件逐件量测+放行判定,设备/资产台账+维护记录,PC构件进场/安装台账,,房地产、租赁与物业、装配式建筑施,cn-all-remaining-0813-0f341d0c,
mes-batch-release,生产执行与批次放行 MES,Siemens Opcenter,8,3/3,,电机轴精加工线OEE异常诊断与MC30两日生产排程校核,MES工单逐件量测放行,批次-样品-检验/QC记录(LIMS/MES),生产工单/设备报警/终检记录,,工程类、智能制造工程师,cn-all-remaining-0817-a25cf14a,
mes-batch-release,生产执行与批次放行 MES,Siemens Opcenter,9,3/3,,LPBF Inconel 718粉末、熔池、孔隙、力学、疲劳与热处理组织联合评审及航空结构件工艺定型判定,构建批次+工序+放行判定,批次-样品-检验/QC记录(LIMS/MES),批次样本检测结果,,科学类、材料科学研究人员,cn-all-remaining-0908-a1d40822,
mes-batch-release,生产执行与批次放行 MES,Siemens Opcenter,10,3/3,,低酸植物蛋白饮料UHT热力杀菌、无菌灌装、微生物挑战与加速货架期联合评审及量产放行判定,中试批次+工序+放行判定,批次-样品-检验/QC记录(LIMS/MES),批次生产与QC检测记录（灌装/微生物/稳定性/包装/卫生）,,科学类、食品科学研究人员,cn-all-remaining-0929-cfedb11d,
mes-batch-release,生产执行与批次放行 MES,Siemens Opcenter,11,3/3,,汽车外板IF钢LF-RH精炼、钙处理与连铸洁净度/浇次放行审计,炉次浇次工艺+放行审计,批次-样品-检验/QC记录(LIMS/MES),炉次/浇次工艺与检测记录,,工程类、冶金工程师,cn-all-remaining-0938-0175cfde,
mes-batch-release,生产执行与批次放行 MES,Siemens Opcenter,12,3/3,,盐酸二甲双胍片三批压片偏差复核、受影响物料界定与72小时产能恢复排产,批记录MES放行,批次-样品-检验/QC记录(LIMS/MES),批生产记录与MES报警事件,,医疗卫生、药品生产与质量管理（口,cn-all-remaining-0957-769c12d9,
mes-batch-release,生产执行与批次放行 MES,Siemens Opcenter,13,3/3,,    18号楼7层预制构件吊装、灌浆与质量闭环施工策划    ,构件批次+量测+放行,设备/资产台账+维护记录,广联达/装配式构件跟踪管理系统类,,    房地产、租赁与物业   ,cn-all-remaining-0882-fda27236,
mes-batch-release,生产执行与批次放行 MES,Siemens Opcenter,14,人工改判,lims,车载摄像模组MTF、畸变、杂散光与热稳定量产准入判定,模组测试结果+准入判定,批次-样品-检验/QC记录(LIMS/MES),模组测试记录,,工程类—光学工程师,cn-all-remaining-0910-a483d04f,lims→mes-batch-release：多测试站、多温度、量产准入判定：生产放行而非实验室结果网格
mes-batch-release,生产执行与批次放行 MES,Siemens Opcenter,15,人工改判,lims,车载1550nm激光雷达发射、接收、杂散光、温漂、眼安全与可靠性联合验收及整车道路验证准入判定,模组验收测试结果,单表统计/观测数据下载门户,模组光学验收记录,,工程类、光学工程师,cn-all-remaining-0912-51d4ac3e,lims→mes-batch-release：六类测试 424 项门槛的准入判定：生产放行
mes-batch-release,生产执行与批次放行 MES,Siemens Opcenter,16,人工改判,lims,300 mm 氧化物刻蚀腔体 PM 后 Via CD 漂移根因分析、配方恢复与批次处置,批次量测+质控血缘,批次-样品-检验/QC记录(LIMS/MES),CD-SEM量测/FDC批次记录,,工程类、半导体工艺工程师,cn-all-remaining-0745-5cca1ad5,lims→mes-batch-release：FDC trace + 批次 HOLD/REVIEW/RELEASE：生产批次处置
mes-batch-release,生产执行与批次放行 MES,Siemens Opcenter,17,人工改判,lims,28 nm接触孔光刻关键尺寸、套刻与焦距—曝光工艺窗口联合评审及批次放行判定,晶圆批次量测+放行判定,批次-样品-检验/QC记录(LIMS/MES),晶圆批次量测记录,,工程类、半导体工艺工程师,cn-all-remaining-0821-5446eadd,lims→mes-batch-release：晶圆批次量测 + 是否放行刻蚀：生产批次放行
mes-batch-release,生产执行与批次放行 MES,Siemens Opcenter,18,人工改判,lims,ADAS前视摄像头镜头模组MTF、杂散光、光谱与DV/PV量产冻结审计,批次镜头光学检验,批次-样品-检验/QC记录(LIMS/MES),镜头模组光学测试记录,,工程类、光学工程师,cn-all-remaining-0941-29ec8b45,lims→mes-batch-release：逐件正品/返调/降级/隔离 + 批次冻结：生产放行
mes-batch-release,生产执行与批次放行 MES,Siemens Opcenter,19,人工改判,spc-measurement,电驱壳体轴承孔尺寸漂移分析与过程能力改善验证,尺寸量测+控制图判异,批次-样品-检验/QC记录(LIMS/MES),尺寸检验与加工参数记录,,工程类、质量工程师,cn-all-remaining-0746-667d6a72,spc-measurement→mes-batch-release：建站反馈：形状同为 批次×工序/单件×测量值+规格限→放行判定，mes 骨架已服务
mes-batch-release,生产执行与批次放行 MES,Siemens Opcenter,20,人工改判,spc-measurement,汽车连接器注塑件关键尺寸SPC分析、过程能力评估与量产放行判定    ,子组+控制图+Cpk,批次-样品-检验/QC记录(LIMS/MES),注塑件质检子组记录,,汽车工程、质量管理,cn-all-remaining-0291-e8bd6c4c,spc-measurement→mes-batch-release：建站反馈：形状同为 批次×工序/单件×测量值+规格限→放行判定，mes 骨架已服务
mes-batch-release,生产执行与批次放行 MES,Siemens Opcenter,21,人工改判,spc-measurement,注塑连接器壳体关键尺寸过程能力、异常批次与放行门槛核验,尺寸Cpk控制图,批次-样品-检验/QC记录(LIMS/MES),关键尺寸测量记录,,工程类、质量工程师、制造过程质量,cn-all-remaining-0948-b0c93dc1,spc-measurement→mes-batch-release：建站反馈：形状同为 批次×工序/单件×测量值+规格限→放行判定，mes 骨架已服务
mes-batch-release,生产执行与批次放行 MES,Siemens Opcenter,22,人工改判,spc-measurement,精密轴尺寸 SPC、过程能力与异常事件关联分析,X-bar-R控制图与量测台账,批次-样品-检验/QC记录(LIMS/MES),MES/QMS 质量管理系统,,工程类 / 质量工程师,cn-all-remaining-0089-ab3b3a3c,spc-measurement→mes-batch-release：建站反馈：形状同为 批次×工序/单件×测量值+规格限→放行判定，mes 骨架已服务
regulatory-registry,备案与合规申报检索库,FDA Orange Book / ECHA,1,2/2,,构建 NVD/CISA 漏洞情报规范化与时态修复优先级数据产品,CVE/KEV登记库详情,可检索档案库+详情页,CVE漏洞记录/KEV目录条目,National Vulnerability Database (NVD),网络安全 / 漏洞情报工程 / ,cn-all-remaining-0207-8b063b46,
regulatory-registry,备案与合规申报检索库,FDA Orange Book / ECHA,2,2/2,,USFWS 受威胁与濒危物种法定名录及关键栖息地变更核验,物种登记+法律状态史,可检索档案库+详情页,受威胁濒危物种法定名录记录,ECOS (Environmental Conservation Online System),环境监管 / 濒危物种法数据治理,cn-all-remaining-1185-d7d58067,
regulatory-registry,备案与合规申报检索库,FDA Orange Book / ECHA,3,3/3,,构建 FDA Orange Book 专利、独占期与治疗等效跨库监管审计数据产品,橙皮书专利记录,可检索档案库+详情页,药品申请/专利/独占期/治疗等效记录,FDA Orange Book,制药监管数据工程 / Regul,cn-all-remaining-0630-3d193fa5,
regulatory-registry,备案与合规申报检索库,FDA Orange Book / ECHA,4,3/3,,构建 FDA Orange Book 药品监管组合仓库与 Drugs@FDA 跨系统审计,橙皮书组合审计,可检索档案库+详情页,药品监管组合与产品对账记录,FDA Orange Book,生物医药 / 药品监管数据工程 ,cn-all-remaining-0635-08f8465d,
regulatory-registry,备案与合规申报检索库,FDA Orange Book / ECHA,5,3/3,,构建 OFAC SDN 多语身份图谱与三格式制裁数据合规审计产品,SDN主体检索详情页,可检索档案库+详情页,受制裁实体(SDN)记录,Office of Foreign Assets Control (OFAC),数据工程 / 金融合规 / 监管,cn-all-remaining-0642-a70454dd,
regulatory-registry,备案与合规申报检索库,FDA Orange Book / ECHA,6,3/3,,上海绿色建筑标识服务市场与绿色建筑工程师产能研究,绿色建筑标识检索,招聘/公告类列表,绿色建筑标识项目,,行业研究、绿色建筑工程,cn-all-remaining-0679-f7d822c2,
regulatory-registry,备案与合规申报检索库,FDA Orange Book / ECHA,7,3/3,,FDA Orange Book application-level patent and exclusivity integrity aud,原文即FDA Orange Book范例,可检索档案库+详情页,药品/专利/排他性记录,FDA Orange Book,Pharmaceutical r,cn-all-remaining-1218-8fa644b4,
regulatory-registry,备案与合规申报检索库,FDA Orange Book / ECHA,8,3/3,,NVD and CISA KEV temporal and severity reconciliation audit,CVE条目状态与变更史,可检索档案库+详情页,漏洞(CVE)记录,National Vulnerability Database (NVD),Cybersecurity vu,cn-all-remaining-1224-25c363a2,
regulatory-registry,备案与合规申报检索库,FDA Orange Book / ECHA,9,3/3,,药品短缺与 NDC 供应谱系审计（FDA 2026）,openFDA药品目录审计,可检索档案库+详情页,药品短缺/NDC目录记录,openFDA,监管数据工程 / 医院药品供应保,cn-all-remaining-1246-c333a712,
regulatory-registry,备案与合规申报检索库,FDA Orange Book / ECHA,10,3/3,,FDIC 与 OCC 银行牌照监管边界及机构身份核验,机构牌照检索+详情页,可检索档案库+详情页,银行牌照与机构注册记录,Office of the Comptroller of the Currency (OCC),金融监管 / 银行牌照 / 法律,cn-all-remaining-1259-7713fc3c,
regulatory-registry,备案与合规申报检索库,FDA Orange Book / ECHA,11,3/3,,NPS 国家历史名录登记事件、状态快照与空间谱系审计,登记状态变更史,主体档案+关联事件时间线,NPS National Register Information System,"NPS National Register Information System ""Everything"" File",文化遗产登记治理 / 国家历史名,cn-all-remaining-1150-aa72ec91,
regulatory-registry,备案与合规申报检索库,FDA Orange Book / ECHA,12,人工改判,,构建 SEC Inline XBRL 申报审计与 Company Facts 对账数据管道,SEC申报主体详情审计,主体档案+关联事件时间线,SEC XBRL申报facts/Company Facts记录,U.S. Securities and Exchange Commission (SEC),金融科技 / 资本市场数据工程 ,cn-all-remaining-0204-96586aa4,退回 regulatory-registry：无参照站/无记录级数据，disposition: file，不进骨架适配流程
regulatory-registry,备案与合规申报检索库,FDA Orange Book / ECHA,13,人工改判,,构建美联储 2024 压力测试与资本要求修订调和审计,主体检索+详情+修订血缘,主体档案+关联事件时间线,银行资本要求与压力测试记录,Federal Reserve,银行金融监管 / 压力测试 / ,cn-all-remaining-1164-4f0e142d,退回 regulatory-registry：无参照站/无记录级数据，disposition: file，不进骨架适配流程
regulatory-registry,备案与合规申报检索库,FDA Orange Book / ECHA,14,人工改判,,financial_report_risk_warning,"财报披露检索,类EDGAR",,上市公司信息披露平台(巨潮资讯网/SEC EDGAR),,量化金融,cn-all-remaining-0009-3a0514d6,退回 regulatory-registry：无参照站/无记录级数据，disposition: file，不进骨架适配流程
regulatory-registry,备案与合规申报检索库,FDA Orange Book / ECHA,15,人工改判,,A2研发办公楼二星级绿色建筑送审前预评估及证据链闭环审查,绿色建筑备案证据链,可检索档案库+详情页,住建部绿色建筑评价标识备案平台,,建筑、测绘与规划—绿色建筑评估师,cn-all-remaining-0701-49b7d817,退回 regulatory-registry：无参照站/无记录级数据，disposition: file，不进骨架适配流程
regulatory-registry,备案与合规申报检索库,FDA Orange Book / ECHA,16,人工改判,,长三角某研发办公楼绿色建筑二星级申报复核,申报主体+详情+变更史,可检索档案库+详情页,绿色建筑评价标识申报系统,,建筑、测绘与规划、绿色建筑评估师,cn-all-remaining-0940-94b2dc6a,退回 regulatory-registry：无参照站/无记录级数据，disposition: file，不进骨架适配流程
regulatory-registry,备案与合规申报检索库,FDA Orange Book / ECHA,17,人工改判,,厄贝沙坦片上市许可申请申报前资料核查与放行评估,申报资料版本核查,可检索档案库+详情页,药品注册信息管理系统(RIMS/eQMS),,医疗卫生、药品注册专员（制药企业,cn-all-remaining-0953-9271adc9,退回 regulatory-registry：无参照站/无记录级数据，disposition: file，不进骨架适配流程
regulatory-registry,备案与合规申报检索库,FDA Orange Book / ECHA,18,人工改判,,构建 Wikimedia 非营利组织税务、资助与关联方尽调审计,免税资格状态登记,主体档案+关联事件时间线,IRS/慈善机构信息披露平台(如ProPublica Nonprofit Explorer),Wikimedia Foundation,非营利组织税务与财务尽调 / F,cn-all-remaining-1098-eff835fa,退回 regulatory-registry：无参照站/无记录级数据，disposition: file，不进骨架适配流程
regulatory-registry,备案与合规申报检索库,FDA Orange Book / ECHA,19,人工改判,dataset-repository,NASA CNEOS 与 ESA NEOCC 近地天体撞击风险联合审计,撞击体批次+风险QC,批次-样品-检验/QC记录(LIMS/MES),近地天体撞击风险记录(Sentry/NEOCC虚拟撞击体与风险名单),NASA/JPL CNEOS Sentry,科学计算 / 行星防御 / 风险,cn-all-remaining-1190-ee12ce0a,dataset-repository→regulatory-registry：CNEOS/NEOCC 风险名录逐条对照
regulatory-registry,备案与合规申报检索库,FDA Orange Book / ECHA,20,人工改判,gov-statistics-portal,NCUA 2024 年信用合作社资本充足与复杂机构分类生命周期审计,季度批量统计下载,单表统计/观测数据下载门户,信用社季度Call Report记录,National Credit Union Administration (NCUA),金融监管 / 信用合作社审慎资本,cn-all-remaining-1182-3a8e8666,gov-statistics-portal→regulatory-registry：NCUA 季度 Call Report 机构申报
regulatory-registry,备案与合规申报检索库,FDA Orange Book / ECHA,21,人工改判,gov-statistics-portal,2023 Delaware HMDA Regulation C Release-Control Audit,贷款披露查询导出,单表统计/观测数据下载门户,FFIEC/CFPB HMDA Platform,HMDA Modified LAR,金融监管 / HMDA 合规数据,cn-all-remaining-1143-0899ebce,gov-statistics-portal→regulatory-registry：HMDA LAR 机构申报披露
seismic-datacenter,台站波形与事件目录,IRIS/FDSN Wilber,1,2/2,,2020 Magna真实地震序列完整性、b值、Omori衰减与空间结构联合分析,USGS地震目录检索导出,单表统计/观测数据下载门户,地震事件记录（位置/震级/质量）,USGS FDSN Event Web Service,科学类、地球科学研究人员,cn-all-remaining-0135-8319cf05,
seismic-datacenter,台站波形与事件目录,IRIS/FDSN Wilber,2,2/2,,区域地震 P、S 到时联合定位,台站P/S到时拾取定位,批次-样品-检验/QC记录(LIMS/MES),地震台站与P/S到时拾取记录,,科学类、地球科学研究人员,cn-all-remaining-0160-5d376197,
seismic-datacenter,台站波形与事件目录,IRIS/FDSN Wilber,3,2/2,,真实 SKS 剪切波分裂测量与上地幔各向异性评估,台站远震波形事件目录,单表统计/观测数据下载门户,远震事件波形目录条目,IU.COLA,科学类、地球科学研究人员,cn-all-remaining-0163-f216c49f,
seismic-datacenter,台站波形与事件目录,IRIS/FDSN Wilber,4,2/2,,Ridgecrest 主震后地震簇稳健双差重定位,余震目录台站重定位,批次-样品-检验/QC记录(LIMS/MES),余震目录事件与台站记录,Ridgecrest earthquake sequence catalog,科学类、地球科学研究人员,cn-all-remaining-0166-b4934700,
seismic-datacenter,台站波形与事件目录,IRIS/FDSN Wilber,5,2/2,,构建 NASA DONKI / NOAA SWPC 2024 年 5 月空间天气事件血缘与归因审计,跨机构事件目录归因,可检索档案库+详情页,DONKI太空天气事件(耀斑/CME/磁暴),NASA DONKI,科学数据工程 / 太空天气 / ,cn-all-remaining-1173-7c23ef43,
seismic-datacenter,台站波形与事件目录,IRIS/FDSN Wilber,6,2/2,,真实远震三分量响应校正、坐标旋转与震相验证,IRIS/FDSN 台站波形事件,数据集/资料仓库详情页,IRIS/FDSN,IU.ANMO,科学类、地球科学研究人员,cn-all-remaining-0151-f7249cf5,
seismic-datacenter,台站波形与事件目录,IRIS/FDSN Wilber,7,2/2,,环境噪声HVSR场地共振评估,IRIS台站波形数据,数据集/资料仓库详情页,IRIS/FDSN(通用地震台网数据中心),,科学类、地球科学研究人员,cn-all-remaining-0158-341df0ea,
seismic-datacenter,台站波形与事件目录,IRIS/FDSN Wilber,8,2/2,,三分量连续波形响应校正、重采样与质量检查,FDSN台站波形数据,时序监测点/日志事件记录,WG.WCA13台网数据中心,WG.WCA13,地球物理学,cn-all-remaining-0303-a8e1cff9,
seismic-datacenter,台站波形与事件目录,IRIS/FDSN Wilber,9,2/2,,背景噪声 PPSD、独立谱回代与台站频段适用性评估,台站PPSD噪声分析,时序监测点/日志事件记录,WG.WCA13台网数据中心,WG.WCA13,地球物理学,cn-all-remaining-0304-cbead67f,
seismic-datacenter,台站波形与事件目录,IRIS/FDSN Wilber,10,2/2,,三分量环境噪声频率依赖极化与方向稳定性分析,台站三分量连续记录,时序监测点/日志事件记录,WG.WCA13台网数据中心,WG.WCA13,地球物理学,cn-all-remaining-0305-ea897654,
seismic-datacenter,台站波形与事件目录,IRIS/FDSN Wilber,11,2/3,geospatial-portal,Utah FORGE公开数据下载、三维速度模型重建与可视化,地震速度剖面模型重建,,Utah FORGE GDR,Utah FORGE,科学类、地球科学研究人员,cn-all-remaining-0122-af317fbc,
seismic-datacenter,台站波形与事件目录,IRIS/FDSN Wilber,12,3/3,,构建 USGS 2024 地震影响产品发布血缘与版本修订审计,地震事件与产品目录,可检索档案库+详情页,USGS地震事件与竞争产品(矩张量/ShakeMap/PAGER),USGS Earthquake Hazards Program,地震数据工程 / 自然灾害影响产,cn-all-remaining-0649-f4bed7ef,
seismic-datacenter,台站波形与事件目录,IRIS/FDSN Wilber,13,3/3,,北加州 Cloverdale M4.24 事件后目录流水线方法缺陷审计、完备震级复算与发布门槛核验,USGS地震目录事件检索,时序监测点/日志事件记录,地震目录事件记录,USGS Earthquake Hazards Program,地球科学、地震科学研究员）,cn-all-remaining-1126-ac0908b4,
seismic-datacenter,台站波形与事件目录,IRIS/FDSN Wilber,14,3/3,,Utah FORGE 井轨迹与压裂微震几何下载、清洗及三维可视化,井轨迹+微震事件目录,,Utah FORGE GDR,Utah FORGE,科学类、地球科学研究人员,cn-all-remaining-0119-59547d3b,
seismic-datacenter,台站波形与事件目录,IRIS/FDSN Wilber,15,3/3,,实测背景噪声互相关、经验格林函数收敛性与可解释性评估,IRIS台站波形数据,时序监测点/日志事件记录,IRIS/FDSN,,科学类、地球科学研究人员,cn-all-remaining-0194-b11424c0,
seismic-datacenter,台站波形与事件目录,IRIS/FDSN Wilber,16,3/3,,Parkfield 重复地震 DTW/MWCS 频率依赖速度变化复现与评估,台网重复地震波形,时序监测点/日志事件记录,IRIS/NCEDC,,科学类、地球科学研究人员,cn-all-remaining-0243-885c2ff8,
seismic-datacenter,台站波形与事件目录,IRIS/FDSN Wilber,17,3/3,,实测多分量 C3 高阶地震干涉算法复现与验证,台网多分量噪声波形,时序监测点/日志事件记录,IRIS/SCEDC(Anza台网),Anza Seismic Network,科学类、地球科学研究人员,cn-all-remaining-0245-a6640871,
seismic-datacenter,台站波形与事件目录,IRIS/FDSN Wilber,18,3/3,,IGS NYA2 多星座 RINEX-Kp 完整性审计,IGS台站观测文件,时序监测点/日志事件记录,IGS,IGS,卫星导航,cn-all-remaining-0255-b2e13f01,
seismic-datacenter,台站波形与事件目录,IRIS/FDSN Wilber,19,人工改判,dataset-repository,真实 GNSS 速度场质量控制与稳健二维应变率反演,MIDAS 站点速度产品页,数据集/资料仓库详情页,MIDAS GNSS速度产品（UNR Geodetic Laboratory）,MIDAS,科学类、地球科学研究人员,cn-all-remaining-0148-25afc0d0,dataset-repository→seismic-datacenter：MIDAS GNSS 速度场产品
lims,实验室信息管理 LIMS,LabKey Server,1,2/2,,三流域农药暴露与底栖无脊椎动物群落响应的多源数据质控、混合效应建模与敏感性分析,水样批次检验结果,批次-样品-检验/QC记录(LIMS/MES),水样/生物样采集批次与LC-MS/MS结果,,科学类、环境科学家、科研数据分析,cn-all-remaining-0421-9128c0d2,
lims,实验室信息管理 LIMS,LabKey Server,2,2/2,,河口湿地甲烷通量多批次校准、脉冲事件与年度预算审计,GC校准批次结果,批次-样品-检验/QC记录(LIMS/MES),GC校准批次与箱体通量采样记录,,科学类、环境科学与科研数据分析,cn-all-remaining-0423-6de57e18,
lims,实验室信息管理 LIMS,LabKey Server,3,2/2,,四批次TMT蛋白质组同位素校正、桥接归一化与差异通路复核,TMT批次检验结果,批次-样品-检验/QC记录(LIMS/MES),TMT批次肽段/通道强度结果记录,,科学类、生物学研究人员,cn-all-remaining-0429-bb30f48c,
lims,实验室信息管理 LIMS,LabKey Server,4,2/3,mes-batch-release,五层主体结构实测实量、资料证据链复核与整改销项自动核验,检验批-试块-复测同LIMS结构,批次-样品-检验/QC记录(LIMS/MES),实测实量记录/检验批与试块台账,,建筑、测绘与规划-质量员,cn-all-remaining-0763-7c2e7f10,
lims,实验室信息管理 LIMS,LabKey Server,5,2/3,mes-batch-release,CHO细胞补料分批培养批次一致性、过程偏差与收获窗口评估,批次+在线离线检测+QC,批次-样品-检验/QC记录(LIMS/MES),培养批次在线/离线检测记录,,科学类、生物工艺科学人员,cn-all-remaining-0794-37667882,
lims,实验室信息管理 LIMS,LabKey Server,6,3/3,,24个月稳定性统计复核与货架期建议,批次+检验+质控,批次-样品-检验/QC记录(LIMS/MES),稳定性检验批次与结果,,药学专业人员,cn-all-remaining-0221-2cf3a288,
lims,实验室信息管理 LIMS,LabKey Server,7,3/3,,电子连接器来料关键特性、外观缺陷与量具校准批次复核,批次检验+量具校准,批次-样品-检验/QC记录(LIMS/MES),来料检验批次与测量记录,,    工程类、质量工程师   ,cn-all-remaining-0407-b77013e8,
lims,实验室信息管理 LIMS,LabKey Server,8,3/3,,LX-217无菌冻干注射剂工艺验证、稳定性趋势、OOS/OOT调查与批次放行,批次HPLC检验记录,批次-样品-检验/QC记录(LIMS/MES),批次与HPLC检测记录,,医疗卫生、药学专业人员,cn-all-remaining-0446-824b7977,
lims,实验室信息管理 LIMS,LabKey Server,9,3/3,,真空熟制鸡胸肉冷藏腐败货架期建模与温度波动评估,批次-平板计数-QC典型LIMS结构,批次-样品-检验/QC记录(LIMS/MES),LIMS平板菌落计数记录,,科学类、食品科学研究人员,cn-all-remaining-0754-26345d25,
lims,实验室信息管理 LIMS,LabKey Server,10,3/3,,磷酸铁锂电芯一致性、模组快充热安全与循环寿命联合评审及量产放行判定,电芯批次测试+QC放行,批次-样品-检验/QC记录(LIMS/MES),电芯/模组测试与循环记录,,工程类、电池工程师,cn-all-remaining-0801-3012a7dc,
lims,实验室信息管理 LIMS,LabKey Server,11,3/3,,DQL-217 CIA大鼠治疗性药效复核与确认性研究剂量推荐,动物给药检测批次记录,批次-样品-检验/QC记录(LIMS/MES),动物给药与检测结果记录,,医疗卫生、药企药理专员,cn-all-remaining-0833-4b7ceef4,
lims,实验室信息管理 LIMS,LabKey Server,12,3/3,,TRX-217 28天重复给药毒性数据质控、毒代重算与申办方综合评估,动物毒理批次检验记录,批次-样品-检验/QC记录(LIMS/MES),动物毒理检测记录,,医疗卫生、药物非临床安全性评价（,cn-all-remaining-0835-9f5c41bb,
lims,实验室信息管理 LIMS,LabKey Server,13,3/3,,多中心定量检测方法的精密度、Deming比对与实验室聚类Bootstrap评价,跨实验室检测结果+质控,批次-样品-检验/QC记录(LIMS/MES),跨实验室检测结果记录,,科学类、统计学家,cn-all-remaining-0901-a1264e29,
lims,实验室信息管理 LIMS,LabKey Server,14,3/3,,冷藏熟制鸡胸肉气调包装货架期建模与包装方案筛选,批次样品+微生物理化检测,批次-样品-检验/QC记录(LIMS/MES),样品清单及微生物/理化/感官检测结果,,科学类、食品科学研究人员,cn-all-remaining-0928-d694ced9,
lims,实验室信息管理 LIMS,LabKey Server,15,3/3,,冷藏即食食品CCP杀菌、冷链暴露、微生物风险与召回放行判定,批次CCP微生物检验,批次-样品-检验/QC记录(LIMS/MES),批次CCP/冷链/检验记录,,食品与质量安全—食品安全工程师,cn-all-remaining-0942-65033b58,
lims,实验室信息管理 LIMS,LabKey Server,16,3/3,,植入式骨科接骨板疲劳寿命、加速老化与批次一致性联合评审及设计转移/上市放行判定,批次疲劳老化检验,批次-样品-检验/QC记录(LIMS/MES),工程批可靠性试验记录,,工程类、医疗器械可靠性工程师,cn-all-remaining-0946-f43aaf57,
lims,实验室信息管理 LIMS,LabKey Server,17,3/3,,退役金属加工厂地下水氯代烃监测质控、趋势判定与羽流复核,监测井水质QC样品,批次-样品-检验/QC记录(LIMS/MES),监测井采样与水质结果,,科学类、环境科学家,cn-all-remaining-0950-9dedf66d,
lims,实验室信息管理 LIMS,LabKey Server,18,3/3,,片剂稳定性统计复核与货架期建议,批次时间点结果行,批次-样品-检验/QC记录(LIMS/MES),稳定性检验明细（批次/时间点/项目结果行）,,药学专业人员,cn-all-remaining-1131-804a6ac8,
lims,实验室信息管理 LIMS,LabKey Server,19,3/3,,农产品农药残留与 EPA 容许量合规审计（USDA PDP 2023）,样品-检验结果-规格表,可检索档案库+详情页,农药残留检测与法规记录,USDA Pesticide Data Program,农业实验室 / 食品安全监管数据,cn-all-remaining-1256-543f9374,
law-standard-library,法规与标准全文库,eCFR / 国家标准全文公开系统,1,2/2,,构建 DOL 2024 加班薪资门槛撤销与技术修订生命周期审计,条文版本+生效日期+对比,可检索档案库+详情页,联邦公报规则/eCFR条文版本记录,Federal Register,劳动法规 / Federal R,cn-all-remaining-1166-f86d5a49,
law-standard-library,法规与标准全文库,eCFR / 国家标准全文公开系统,2,2/3,regulatory-registry,美国口服直接抗凝药成人说明书关键用药条件结构化复核,药品标签全文版本库,可检索档案库+详情页,药品说明书标签记录,DailyMed,行业研究、药学专业人员,cn-all-remaining-0850-f0bd0a8c,
law-standard-library,法规与标准全文库,eCFR / 国家标准全文公开系统,3,2/3,regulatory-registry,USITC 2025 汽车 Section 232 两阶段关税变更控制审计,税则条文树+版本变更,可检索档案库+详情页,USITC HTS关税查询系统,United States International Trade Commission (USITC),贸易合规 / 海关关税工程 / ,cn-all-remaining-1095-9bcec495,
law-standard-library,法规与标准全文库,eCFR / 国家标准全文公开系统,4,3/3,,OMB 2024 Uniform Guidance 生效日法规变更控制审计,eCFR原文点名,可检索档案库+详情页,联邦法规条文与修订记录,eCFR (Electronic Code of Federal Regulations),法律与合规 / 政府财政援助监管,cn-all-remaining-0636-316cb833,
law-standard-library,法规与标准全文库,eCFR / 国家标准全文公开系统,5,3/3,,IETF RFC 与 IANA HTTP 注册表引用谱系治理审计,"RFC全文+引用关系,近标准库",可检索档案库+详情页,HTTP状态码/RFC索引记录,IANA HTTP Status Code Registry,开放标准治理 / HTTP 协议,cn-all-remaining-1249-ce04e010,
law-standard-library,法规与标准全文库,eCFR / 国家标准全文公开系统,6,3/3,,旧工业遗存城市更新改造项目综合策划与方案论证,规范标准全文与政策通知,,住建部政策文件库/国家标准全文公开系统,,建筑设计,cn-all-remaining-0004-4cdb03e3,
law-standard-library,法规与标准全文库,eCFR / 国家标准全文公开系统,7,3/3,,国内与国际危险品运输规则协同分析,危险品法规与IMDG规则库,,国家法规数据库/IMDG规则门户,,物流运营,cn-all-remaining-0035-880f8bef,
law-standard-library,法规与标准全文库,eCFR / 国家标准全文公开系统,8,3/3,,服务小程序适老化无障碍验收,适老化标准法规检索库,工单/缺陷/客服/审批跟踪,国家标准/法规政策公开检索平台,,计算机软件测试员,cn-all-remaining-0044-cf1dd46c,
law-standard-library,法规与标准全文库,eCFR / 国家标准全文公开系统,9,3/3,,基于CPIC指南的药物基因组学个体化用药决策支持系统构建与验证,CPIC临床指南全文,可检索档案库+详情页,CPIC(Clinical Pharmacogenetics Implementation Consortium),Clinical Pharmacogenetics Implementation Consortium (CPIC),医疗卫生,cn-all-remaining-0226-3fc6271b,
law-standard-library,法规与标准全文库,eCFR / 国家标准全文公开系统,10,3/3,,服务小程序适老化无障碍验收,政策法规标准全文,可检索档案库+详情页,国务院政策文件库/全国标准信息公共服务平台,,计算机软件测试员,cn-all-remaining-0237-8fc39a86,
law-standard-library,法规与标准全文库,eCFR / 国家标准全文公开系统,11,3/3,,国内与国际危险品运输规则协同分析,IMDG法规全文库,可检索档案库+详情页,国家法律法规数据库/IMO IMDG规则数据库,,物流运营,cn-all-remaining-0240-6c615bee,
law-standard-library,法规与标准全文库,eCFR / 国家标准全文公开系统,12,3/3,,GB 38031-2025切换期动力电池安全要求与工程影响研究,GB标准切换版本对比,可检索档案库+详情页,国家标准全文公开系统(GB标准库),,行业研究、汽车与动力电池,cn-all-remaining-0706-2999104d,
law-standard-library,法规与标准全文库,eCFR / 国家标准全文公开系统,13,3/3,,建筑信息模型技术员职业制度、区域机会与培训产品研究,职业标准编码版本对比,可检索档案库+详情页,国家职业技能标准/智能建造试点城市名录门户,,商业和金融类、市场调查分析师（行,cn-all-remaining-0740-641a9a26,
law-standard-library,法规与标准全文库,eCFR / 国家标准全文公开系统,14,3/3,,构建 SPDX 3.21→3.26、OSI 与 Kubernetes v1.31 SBOM 许可迁移门禁,许可证清单+版本迁移,可检索档案库+详情页,SPDX License List,Software Package Data Exchange,软件供应链 / SBOM / 开,cn-all-remaining-1171-bc798e9b,
law-standard-library,法规与标准全文库,eCFR / 国家标准全文公开系统,15,3/3,,DISA RHEL 9 STIG 与 NIST OSCAL 安全控制治理审计,规则树+控制映射,可检索档案库+详情页,DISA Cyber Exchange,DISA (Defense Information Systems Agency),安全配置治理 / Linux 基,cn-all-remaining-1179-fcde4aaf,
law-standard-library,法规与标准全文库,eCFR / 国家标准全文公开系统,16,3/3,,AHRQ 患者安全指标 v2023—v2024 临床代码集谱系与发布影响审计,代码集版本谱系,可检索档案库+详情页,AHRQ Quality Indicators (QI) 软件下载页,AHRQ Patient Safety Indicators (PSI),医疗质量 / 临床代码集发布治理,cn-all-remaining-1184-7d57859b,
law-standard-library,法规与标准全文库,eCFR / 国家标准全文公开系统,17,人工改判,dataset-repository,构建 Unicode 15.1 至 16.0 标识符安全迁移与同形碰撞审计产品,版本化属性数据集,可检索档案库+详情页,Unicode.org UCD 数据文件目录,Unicode Character Database,软件工程 / Unicode 标,cn-all-remaining-1169-9af1b22b,dataset-repository→law-standard-library：Unicode UCD 标准文本目录
law-standard-library,法规与标准全文库,eCFR / 国家标准全文公开系统,18,人工改判,regulatory-registry,DOE 与 Federal Register LNG 深水港申请生命周期及出口流量核验,许可文书含批准号状态史,可检索档案库+详情页,联邦公报LNG深水港许可文书记录,Maritime Administration (MARAD),能源行政法 / LNG 深水港授,cn-all-remaining-1266-830a170d,regulatory-registry→law-standard-library：联邦公报文书 + CFR
process-historian,工厂位号历史库,AVEVA PI Vision / Ignition Historian,1,1/3,apm-observability / asset-maintenance,5G园区网络MR/路测/告警融合、覆盖容量与参数优化复核,小区MR告警趋势,设备/资产台账+维护记录,小区MR/告警/邻区记录,,工程类—通信工程师,cn-all-remaining-0442-86e060cb,
process-historian,工厂位号历史库,AVEVA PI Vision / Ignition Historian,2,2/3,scada-hmi,10 kV园区馈线分布式光伏承载力与改造方案校核,馈线台账+趋势叠加,时序监测点/日志事件记录,馈线设备/负荷曲线,,行业研究、电力系统工程师,cn-all-remaining-0705-ab3d6465,
process-historian,工厂位号历史库,AVEVA PI Vision / Ignition Historian,3,2/3,asset-maintenance,5G SA 同频邻区审计、切换参数优化与离线回放验证,小区参数+计数器趋势,设备/资产台账+维护记录,小区工程参数与邻区关系,,工程类、通信工程师,cn-all-remaining-0737-64725a3f,
process-historian,工厂位号历史库,AVEVA PI Vision / Ignition Historian,4,2/3,scada-hmi,消费电子工厂0.4kV配电系统电能质量、无功补偿与保护整定整改冻结复核,位号时序趋势+保护整定,时序监测点/日志事件记录,变压器/馈线电能质量监测点位记录,,工程类、电气工程师,cn-all-remaining-0934-444b3c56,
process-historian,工厂位号历史库,AVEVA PI Vision / Ignition Historian,5,3/3,,工业空压站能效审计、停机保压泄漏核算与联控节能改造校核,位号趋势+泄漏子表,时序监测点/日志事件记录,压缩机运行数据与泄漏/维护记录,,机械工程,cn-all-remaining-0395-459e966d,
process-historian,工厂位号历史库,AVEVA PI Vision / Ignition Historian,6,3/3,,工业园区微电网日前调度、N-1韧性与方案放行评估,母线线路测量趋势,时序监测点/日志事件记录,母线/线路测量与调度记录,,工程类、电力系统工程师,cn-all-remaining-0439-e36f8864,
process-historian,工厂位号历史库,AVEVA PI Vision / Ignition Historian,7,3/3,,三级医院既有综合楼近零能耗改造与绿色建筑三星预评估,楼宇小时能耗历史,时序监测点/日志事件记录,楼宇BMS小时能耗记录,,建筑、测绘与规划,cn-all-remaining-0440-a3ce5637,
process-historian,工厂位号历史库,AVEVA PI Vision / Ignition Historian,8,3/3,,工业园区微电网多时段潮流、储能调度与N-1保护配合复核,母线线路运行测量,时序监测点/日志事件记录,母线/线路运行测量记录,,工程类—电力系统工程师,cn-all-remaining-0441-8ac911fe,
process-historian,工厂位号历史库,AVEVA PI Vision / Ignition Historian,9,3/3,,PHE-204换热器性能衰减诊断与停机清洗窗口决策,位号趋势+测点偏差诊断,时序监测点/日志事件记录,DCS历史库测点趋势记录,,工程类、化工工程师（工艺工程师）,cn-all-remaining-0758-4e0bb5b1,
process-historian,工厂位号历史库,AVEVA PI Vision / Ignition Historian,10,3/3,,T-301甲醇回收精馏塔物料衡算校正与节能操作窗口优化,DCS位号历史+化验事件,时序监测点/日志事件记录,DCS历史数据/化验分析记录,,工程类、化工工程师,cn-all-remaining-0815-9624faf6,
process-historian,工厂位号历史库,AVEVA PI Vision / Ignition Historian,11,3/3,,5G NR园区路测KPI分析、切换根因定位与优化闭环,路测点位时序+告警关联,时序监测点/日志事件记录,路测采样点/小区KPI记录,,工程类、通信工程师,cn-all-remaining-0830-86a394d4,
process-historian,工厂位号历史库,AVEVA PI Vision / Ignition Historian,12,3/3,,工业物联网时序数据迟到事件重放、设备日指标与告警补算,位号时序+报警子表,时序监测点/日志事件记录,设备时序事件,,信息技术与AI、大数据工程技术人,cn-all-remaining-0909-121120de,
process-historian,工厂位号历史库,AVEVA PI Vision / Ignition Historian,13,3/3,,PW-01纯化水系统季度回顾底稿修复、异常证据链复核与QA评审材料输出,BMS水质趋势位号,时序监测点/日志事件记录,BMS水质趋势与消毒维护记录,,医疗卫生、制药工程、药企公用系统,cn-all-remaining-0956-fb447e98,
process-historian,工厂位号历史库,AVEVA PI Vision / Ignition Historian,14,人工改判,dataset-repository,工业控制系统多变量时序异常检测 + 受影响过程根因定位,HAI GitHub基准数据集,数据集/资料仓库详情页,HAI Security Dataset GitHub仓库,HAI Security Dataset, 工业控制与功能安全,cn-all-remaining-0213-58019df6,dataset-repository→process-historian：HAI 工控时序
process-historian,工厂位号历史库,AVEVA PI Vision / Ignition Historian,15,人工改判,gov-statistics-portal,CISO 2021Q3 净负荷爬坡与负荷预测偏差复核,EIA-930电网小时数据查询导出,时序监测点/日志事件记录,电网小时运行数据记录,EIA Form 930 (Hourly Electric Grid Monitor),行业研究、电力系统工程师,cn-all-remaining-0863-d6bf7ae0,gov-statistics-portal→process-historian：EIA-930 逐时电网序列
process-historian,工厂位号历史库,AVEVA PI Vision / Ignition Historian,16,人工改判,gov-statistics-portal,德国电力负荷月度预测管道,"开放数据门户,纯查询下载",单表统计/观测数据下载门户,电网逐时负荷/发电记录,Open Power System Data,电力系统,cn-all-remaining-0072-1e08f36f,gov-statistics-portal→process-historian：OPSD 逐时负荷序列
process-historian,工厂位号历史库,AVEVA PI Vision / Ignition Historian,17,人工改判,gov-statistics-portal,希腊逐小时电力负荷预测管道,逐时负荷查询下载门户,单表统计/观测数据下载门户,逐小时电网负荷记录,Open Power System Data,电力,cn-all-remaining-0352-61295765,gov-statistics-portal→process-historian：OPSD 逐时负荷序列
geospatial-portal,地理与遥感数据门户,USGS EarthExplorer / Geofabrik,1,2/2,,Sentinel-2 影像子区地表覆盖分类,Sentinel-2遥感影像产品,可检索档案库+详情页,Sentinel-2影像产品,Sentinel-2,科学类,cn-all-remaining-0183-f366890f,
geospatial-portal,地理与遥感数据门户,USGS EarthExplorer / Geofabrik,2,2/3,back-office-ledger,滨河东片区保障性租赁住房地块筛选与15分钟生活圈补短板评估,地块坐标空间数据分析,企业运营台账(CRM/合同/采购/项目/库存),地块权属台账/建筑/租赁样本,"EPSG:4547 (CGCS2000 3-Degree Gauss-Kruger Zone, CM 114°E)",房地产、租赁与物业、城市规划师,cn-all-remaining-0822-6a5c9899,
geospatial-portal,地理与遥感数据门户,USGS EarthExplorer / Geofabrik,3,3/3,,DOE-FHWA 电动汽车替代燃料走廊充电站就绪度与缺口拓扑核验,"GeoJSON站点+走廊拓扑,地图型",可检索档案库+详情页,合格电动汽车充电站记录,DOE Alternative Fuels Data Center (AFDC),交通能源基础设施 / 电动汽车走,cn-all-remaining-1191-c00b9d6f,
geospatial-portal,地理与遥感数据门户,USGS EarthExplorer / Geofabrik,4,3/3,,Monaco OSM 矢量瓦片管道,Geofabrik地图瓦片下载,,Geofabrik,Geofabrik,地理信息系统,cn-all-remaining-0030-349ac3ae,
geospatial-portal,地理与遥感数据门户,USGS EarthExplorer / Geofabrik,5,3/3,,构建 NOAA–USCG 旧金山湾助航标志海图发布就绪度对账审计,NOAA海图瓦片下载,可检索档案库+详情页,NOAA ENC Product Catalog / ENC Direct,NOAA Electronic Navigational Chart (ENC),水道测量与电子海图数据工程 / ,cn-all-remaining-0641-e0995661,
geospatial-portal,地理与遥感数据门户,USGS EarthExplorer / Geofabrik,6,3/3,,重建 NOAA 纽约港 ENC 更新链并与 USCG 航标名录执行导航安全审计,NOAA海图更新链,可检索档案库+详情页,NOAA ENC Direct (按图幅编号下载页),NOAA Electronic Navigational Chart (ENC),水道测量与电子海图数据工程 / ,cn-all-remaining-0645-206c5b2d,
geospatial-portal,地理与遥感数据门户,USGS EarthExplorer / Geofabrik,7,3/3,,    多时相Sentinel-2冬小麦长势异常地块识别与风险核查    ,多时相影像地块检索,时序监测点/日志事件记录,Sentinel-2 (Copernicus),Sentinel-2,科学类、遥感科学与技术人员,cn-all-remaining-0721-5993d63c,
geospatial-portal,地理与遥感数据门户,USGS EarthExplorer / Geofabrik,8,3/3,,NYC MapPLUTO–建筑轮廓–DOB 占用证拓扑与谱系审计,地块建筑GIS数据,主体档案+关联事件时间线,NYC Planning MapPLUTO,MapPLUTO,城市规划 / 建筑 GIS / ,cn-all-remaining-1148-ddabd7cf,
geospatial-portal,地理与遥感数据门户,USGS EarthExplorer / Geofabrik,9,人工改判,dataset-repository,实测 MT/AMT EDI 质控与平滑一维电阻率反演,USGS 数据发布页,单表统计/观测数据下载门户,USGS 科学数据发布页（Data Series 901）,United States Geological Survey (USGS),科学类、地球科学研究人员,cn-all-remaining-0144-a17cd5ce,dataset-repository→geospatial-portal：USGS MT/AMT 地球物理测线，非数据集目录
geospatial-portal,地理与遥感数据门户,USGS EarthExplorer / Geofabrik,10,人工改判,dataset-repository,航磁测线交叉点平差与调平,航磁测线数据仓库,数据集/资料仓库详情页,地质调查数据仓库(如USGS航磁测线库),Comstock aeromagnetic survey data,科学类、地球科学研究人员,cn-all-remaining-0155-15cf16ab,dataset-repository→geospatial-portal：航磁测线库，几何/空间数据
geospatial-portal,地理与遥感数据门户,USGS EarthExplorer / Geofabrik,11,人工改判,dataset-repository,USDA SSURGO Sonoma Soil Foundation Interpretation Audit,图斑→构件→土层三级子表,批次-样品-检验/QC记录(LIMS/MES),SSURGO图斑/构件/土层记录,USDA Soil Data Access,环境岩土工程 / 土壤调查 / ,cn-all-remaining-1163-87b43970,dataset-repository→geospatial-portal：SSURGO 土壤空间数据库
geospatial-portal,地理与遥感数据门户,USGS EarthExplorer / Geofabrik,12,人工改判,regulatory-registry,FCC ULS Microwave Path and ASR Compliance Audit,许可主体检索+详情+变更史,可检索档案库+详情页,微波许可与天线结构注册记录,Federal Communications Commission,通信监管 / 固定微波频谱工程 ,cn-all-remaining-1149-9529549a,regulatory-registry→geospatial-portal：执照 + 塔坐标几何
geospatial-portal,地理与遥感数据门户,USGS EarthExplorer / Geofabrik,13,人工改判,regulatory-registry,构建 FAA Part 77 机场障碍物净空筛查与控制障碍物对账数据产品,机场检索详情页,可检索档案库+详情页,机场跑道端与障碍物记录,FAA National Airspace System Resources (NASR),航空工程 / 机场 GIS / ,cn-all-remaining-0632-5b302678,regulatory-registry→geospatial-portal：NASR 跑道/障碍物几何
geospatial-portal,地理与遥感数据门户,USGS EarthExplorer / Geofabrik,14,人工改判,regulatory-registry,构建 FAA 2608 仪表进近跑道就绪度与程序一致性审计产品,同112检索详情页,可检索档案库+详情页,机场跑道与仪表进近程序记录,FAA National Airspace System Resources (NASR),航空数据工程 / 仪表进近程序 ,cn-all-remaining-0633-f8c6a3ac,regulatory-registry→geospatial-portal：NASR 设施与程序文档
back-office-ledger,其他内部业务台账,飞书多维表格 / 简道云,1,1/3,ad-campaign-console / procurement-sourcing,在线招聘渠道续约复盘、RFP对账与2026采购策略,ATS月报台账兜底,单表统计/观测数据下载门户,ATS招聘渠道月度汇总记录,,行业研究、人力资源服务,cn-all-remaining-0322-c294fc85,
back-office-ledger,其他内部业务台账,飞书多维表格 / 简道云,2,2/2,,账户状态枚举与接口契约统一,状态枚举非可浏览表,单表统计/观测数据下载门户,账户状态案例记录,,后台管理系统,cn-all-remaining-0577-09649bc4,
back-office-ledger,其他内部业务台账,飞书多维表格 / 简道云,3,2/2,,Word考核表原生与HTML渲染模式整合：字段投影与精确拒绝,考核表内部台账,企业运营台账(CRM/合同/采购/项目/库存),员工考核评估记录,,文档自动化,cn-all-remaining-0594-0e93fd4c,建站反馈：输入是 records.json/rules.json 夹具，任务本身即契约校验；做成界面会把题毁掉，无站可建，disposition: file
back-office-ledger,其他内部业务台账,飞书多维表格 / 简道云,4,2/2,,600万吨级长流程钢厂短流程改造与低碳竞争力行业研究,生产能耗采购台账兜底,企业运营台账(CRM/合同/采购/项目/库存),生产/能耗/采购月度台账记录,,行业研究、冶金工程师（钢铁冶金）,cn-all-remaining-0704-e33a4f15,
back-office-ledger,其他内部业务台账,飞书多维表格 / 简道云,5,2/3,inventory-wms,多工厂冷链医药供应网络S&OP、运输排程与韧性发布准入,多表供应链无专类,订单/交易/支付/退款/物流流水,预测/订单/库存/生产/运输事件记录,,企业经营与战略决策、物流运营,cn-all-remaining-0670-306d841f,
back-office-ledger,其他内部业务台账,飞书多维表格 / 简道云,6,2/3,contract-project-ledger,Q3多项目组合资源冲突诊断与交付重排,多项目资源台账无贴合类,企业运营台账(CRM/合同/采购/项目/库存),项目/风险台账记录,,企业经营与战略决策、项目管理,cn-all-remaining-0881-7e2226c0,
back-office-ledger,其他内部业务台账,飞书多维表格 / 简道云,7,2/3,payment-reconciliation,薪资个税计算复核与发布封板审计,薪资台账无专属品类,企业运营台账(CRM/合同/采购/项目/库存),薪资记录,,薪酬福利与税务工程,cn-all-remaining-0968-a554494c,
back-office-ledger,其他内部业务台账,飞书多维表格 / 简道云,8,2/3,order-management,末端配送路线复核与数据质量审计委托,"无匹配类,内部台账兜底",主体档案+关联事件时间线,配送路线（计划vs实际）,,物流运营,cn-all-remaining-1206-037de182,
back-office-ledger,其他内部业务台账,飞书多维表格 / 简道云,9,3/3,,人民币固收组合估值、联合压力与调仓放行审计,债券持仓无专类台账,企业运营台账(CRM/合同/采购/项目/库存),债券持仓/发行人/评级记录,,金融与证券,cn-all-remaining-0433-48b9ac95,
back-office-ledger,其他内部业务台账,飞书多维表格 / 简道云,10,3/3,,信用债组合日终风险复核与低换手约束修复,债券持仓主数据台账,主体档案+关联事件时间线,债券持仓/主数据记录,,金融与证券、证券投资专业人员,cn-all-remaining-0858-a77c2bc1,
back-office-ledger,其他内部业务台账,飞书多维表格 / 简道云,11,人工改判,gov-statistics-portal,城市交通变化桑基图,城市统计表无详情页,单表统计/观测数据下载门户,城市交通变化统计记录,,数据可视化与信息图,cn-all-remaining-1140-3069d89e,gov-statistics-portal→back-office-ledger：无来源系统，输入是现成 Excel
back-office-ledger,其他内部业务台账,飞书多维表格 / 简道云,12,人工改判,gov-statistics-portal,三维条带图,地区-年份指标矩阵纯查询,地区×年份统计矩阵,地区-年份城镇化指标数据,,数据可视化与三维图形,cn-all-remaining-1204-d018a431,gov-statistics-portal→back-office-ledger：无来源系统，输入是现成 Excel
back-office-ledger,其他内部业务台账,飞书多维表格 / 简道云,13,人工改判,gov-statistics-portal,三维锥形曲线图,地区-年份指标矩阵纯查询,地区×年份统计矩阵,地区-年份城镇化指标数据,,数据可视化与三维图形,cn-all-remaining-1208-999d7a75,gov-statistics-portal→back-office-ledger：无来源系统，输入是现成 Excel
back-office-ledger,其他内部业务台账,飞书多维表格 / 简道云,14,人工改判,gov-statistics-portal,三维带状图绘制,"地区×年份统计表,无详情页",地区×年份统计矩阵,分地区年度城镇化指标记录,,统计可视化,cn-all-remaining-1248-a8692605,gov-statistics-portal→back-office-ledger：无来源系统，输入是现成 Excel
asset-maintenance,资产台账与维护记录 CMMS,Fiix / eMaint,1,2/2,,维修工单人员名称补全：状态迁移合同核验,维修工单资产台账,工单/缺陷/客服/审批跟踪,维修工单,,企业后端服务,cn-all-remaining-0606-2a5f0d02,建站反馈：输入是 records.json/rules.json 夹具，任务本身即契约校验；做成界面会把题毁掉，无站可建，disposition: file
asset-maintenance,资产台账与维护记录 CMMS,Fiix / eMaint,2,2/2,,FHWA Delaware Bridge Element Condition Reconciliation,桥梁资产清单+构件状态子表,设备/资产台账+维护记录,NBI桥梁与构件状态记录,Federal Highway Administration,交通基础设施 / 桥梁资产管理 ,cn-all-remaining-1161-7adde7ff,
asset-maintenance,资产台账与维护记录 CMMS,Fiix / eMaint,3,2/3,iot-device-console,道路智慧照明台账清洗、回路拓扑核查与节能改造优先级编制,资产台账+维保工单+能耗,设备/资产台账+维护记录,照明资产台账记录,,建筑、测绘与规划；智慧城市工程技,cn-all-remaining-0782-40b4e001,
asset-maintenance,资产台账与维护记录 CMMS,Fiix / eMaint,4,2/3,process-historian,LYO-03冻干机抽真空超时偏差调查、参数恢复验证与PM表单修订,设备趋势报警CMMS,时序监测点/日志事件记录,设备批次趋势与报警事件,,医疗卫生、制药工程设备工程师,cn-all-remaining-0955-5ce45980,
asset-maintenance,资产台账与维护记录 CMMS,Fiix / eMaint,5,2/3,gov-statistics-portal,EIA-860 California and Texas generator transition and ownership audit,发电资产台账+退役,设备/资产台账+维护记录,EIA (U.S. Energy Information Administration),EIA Form 860 (Annual Electric Generator Report),Electric power a,cn-all-remaining-1220-8b5989c4,
asset-maintenance,资产台账与维护记录 CMMS,Fiix / eMaint,6,3/3,,构建 MTA 地铁无障碍资产与站点运维审计数据产品,资产清单+可用率,设备/资产台账+维护记录,地铁站点复合体/出入口/电梯扶梯资产及可用率记录,Metropolitan Transportation Authority (MTA),公共交通 / 资产数据工程 / ,cn-all-remaining-0241-a840346d,
asset-maintenance,资产台账与维护记录 CMMS,Fiix / eMaint,7,3/3,,雨水管道增容改造设计与工程费优化,检查井管段台账,设备/资产台账+维护记录,雨水管网检查井/管段台账记录,,建筑、测绘与规划,cn-all-remaining-0457-b003c365,
asset-maintenance,资产台账与维护记录 CMMS,Fiix / eMaint,8,3/3,,构建 EIA Texas 2024 发电机生命周期与运营对账审计产品,发电机资产台账,设备/资产台账+维护记录,发电机资产记录,EIA Form 860,能源监管 / 电力资产与运营数据,cn-all-remaining-0638-0c7751f3,
asset-maintenance,资产台账与维护记录 CMMS,Fiix / eMaint,9,3/3,,构建 EIA-EPA 2023 发电机发电量重建与 eGRID 跨机构审计数据产品,发电机资产台账,设备/资产台账+维护记录,发电机与发电量记录,EIA Form 860,数据工程 / 能源监管数据 / ,cn-all-remaining-0639-858c15f4,
asset-maintenance,资产台账与维护记录 CMMS,Fiix / eMaint,10,3/3,,构建纽约州活动桥法规运营日历与联邦—州资产对账数据产品,活动桥资产台账,设备/资产台账+维护记录,活动桥资产记录,33 CFR Part 117,交通基础设施 / 海事运营合规 ,cn-all-remaining-0643-75f76d95,
asset-maintenance,资产台账与维护记录 CMMS,Fiix / eMaint,11,3/3,,构建 FRA Cook County 道口生命周期、事故时点与 ENS 监管审计数据产品,道口资产+事故子表,设备/资产台账+维护记录,铁路道口清单与事故记录,Federal Railroad Administration,数据科学,cn-all-remaining-0651-88bde7d0,
asset-maintenance,资产台账与维护记录 CMMS,Fiix / eMaint,12,3/3,,工业伺服驱动器直流母线电容现场可靠性与加速寿命联合评估,装机台账+返修工单+CMMS,设备/资产台账+维护记录,装机台账与返修工单记录,,工程类、可靠性工程师,cn-all-remaining-0786-4163d316,
asset-maintenance,资产台账与维护记录 CMMS,Fiix / eMaint,13,3/3,,保障性租赁住房多源运营风险排查与物业整改闭环,房源资产+工单维护台账,设备/资产台账+维护记录,房源/租约/门禁/水电/工单/巡检记录,,房地产、租赁与物业、智慧城市管理,cn-all-remaining-0808-c3e94902,
asset-maintenance,资产台账与维护记录 CMMS,Fiix / eMaint,14,3/3,,FHWA 国家隧道检查合规与年度资产生命周期审计,资产台账+检查子表,设备/资产台账+维护记录,FHWA National Tunnel Inventory,FHWA National Tunnel Inventory,交通基础设施 / 国家隧道检查 ,cn-all-remaining-1265-1a7bc99d,
order-management,订单与履约管理,Shopify Admin / 旺店通,1,2/2,,文创品牌双11经营、投放与素材表现联合复盘,订单退款为主线台账,订单/交易/支付/退款/物流流水,订单/退款/广告投放记录,,设计、文创与媒体、电子商务数据分,cn-all-remaining-0695-73fb8b8c,
order-management,订单与履约管理,Shopify Admin / 旺店通,2,2/2,,手游限时活动奖励发放、请求幂等与玩家经济闭环审计,请求账本流水幂等状态流转,订单/交易/支付/退款/物流流水,游戏运营/GM账本后台,,    游戏与互动内容、游戏服务,cn-all-remaining-0399-6ddf0530,
order-management,订单与履约管理,Shopify Admin / 旺店通,3,2/2,,跨服公会战赛季事件流重放、排名结算与奖励补偿核验,事件流账本对账补发冲正,订单/交易/支付/退款/物流流水,游戏服务端GM/运营管理后台,,游戏与互动内容、游戏服务端开发工,cn-all-remaining-0422-d68716cc,
order-management,订单与履约管理,Shopify Admin / 旺店通,4,2/3,inventory-wms,医药商业出库台账波动归因与集中暴露可复验审计,订单主表+发货承运子记录,企业运营台账(CRM/合同/采购/项目/库存),医药出库订单明细,,商业运营、医药流通数据审计与物流,cn-all-remaining-0318-6f22c371,
order-management,订单与履约管理,Shopify Admin / 旺店通,5,2/3,procurement-sourcing,华东区域三仓分拨与承运商份额调整决策,逐票订单分拨与发货记录,订单/交易/支付/退款/物流流水,逐票订单/承运商报价,,企业经营与战略决策（物流运营）,cn-all-remaining-0868-8fb1b76d,
order-management,订单与履约管理,Shopify Admin / 旺店通,6,2/3,payment-reconciliation,网约车计费核验与发布封板审计,行程订单+费用明细,订单/交易/支付/退款/物流流水,网约车行程记录,,网约车 / 出行,cn-all-remaining-0976-5aa6f01c,
order-management,订单与履约管理,Shopify Admin / 旺店通,7,3/3,,多渠道订单ETL清洗、资金对账与经营日报复核,订单支付退款子表,订单/交易/支付/退款/物流流水,多渠道订单/支付/退款记录,WeChat Mini Program,信息技术与AI、大数据工程技术人,cn-all-remaining-0408-a8f2c013,
order-management,订单与履约管理,Shopify Admin / 旺店通,8,3/3,,跨境电商多源CDC湖仓重放、SCD2与财务对账发布准入,订单支付退款子记录,订单/交易/支付/退款/物流流水,订单/客户/支付/退款记录,,信息技术与AI、大数据工程技术人,cn-all-remaining-0438-8bd2d962,
order-management,订单与履约管理,Shopify Admin / 旺店通,9,3/3,,华东大区半年度销售经营复盘、Q3预测与目标拆解,ERP开票明细+状态流转,企业运营台账(CRM/合同/采购/项目/库存),开票明细/商机记录,ERP (Enterprise Resource Planning System),企业经营与战略决策、销售主管,cn-all-remaining-0780-37b43f72,
order-management,订单与履约管理,Shopify Admin / 旺店通,10,3/3,,华东仓配网络重构与2026旺季产能采购决策,发运明细近似发货子记录,订单/交易/支付/退款/物流流水,发运明细记录,,企业经营与战略决策、物流运营管理,cn-all-remaining-0789-19e1e516,
order-management,订单与履约管理,Shopify Admin / 旺店通,11,3/3,,即时零售订单湖仓增量入仓、迟到数据回补与经营宽表重建,订单支付退款配送事件,订单/交易/支付/退款/物流流水,订单/支付/退款/配送事件记录,,信息技术与AI、大数据工程技术人,cn-all-remaining-0798-e29ecb95,
order-management,订单与履约管理,Shopify Admin / 旺店通,12,3/3,,    原创文创品牌 Q2 经营复盘与 618 投放预算重分配    ,订单退款流量流水,订单/交易/支付/退款/物流流水,订单/退款/流量投放记录,Tmall,    设计、文创与媒体、电子商,cn-all-remaining-0862-62ba3ff3,
order-management,订单与履约管理,Shopify Admin / 旺店通,13,3/3,,文创电商 618 多平台经营复盘、订单级素材归因与预算重分配,订单退款子记录+归因,订单/交易/支付/退款/物流流水,订单/退款/广告投放记录,Tmall,设计、文创与媒体、电子商务数据分,cn-all-remaining-0930-3befd0d2,
enforcement-case,执法案件与处罚检索,EPA ECHO / PHMSA,1,2/2,,SEC 2024 Adjudicatory Proceeding Lifecycle Audit,案卷列表+详情+阶段时间线,可检索档案库+详情页,行政裁决案卷/委员会命令记录,U.S. Securities and Exchange Commission (SEC),证券监管 / 行政裁决案卷管理 ,cn-all-remaining-1152-b88db992,
enforcement-case,执法案件与处罚检索,EPA ECHO / PHMSA,2,2/2,,构建 2024 镀锡轧材 Commerce-USITC 贸易救济生命周期审计,AD/CVD案件+阶段时间线,可检索档案库+详情页,联邦公报贸易救济公告与USITC裁定,Federal Register,国际贸易救济 / 反倾销与反补贴,cn-all-remaining-1167-66c3f015,
enforcement-case,执法案件与处罚检索,EPA ECHO / PHMSA,3,2/3,asset-maintenance,NRC 2024 年 5 月核电机组事件通知、监管时限与运行状态联动审计,事件通知与时间线,设备/资产台账+维护记录,事件通知与机组运行状态记录,Nuclear Regulatory Commission (NRC),核能监管 / 核电运行监督 / ,cn-all-remaining-1092-7a4f421f,
enforcement-case,执法案件与处罚检索,EPA ECHO / PHMSA,4,2/3,gov-statistics-portal,构建 GAO FY2020–FY2024 政府采购抗议法定控制审计,抗议案件阶段时间线,单表统计/观测数据下载门户,eCFR / GAO年度报告数据库,eCFR (Electronic Code of Federal Regulations),政府采购 / GAO 抗议 / ,cn-all-remaining-1168-082afeef,
enforcement-case,执法案件与处罚检索,EPA ECHO / PHMSA,5,3/3,,构建 BSEE 2024 海上设施事故、调查与检查执法连续性审计,事故调查执法案件,设备/资产台账+维护记录,海上设施事故/调查/检查/INC执法记录,Bureau of Safety and Environmental Enforcement (BSEE),能源与海上安全监管 / 法规数据,cn-all-remaining-0650-3d91eb5e,
enforcement-case,执法案件与处罚检索,EPA ECHO / PHMSA,6,3/3,,MSHA 2024-H2 Impact Inspection Enforcement and Adjudication Audit,检查违规诉讼案件,可检索档案库+详情页,矿山检查/违规/评估/诉讼记录,Mine Safety and Health Administration (MSHA),Government / Min,cn-all-remaining-1099-a6550f2f,
enforcement-case,执法案件与处罚检索,EPA ECHO / PHMSA,7,3/3,,伊利诺伊饮用水违规与执法生命周期审计（EPA SDWIS）,违规案件+执法时间线,主体档案+关联事件时间线,饮用水系统违规执法记录,EPA SDWIS (Safe Drinking Water Information System),饮用水合规 / 监管执法数据审计,cn-all-remaining-1257-2f561d5d,
enforcement-case,执法案件与处罚检索,EPA ECHO / PHMSA,8,3/3,,OSHA 德州电力行业检查、引用标准与罚款闭包审计,检查案件+引用+罚款,批次-样品-检验/QC记录(LIMS/MES),OSHA检查与引用记录,OSHA Integrated Management Information System (IMIS),劳动执法 / 职业安全 / 检查,cn-all-remaining-1262-e78cfd80,
enforcement-case,执法案件与处罚检索,EPA ECHO / PHMSA,9,3/3,,PHMSA 管道安全执法案件阶段、引用法规与处罚闭包审计,案件阶段+法规+处罚,批次-样品-检验/QC记录(LIMS/MES),PHMSA管道执法案件记录,PHMSA Enforcement Raw Data,交通与能源基础设施监管 / 管道,cn-all-remaining-1264-008f2bdb,
enforcement-case,执法案件与处罚检索,EPA ECHO / PHMSA,10,人工改判,regulatory-registry,NHTSA Recall Campaign Completion Lifecycle Audit,召回登记+状态变更史,可检索档案库+详情页,NHTSA召回活动记录,National Highway Traffic Safety Administration (NHTSA) Recalls,Transportation s,cn-all-remaining-1175-e6dc03a4,regulatory-registry→enforcement-case：召回=执法/案件生命周期
enforcement-case,执法案件与处罚检索,EPA ECHO / PHMSA,11,人工改判,regulatory-registry,美加 2024 年消费品召回标识、伤害与补救措施跨境一致性审计,跨境召回登记+状态,可检索档案库+详情页,召回案例记录,Consumer Product Safety Commission (CPSC),消费品安全 / 跨境召回监管 /,cn-all-remaining-1177-c31afdfe,regulatory-registry→enforcement-case：召回=执法/案件生命周期
enforcement-case,执法案件与处罚检索,EPA ECHO / PHMSA,12,人工改判,regulatory-registry,受制裁主体交易对手筛查与所有权穿透判定：从别名噪声与股权登记到可复核的阻断决定,受制裁主体检索+状态详情,可检索档案库+详情页,受制裁主体/交易对手记录,,国际政治经济学,cn-all-remaining-0021-e1224663,regulatory-registry→enforcement-case：制裁筛查与阻断决定
crm-pipeline,客户与商机 CRM,Salesforce / 纷享销客,1,2/2,,长三角既有公共建筑结构检测鉴定与加固设计服务市场研究与区域进入建议,项目线索客户名录,企业运营台账(CRM/合同/采购/项目/库存),项目线索与机构名录,,建筑工程、行业研究（结构工程设计,cn-all-remaining-0414-b2da4750,
crm-pipeline,客户与商机 CRM,Salesforce / 纷享销客,2,2/2,,客户申请地区字段同步：画布边界与矩形校验,客户申请记录字段,企业运营台账(CRM/合同/采购/项目/库存),客户申请记录,,企业应用,cn-all-remaining-0581-e08e758f,建站反馈：输入是 records.json/rules.json 夹具，任务本身即契约校验；做成界面会把题毁掉，无站可建，disposition: file
crm-pipeline,客户与商机 CRM,Salesforce / 纷享销客,3,2/2,,2024—2026 AR应用开发工程师项目机会、技术栈与产能研究,原文点名CRM系统,企业运营台账(CRM/合同/采购/项目/库存),CRM项目机会/岗位需求记录,CRM (Customer Relationship Management system),行业研究、AR应用开发工程师,cn-all-remaining-0686-25b0fcd7,
crm-pipeline,客户与商机 CRM,Salesforce / 纷享销客,4,2/3,back-office-ledger,B2B SaaS试用转付费漏斗诊断与Q4产品运营策略排期,试用账号事件订阅工单,主体档案+关联事件时间线,试用账号/行为事件/订阅/工单记录,,企业经营与战略决策、产品运营,cn-all-remaining-0837-ac7b8f92,
crm-pipeline,客户与商机 CRM,Salesforce / 纷享销客,5,3/3,,6月会员续费下滑复盘与分层召回名单,会员+触达时间线近CRM,主体档案+关联事件时间线,会员到期/支付/使用/触达记录,,产品运营,cn-all-remaining-0220-bb326e7d,
crm-pipeline,客户与商机 CRM,Salesforce / 纷享销客,6,3/3,,华东事业部Q2销售经营复盘与Q3目标拆解,CRM商机跟进流水,企业运营台账(CRM/合同/采购/项目/库存),CRM订单流水与商机记录,,企业经营与战略决策、销售主管,cn-all-remaining-0731-abeed8dd,
crm-pipeline,客户与商机 CRM,Salesforce / 纷享销客,7,3/3,,2026 Q4 企业客户续约风险诊断与服务资源配置,客户合同+跟进+健康评分,企业运营台账(CRM/合同/采购/项目/库存),客户合同/工单记录,,企业经营与战略决策、企业服务专员,cn-all-remaining-0779-2c9670ba,
crm-pipeline,客户与商机 CRM,Salesforce / 纷享销客,8,3/3,,长三角新能源叉车短租业务城市进入优先级与三年经营测算,销售线索为核心记录,企业运营台账(CRM/合同/采购/项目/库存),销售线索/竞品报价记录,,企业经营与战略决策、行业研究员,cn-all-remaining-0827-a07867a4,
crm-pipeline,客户与商机 CRM,Salesforce / 纷享销客,9,3/3,,2025Q4华东区销售预测、目标拆解与重点商机资源配置,CRM商机记录,企业运营台账(CRM/合同/采购/项目/库存),CRM商机记录,,企业经营与战略决策、销售主管,cn-all-remaining-0856-1dd34f40,
crm-pipeline,客户与商机 CRM,Salesforce / 纷享销客,10,3/3,,重点企业客户续约风险诊断与90天挽回方案,客户合同工单跟进台账,企业运营台账(CRM/合同/采购/项目/库存),客户合同/工单/开票记录,,企业经营与战略决策、企业服务专员,cn-all-remaining-0871-83e54e58,
crm-pipeline,客户与商机 CRM,Salesforce / 纷享销客,11,3/3,,华东区Q3销售目标分解、客户归属调整与重点商机治理,CRM商机客户台账,企业运营台账(CRM/合同/采购/项目/库存),CRM商机记录,,企业经营与战略决策、销售主管,cn-all-remaining-0879-9c1c7e3e,
crm-pipeline,客户与商机 CRM,Salesforce / 纷享销客,12,3/3,,    产业园区企业诉求、政策申报与重点企业服务闭环复盘    ,企业主体+跟进时间线,主体档案+关联事件时间线,企业主数据/工单/走访/申报记录,,    企业经营与战略决策   ,cn-all-remaining-0965-3d040bba,
contract-project-ledger,合同与项目结算台账,广联达 / 明源云,1,2/2,,B2B合同回款、退款与销售佣金结算复核,合同回款佣金结算,企业运营台账(CRM/合同/采购/项目/库存),合同与资金流水,,企业经营与战略决策—销售主管,cn-all-remaining-0419-94921508,
contract-project-ledger,合同与项目结算台账,广联达 / 明源云,2,2/2,,住宅项目月度履约偏差诊断、里程碑滚动预测与四周纠偏,工程合同进度台账,企业运营台账(CRM/合同/采购/项目/库存),计划任务/合同/问题台账,,房地产、房地产开发项目管理,cn-all-remaining-0702-51ec01fc,
contract-project-ledger,合同与项目结算台账,广联达 / 明源云,3,2/2,,构建 GSA 交付订单修改生命周期、义务额台账与父 IDV 对账产品,订单变更签证+义务额付款子表,企业运营台账(CRM/合同/采购/项目/库存),联邦采购合同/订单交易记录,USAspending,联邦采购 / 合同变更控制 / ,cn-all-remaining-1144-8a6c2142,
contract-project-ledger,合同与项目结算台账,广联达 / 明源云,4,2/2,,市政排水改造项目月度进度更新、挣值分析与纠偏计划,项目进度变更付款结算台账,企业运营台账(CRM/合同/采购/项目/库存),工程项目管理平台(如Primavera/广联达),,工程类、工程项目经理,cn-all-remaining-0325-eb2f0968,
contract-project-ledger,合同与项目结算台账,广联达 / 明源云,5,3/3,,办公楼精装修工程量、变更与进度款复核,计量签认+变更台账,企业运营台账(CRM/合同/采购/项目/库存),工程量计量签认与变更记录,,建筑、测绘与规划、工程造价人员,cn-all-remaining-0410-7e8ac79d,
contract-project-ledger,合同与项目结算台账,广联达 / 明源云,6,3/3,,2026年Q4项目组合重排与关键资源调度决策,项目台账资源排期,企业运营台账(CRM/合同/采购/项目/库存),项目组合台账（在途项目）,,企业经营与战略决策、项目经理,cn-all-remaining-0841-33f3a229,
contract-project-ledger,合同与项目结算台账,广联达 / 明源云,7,3/3,,办公楼机电安装工程第6期进度款审核、变更签证与超付风险复核,进度款+变更签证审核,企业运营台账(CRM/合同/采购/项目/库存),计量与变更签证记录,,建筑、测绘与规划、工程造价人员,cn-all-remaining-0911-57247e16,
contract-project-ledger,合同与项目结算台账,广联达 / 明源云,8,3/3,,住宅地下车库工程量清单复核、最高投标限价及变更影响审计,工程结算变更台账,企业运营台账(CRM/合同/采购/项目/库存),广联达等工程造价招标平台,,房地产、工程造价师,cn-all-remaining-0796-238e5327,
contract-project-ledger,合同与项目结算台账,广联达 / 明源云,9,3/3,,写字楼租赁区精装修及机电改造工程结算审核,装修工程结算审核,企业运营台账(CRM/合同/采购/项目/库存),工程造价/合同结算管理平台（通用，如广联达）,,房地产、租赁与物业；工程造价师,cn-all-remaining-0864-82ecf25a,
contract-project-ledger,合同与项目结算台账,广联达 / 明源云,10,3/3,,市政排水工程月度进度更新、恢复计划与变更评估,项目进度合同台账,企业运营台账(CRM/合同/采购/项目/库存),Primavera P6 / Procore 类工程项目管理系统,,工程类、工程项目经理,cn-all-remaining-1132-08f39a42,
contract-project-ledger,合同与项目结算台账,广联达 / 明源云,11,人工改判,gov-statistics-portal,FCC E-Rate 2023 资金年度学校宽带折扣、承诺与拨款生命周期审计,资助按年出表下载,单表统计/观测数据下载门户,E-Rate资助申请与承诺记录,USAC,电信监管 / 教育宽带数据工程,cn-all-remaining-1188-be477324,gov-statistics-portal→contract-project-ledger：E-Rate 承诺/拨款/发票生命周期
ticket-tracker,工单与缺陷跟踪,Jira / Zendesk,1,2/2,,画中画视频服务配置收敛,请求状态轮询似工单,工单/缺陷/客服/审批跟踪,视频生成请求/任务,,视频生成服务,cn-all-remaining-0570-aca01108,
ticket-tracker,工单与缺陷跟踪,Jira / Zendesk,2,2/2,,工单分析表结构与查询索引落地,工单字段结构本体,工单/缺陷/客服/审批跟踪,工单/工作项记录,,企业工单系统,cn-all-remaining-0572-5e9cacdd,
ticket-tracker,工单与缺陷跟踪,Jira / Zendesk,3,2/2,,工单投影查询语义与索引清理,工单查询排序索引,工单/缺陷/客服/审批跟踪,工单,,后端数据服务,cn-all-remaining-0578-e86fdf1b,建站反馈：输入是 records.json/rules.json 夹具，任务本身即契约校验；做成界面会把题毁掉，无站可建，disposition: file
ticket-tracker,工单与缺陷跟踪,Jira / Zendesk,4,2/2,,衡云费控移动端差旅报销关键流程体验整改,客服工单+漏斗，工单类最贴,工单/缺陷/客服/审批跟踪,客服工单与会话漏斗记录,,设计、文创与媒体、用户体验设计师,cn-all-remaining-0682-ffc004ef,
ticket-tracker,工单与缺陷跟踪,Jira / Zendesk,5,2/2,,版本封板前的战斗系统自动化回归,用例缺陷聚类严重等级通过率,工单/缺陷/客服/审批跟踪,游戏战斗自动化测试/结算后台,,    游戏与互动内容、游戏自动,cn-all-remaining-0326-9882d4ca,
ticket-tracker,工单与缺陷跟踪,Jira / Zendesk,6,2/3,ml-experiment-tracking,多渠道客服意图路由模型灰度上线准入复核与人工兜底策略评审,客服会话路由记录,工单/缺陷/客服/审批跟踪,客服工单/会话记录,,数据科学、AI算法科学家,cn-all-remaining-1123-2b49c9e3,
ticket-tracker,工单与缺陷跟踪,Jira / Zendesk,7,3/3,,游戏工程自动化回归测试用例梳理,缺陷工单列表,工单/缺陷/客服/审批跟踪,手工测试缺陷工单,,    游戏自动化测试工程师,cn-all-remaining-0223-6433ad04,
ticket-tracker,工单与缺陷跟踪,Jira / Zendesk,8,3/3,,方案联审列表状态与年份排序,状态优先级+排序的工单式列表,工单/缺陷/客服/审批跟踪,方案联审记录,,项目流程管理,cn-all-remaining-0495-5d0e7157,
ticket-tracker,工单与缺陷跟踪,Jira / Zendesk,9,3/3,,工单查询语句与索引收紧：检索分页与越界诊断,工单查询记录,工单/缺陷/客服/审批跟踪,工单查询结果记录,,后端服务,cn-all-remaining-0618-a217bf7e,建站反馈：输入是 records.json/rules.json 夹具，任务本身即契约校验；做成界面会把题毁掉，无站可建，disposition: file
ticket-tracker,工单与缺陷跟踪,Jira / Zendesk,10,3/3,,手游战斗结算规则回归、缺陷定位与自动化发布门槛核验    ,用例缺陷严重度跟踪,工单/缺陷/客服/审批跟踪,手游战斗数值/自动化测试配置后台,,游戏与互动内容、战斗系统测试,cn-all-remaining-0271-7788ccc0,
document-library,文档库与版本管理,SharePoint / 语雀,1,1/3,audit-findings / clinical-trial-edc,中国区多中心启动周会对账、风险分层与跟进闭环,eTMF文档+版本历史,可检索档案库+详情页,中心启动/eTMF文件记录,,医疗卫生、项目助理,cn-all-remaining-0709-411a7a8e,
document-library,文档库与版本管理,SharePoint / 语雀,2,2/2,,文档库列表补充文件大小与上传提示,文档列表文件属性,可检索档案库+详情页,文档库文件条目,,企业知识库前端,cn-all-remaining-0576-f1a9f22f,
document-library,文档库与版本管理,SharePoint / 语雀,3,2/2,,文档库上传弹窗重构：路由与权限接通核验,文档上传交互,可检索档案库+详情页,文档库文档条目,,前端工程,cn-all-remaining-0591-34a6f98a,建站反馈：输入是 records.json/rules.json 夹具，任务本身即契约校验；做成界面会把题毁掉，无站可建，disposition: file
document-library,文档库与版本管理,SharePoint / 语雀,4,2/2,,知识检索结果下钻与回答证据联动：文档证据排序与截取,检索文档证据列表,可检索档案库+详情页,知识检索文档证据,,知识应用,cn-all-remaining-0608-a7575ce7,建站反馈：输入是 records.json/rules.json 夹具，任务本身即契约校验；做成界面会把题毁掉，无站可建，disposition: file
document-library,文档库与版本管理,SharePoint / 语雀,5,2/3,dataset-repository,大都会艺术博物馆藏品与 Getty AAT 权威词迁移审计,藏品图文+元数据+版本迁移,可检索档案库+详情页,博物馆藏品对象记录,Metropolitan Museum of Art,博物馆信息学 / 藏品数据工程 ,cn-all-remaining-1193-f47eaab5,
document-library,文档库与版本管理,SharePoint / 语雀,6,3/3,,报告文件下载链路说明与模拟验证,报告文件下载状态与版本,可检索档案库+详情页,报告下载请求记录,,企业文件服务,cn-all-remaining-0518-b6641c0c,
document-library,文档库与版本管理,SharePoint / 语雀,7,3/3,,构建美国国会图书馆中文 MARC 多语种权威与系谱迁移审计产品,书目库版本关联,可检索档案库+详情页,中文MARC书目记录,Library of Congress,数据科学,cn-all-remaining-1097-96b36b44,
document-library,文档库与版本管理,SharePoint / 语雀,8,3/3,,跨机构 IIIF 文化遗产清单互操作与迁移治理审计,manifest树+元数据+预览,可检索档案库+详情页,机构IIIF文化遗产manifest记录,Smithsonian Institution,数字文化遗产 / IIIF 开放,cn-all-remaining-1253-671145bb,
document-library,文档库与版本管理,SharePoint / 语雀,9,人工改判,dataset-repository,构建 NGA / Wikidata 藏品构成者权威、时间与多角色调和审计,开放数据集变量表,可检索档案库+详情页,NGA Open Data (GitHub) / Wikidata,National Gallery of Art (NGA) Open Data,文化遗产数据 / 博物馆权威控制,cn-all-remaining-1174-a98c2f1e,dataset-repository→document-library：NGA/Wikidata 藏品权威记录
omics-repository,组学与生物数据仓库,NCBI GEO / ENA,1,2/2,,immune inflitration,TCGA样本层级检索,数据集/资料仓库详情页,TCGA/GDC Data Portal,The Cancer Genome Atlas,SCI科研绘图immune in,cn-all-remaining-0297-075420d6,
omics-repository,组学与生物数据仓库,NCBI GEO / ENA,2,2/3,regulatory-registry,长 QT 综合征候选变异的群体频率证据评估,变异频率基因库结构,可检索档案库+详情页,变异等位基因频率记录,,临床遗传学,cn-all-remaining-0356-d600f1dc,
omics-repository,组学与生物数据仓库,NCBI GEO / ENA,3,2/3,dataset-repository,SWC 神经元形态重建与多指标量化分析,"神经元重建库,类生物库",可检索档案库+详情页,NeuroMorpho.Org神经元形态重建条目,NeuroMorpho.Org,神经科学 · 计算神经科学（神经,cn-all-remaining-1286-57ed5e7e,
omics-repository,组学与生物数据仓库,NCBI GEO / ENA,4,3/3,,NHTSA FARS tri-state crash-vehicle-person denominator reconciliation,crash-vehicle-person三级层级,主体档案+关联事件时间线,车祸/车辆/人员记录,NHTSA Fatality Analysis Reporting System (FARS),Road safety and ,cn-all-remaining-1219-f163b46b,
omics-repository,组学与生物数据仓库,NCBI GEO / ENA,5,3/3,,NCBI SRA 与 ENA 测序研究、样本及运行元数据治理审计,研究/样本/运行三级检索,批次-样品-检验/QC记录(LIMS/MES),SRA/ENA测序运行元数据记录,National Center for Biotechnology Information (NCBI),科研数据治理 / INSDC 测,cn-all-remaining-1252-1e0765a9,
omics-repository,组学与生物数据仓库,NCBI GEO / ENA,6,3/3,,FlyWire-Hemibrain 连接组数据交叉对齐,连接组神经元三级元数据,可检索档案库+详情页,神经元注释/匹配记录,FlyWire,神经科学 · 连接组学 / 生物,cn-all-remaining-1284-b217705c,
omics-repository,组学与生物数据仓库,NCBI GEO / ENA,7,3/3,,(untitled),GEO单细胞组学数据,数据集/资料仓库详情页,NCBI GEO,GSE242889,生物信息学,cn-all-remaining-0206-ba9d1d88,
omics-repository,组学与生物数据仓库,NCBI GEO / ENA,8,3/3,,GSE52778 配对 RNA-seq 质控、差异表达与可复现结果审计,GEO样本三级检索,数据集/资料仓库详情页,NCBI GEO,GSE52778,科学类、生物信息学工程师,cn-all-remaining-0894-d2a9c435,
omics-repository,组学与生物数据仓库,NCBI GEO / ENA,9,人工改判,dataset-repository,基于连接组数据生成 Neuroglancer 复杂可视化状态文件,神经元数据集详情页,可检索档案库+详情页,FlyWire神经元(ID/细胞类型/坐标)记录,FlyWire,计算神经科学,cn-all-remaining-0249-07d18b19,dataset-repository→omics-repository：FlyWire 连接组
,（无匹配）,,1,2/2,,多云身份权限漂移、攻击路径与零信任发布准入评估,IAM/CIEM无对应品类,设备/资产台账+维护记录,IAM绑定/资源清单/审计事件,,信息技术与AI—信息安全测试员,cn-all-remaining-0697-38acd0ca,
,（无匹配）,,2,2/2,,桑基图+气泡图展示富集分析结果,纯画图无检索列表详情结构,,DAVID/Metascape/KOBAS等基因功能富集分析网站,,生物信息学,cn-all-remaining-0333-8f712f0a,
,（无匹配）,,3,2/3,salary-benchmark,IPO 可比公司筛选与估值定价,无匹配财务对比库品类,可检索档案库+详情页,上市公司财务与业务标签记录,中创新航 (CALB),证券投资,cn-all-remaining-0379-fa0f25f9,
,（无匹配）,,4,2/3,back-office-ledger,城市文化项目深度稿编校与多平台发布包,运营CMS无匹配类目,,报名签到CMS+公众号后台类系统,,设计、文创与媒体、新媒体编辑,cn-all-remaining-0684-33435d87,
,（无匹配）,,5,2/3,apm-observability,星屿商城移动端换货流程诊断、高保真改版与可用性验证设计,产品分析平台无匹配类目,其他,神策数据/Amplitude类产品分析平台,,设计、文创与媒体、用户体验设计师,cn-all-remaining-0790-ca61bdb0,
,（无匹配）,,6,3/3,,食品饮料行业月度研判、公司估值与投资观点输出任务,"上市公司财务估值,无对应品类",主体档案+关联事件时间线,上市公司财务与股价数据记录,,证券投资研究、二级市场行业分析,cn-all-remaining-0007-05d253cc,
,（无匹配）,,7,3/3,,中国微水洗澡机行业研究与商业化方案,行业研报无结构化站点,,艾瑞咨询/头豹研究院等行业报告库及电商评价平台,,行业研究,cn-all-remaining-0114-a85885be,
,（无匹配）,,8,3/3,,L03旧水厂M1测试复盘与M2灰盒调优,关卡节点配置无类目匹配,,游戏关卡评审/数值配置后台,,游戏研发、关卡策划,cn-all-remaining-0713-394ca2bb,
,（无匹配）,,9,3/3,,工业自动化公司三季报跟踪、盈利预测更新与估值复核,金融终端无对应品类,,Wind/东方财富Choice类金融数据终端,,行业研究、证券投资专业人员,cn-all-remaining-0869-a86563df,
salary-benchmark,薪酬与人才行情库,Levels.fyi / 职友集,1,人工改判,dataset-repository,构建 O*NET 注册学徒制职业阶梯、技能连续性和 OOH 终点对账产品,职业属性库+详情,可检索档案库+详情页,O*NET 数据库,O*NET,劳动力分类 / 注册学徒制 / ,cn-all-remaining-1147-7c690611,dataset-repository→salary-benchmark：O*NET/BLS OOH 职业薪酬层级
salary-benchmark,薪酬与人才行情库,Levels.fyi / 职友集,2,人工改判,gov-statistics-portal,美国航空航天工程师人才市场、薪酬与能力结构研究（2024-2034）,BLS官方统计口径,单表统计/观测数据下载门户,BLS职业统计指标记录,Bureau of Labor Statistics Occupational Outlook Handbook (OOH),行业研究、航空航天工程师,cn-all-remaining-0692-1233fccb,gov-statistics-portal→salary-benchmark：BLS OEWS/OOH + O*NET 职业薪酬行情
salary-benchmark,薪酬与人才行情库,Levels.fyi / 职友集,3,人工改判,gov-statistics-portal,美国石油工程师就业、薪酬与技能结构行业研究,BLS OEWS统计数据,单表统计/观测数据下载门户,BLS OEWS职业统计记录,Bureau of Labor Statistics (BLS),行业研究、能源工程人才市场,cn-all-remaining-0693-64f8726a,gov-statistics-portal→salary-benchmark：BLS OEWS/OOH + O*NET 职业薪酬行情
salary-benchmark,薪酬与人才行情库,Levels.fyi / 职友集,4,人工改判,gov-statistics-portal,美国平面设计师薪酬市场与技能需求研究（加州—得州）,OEWS指标地区年份出表,单表统计/观测数据下载门户,地区薪酬统计行(OEWS),,    设计、文创与媒体    ,cn-all-remaining-0853-2e697bcb,gov-statistics-portal→salary-benchmark：BLS OEWS/OOH + O*NET 职业薪酬行情
salary-benchmark,薪酬与人才行情库,Levels.fyi / 职友集,5,人工改判,gov-statistics-portal,美国平面设计师职业市场与AI转型研究,BLS职业统计查询,单表统计/观测数据下载门户,职业统计条目(BLS/O*NET/WEF),Bureau of Labor Statistics (BLS),商业类、行业研究分析师（创意服务,cn-all-remaining-0674-84436791,gov-statistics-portal→salary-benchmark：BLS OEWS/OOH + O*NET 职业薪酬行情
salary-benchmark,薪酬与人才行情库,Levels.fyi / 职友集,6,人工改判,gov-statistics-portal,美国平面设计师用工市场、薪酬与技能结构研究,BLS官方统计查询导出,单表统计/观测数据下载门户,职业地区/行业薪资统计记录,Bureau of Labor Statistics Occupational Outlook Handbook (OOH),商业类、行业研究分析师,cn-all-remaining-0723-215c4ee4,gov-statistics-portal→salary-benchmark：BLS OEWS/OOH + O*NET 职业薪酬行情
salary-benchmark,薪酬与人才行情库,Levels.fyi / 职友集,7,人工改判,gov-statistics-portal,美国机械工程师用工市场、薪酬与产业分布研究,BLS官方统计查询导出,单表统计/观测数据下载门户,职业地区/行业薪资统计记录,Bureau of Labor Statistics Occupational Employment and Wage Statistics (OEWS),商业类、行业研究分析师,cn-all-remaining-0724-5140b215,gov-statistics-portal→salary-benchmark：BLS OEWS/OOH + O*NET 职业薪酬行情
salary-benchmark,薪酬与人才行情库,Levels.fyi / 职友集,8,人工改判,gov-statistics-portal,美国微生物学家人才市场与岗位能力基准研究,BLS官方统计查询导出,单表统计/观测数据下载门户,职业就业/薪资/预测统计记录,Bureau of Labor Statistics (BLS),商业和金融类、市场调查分析师（行,cn-all-remaining-0729-3456fff7,gov-statistics-portal→salary-benchmark：BLS OEWS/OOH + O*NET 职业薪酬行情
apm-observability,服务指标与日志可观测,Datadog / Grafana,1,2/2,,企业云身份入侵多源日志时间线重建、会话归因与控制有效性复核,多源日志告警事件,时序监测点/日志事件记录,多源系统安全事件/告警日志,,信息技术与AI、信息安全测试员,cn-all-remaining-0431-139098e2,
apm-observability,服务指标与日志可观测,Datadog / Grafana,2,2/2,,服务器列表起始端口异步展示：缓存与源值一致性核验,服务器主机列表监控,设备/资产台账+维护记录,服务器列表(含起始端口列),,运维平台,cn-all-remaining-0616-04e64d59,建站反馈：输入是 records.json/rules.json 夹具，任务本身即契约校验；做成界面会把题毁掉，无站可建，disposition: file
apm-observability,服务指标与日志可观测,Datadog / Grafana,3,3/3,,机房运维多变量时序异常检测管道,"主机指标面板+告警,原文点名",时序监测点/日志事件记录,服务器运维指标时序(按机器),Server Machine Dataset (SMD),ML-Ops 与可观测性,cn-all-remaining-0063-4a16f58b,
apm-observability,服务指标与日志可观测,Datadog / Grafana,4,3/3,,工作台路由耗时观测与诊断端点,路由耗时P50/P95告警指标,时序监测点/日志事件记录,路由诊断事件,,信息技术（后端可观测性）,cn-all-remaining-0493-755ec260,
apm-observability,服务指标与日志可观测,Datadog / Grafana,5,3/3,,零售订单平台跨可用区容灾架构评审与迁移规划,服务组件+指标+事故,设备/资产台账+维护记录,组件资产与依赖/事故记录,,信息技术与AI、数字技术架构师,cn-all-remaining-0676-ae727883,
apm-observability,服务指标与日志可观测,Datadog / Grafana,6,3/3,,东城片区5G无线网扩容与优化优先级评估,小区KPI指标+告警式评分,时序监测点/日志事件记录,5G小区KPI/路测/投诉记录,,行业研究、通信工程师,cn-all-remaining-0770-159164f2,
apm-observability,服务指标与日志可观测,Datadog / Grafana,7,3/3,,5G NR园区路测KPI分析、切换根因定位与优化闭环,KPI指标+告警事件关联,时序监测点/日志事件记录,路测KPI与告警记录,,工程类、通信工程师,cn-all-remaining-0828-6335c106,
apm-observability,服务指标与日志可观测,Datadog / Grafana,8,3/3,,大型会展中心5G室内分布系统覆盖、切换、容量与故障回退联合验收及商用开通判定,小区KPI告警类APM,时序监测点/日志事件记录,路测/切换/KPI记录,,工程类、通信工程师,cn-all-remaining-0943-467f2a4f,
materials-database,材料结构与性质库,Materials Project,1,2/2,,负热膨胀材料异构结构字段标准化与数据质量审计程序,材料结构CIF/张量记录,可检索档案库+详情页,材料结构记录(化学式/弹性张量/CIF-POSCAR),,材料科学研究人员,cn-all-remaining-0157-48c5ea38,
materials-database,材料结构与性质库,Materials Project,2,2/2,,负热膨胀材料多条件检索与稳定分页 API,材料检索分页API,可检索档案库+详情页,负热膨胀材料记录,,材料科学研究人员,cn-all-remaining-0162-c827b242,建站反馈：输入是 records.json/rules.json 夹具，任务本身即契约校验；做成界面会把题毁掉，无站可建，disposition: file
materials-database,材料结构与性质库,Materials Project,3,2/2,,负热膨胀材料详情数据契约与结构文件安全导出服务,材料详情结构文件导出,可检索档案库+详情页,材料详情与结构文件记录,,材料科学研究人员,cn-all-remaining-0165-b35850c6,
materials-database,材料结构与性质库,Materials Project,4,2/2,,负热膨胀材料数据库交互式可视化网站,材料列表详情可视化站,可检索档案库+详情页,材料属性数据库条目,,材料科学研究人员,cn-all-remaining-0170-55cf9dab,
materials-database,材料结构与性质库,Materials Project,5,2/2,,NASA–ESA 系外行星星历、宿主星天体测量与多系统观测就绪审计,按参数检索+行星详情页下载,单表统计/观测数据下载门户,系外行星与宿主星参数记录,NASA Exoplanet Archive (Planetary Systems table),天文学 / 科研数据治理 / 系,cn-all-remaining-1146-6532ab9d,
materials-database,材料结构与性质库,Materials Project,6,2/3,gov-statistics-portal,AME2016—AME2020 Ca/Ni/Sn 核质量系统学重建、壳隙复核与版本更新审计,核素按元素查性质表,单表统计/观测数据下载门户,核素质量条目,IAEA/AMDC,物理类、核物理研究员（核结构/核,cn-all-remaining-1112-88167b19,
materials-database,材料结构与性质库,Materials Project,7,2/3,dataset-repository,面向计算材料物理的 MEGNet 预训练推理与论文复现边界审计,晶体CIF+分子结构性质,,QM9 (Quantum Machine分子数据集),QM9,物理学家,cn-all-remaining-0103-2b1a2190,
materials-database,材料结构与性质库,Materials Project,8,3/3,,NASA CNEOS Sentry to SBDB top-risk identity and orbit audit,小天体轨道详情页+下载,可检索档案库+详情页,小天体轨道/风险记录,JPL Small-Body Database (SBDB),Planetary defens,cn-all-remaining-1222-8580dbde,
ehr-patient-record,病历与受试者档案,Epic / OpenClinica,1,2/3,back-office-ledger,大班户外自主游戏观察数据复核、教研分析与10月调整方案,主体档案+观察时间线,主体档案+关联事件时间线,类Brightwheel/ChildPlus早教观察记录系统,,    教育与培训-幼儿教师  ,cn-all-remaining-0671-060dc9bc,
ehr-patient-record,病历与受试者档案,Epic / OpenClinica,2,3/3,,基于WHO/ISH 2019模型的 CVD风险评估与分级管理,患者筛查+风险分级,可检索档案库+详情页,体检患者健康筛查记录,World Health Organization / International Society of Hypertension (WHO/ISH),医疗卫生 — 临床预防医学与心血,cn-all-remaining-0228-930473c4,
ehr-patient-record,病历与受试者档案,Epic / OpenClinica,3,3/3,,腹腔镜胆囊切除术围术期质控规则回归、异常定位与月度质控放行核验,病历访视+结果时间线,主体档案+关联事件时间线,围术期病例台账记录,,医疗卫生、外科医师、围术期质量控,cn-all-remaining-0400-2d892a5f,
ehr-patient-record,病历与受试者档案,Epic / OpenClinica,4,3/3,,结直肠外科月度手术质量复盘：并发症分级、吻合口漏与数据核验,病例+并发症时间线,主体档案+关联事件时间线,手术病例质控记录,,医疗卫生、外科医师（普通外科/胃,cn-all-remaining-0792-a46854a7,
ehr-patient-record,病历与受试者档案,Epic / OpenClinica,5,3/3,,住院抗菌药物医嘱专项点评与药师干预清单生成,患者医嘱检验时间线,主体档案+关联事件时间线,患者医嘱与检验记录,HIS,医疗卫生、药学专业人员,cn-all-remaining-0802-f5452942,
ehr-patient-record,病历与受试者档案,Epic / OpenClinica,6,3/3,,企业职工年度体检数据质控、风险分层与90天随访排程,员工体检结果+随访时间线,主体档案+关联事件时间线,员工体检记录,,医疗健康、健康管理服务人员、健康,cn-all-remaining-0823-2981b536,
ehr-patient-record,病历与受试者档案,Epic / OpenClinica,7,3/3,,综合内科复杂共病患者多源出院审核、医嘱重构与患者指导,住院病历出院医嘱审核,主体档案+关联事件时间线,医院电子病历系统(类Epic HIS/EMR),,医疗卫生-内科医师,cn-all-remaining-0690-eac11bf7,
ehr-patient-record,病历与受试者档案,Epic / OpenClinica,8,3/3,,独居高龄老人30天居家养老服务配置与风险闭环管理,评估+用药+访视时间线,主体档案+关联事件时间线,居家养老服务管理系统(CRM/病例管理类),,医疗健康、养老服务、养老顾问,cn-all-remaining-0825-ce14f4a1,
payment-reconciliation,支付对账与清结算,Adyen / 支付宝商家后台,1,2/3,order-management,跨境电商进口税费核验对账与发布封板审计,订单税费对账流水,订单/交易/支付/退款/物流流水,跨境电商订单记录,, 海关与税务合规,cn-all-remaining-0972-58036ef4,
payment-reconciliation,支付对账与清结算,Adyen / 支付宝商家后台,2,2/3,order-management,酒店预订结算核验对账与发布封板审计,预订结算对账流水,可检索档案库+详情页,酒店预订记录,,酒店 / 住宿,cn-all-remaining-0973-7a1c435c,
payment-reconciliation,支付对账与清结算,Adyen / 支付宝商家后台,3,3/3,,跨境银行卡支付生命周期回放、清算净额与流动性修复计划复核,跨境支付清算对账,订单/交易/支付/退款/物流流水,跨境支付事件/交易记录,,金融与证券—金融科技师,cn-all-remaining-0669-c5296d6d,
payment-reconciliation,支付对账与清结算,Adyen / 支付宝商家后台,4,3/3,,场外基金交易日终三方对账与异常工单生成,订单/TA/支付三方对账,订单/交易/支付/退款/物流流水,内部订单/TA确认/支付流水记录,,金融与证券、金融科技师,cn-all-remaining-0814-762c2157,
payment-reconciliation,支付对账与清结算,Adyen / 支付宝商家后台,5,3/3,,跨境物流运费结算对账与发布封板复核,运费结算对账流水,订单/交易/支付/退款/物流流水,发货结算记录,,跨境电商物流,cn-all-remaining-0966-56d245f7,
payment-reconciliation,支付对账与清结算,Adyen / 支付宝商家后台,6,3/3,,电信话单(CDR)批价对账与发布封板复核,话单计费对账流水,订单/交易/支付/退款/物流流水,话单记录,, 计费结算工程,cn-all-remaining-0967-40ec7019,
payment-reconciliation,支付对账与清结算,Adyen / 支付宝商家后台,7,3/3,,电力账单核验对账与发布封板审计,电费账单对账流水,订单/交易/支付/退款/物流流水,用电账单记录,,计费与电价工程,cn-all-remaining-0969-6df0820b,
payment-reconciliation,支付对账与清结算,Adyen / 支付宝商家后台,8,3/3,,物业费核验对账与发布封板审计,物业费对账流水,可检索档案库+详情页,物业账单记录,,物业管理 / 房地产,cn-all-remaining-0974-4790d8bf,
game-liveops-console,游戏运营后台,自研 GM/运营后台,1,2/3,process-historian,v0.9.8 新手主线提测前关卡断层修复与7日养成回算,关卡配置+压测资源账本,时序监测点/日志事件记录,游戏数值配置/压测分析后台,,游戏研发、数值策划,cn-all-remaining-0710-717396c6,
game-liveops-console,游戏运营后台,自研 GM/运营后台,2,2/3,process-historian,《夜航》ECON v2.3新服主队养成曲线回算、配置改表与上线门槛校核,经济配置+玩家资源快照,时序监测点/日志事件记录,游戏经济数值配置后台,,游戏研发、系统策划（数值/经济）,cn-all-remaining-0711-c6482f8e,
game-liveops-console,游戏运营后台,自研 GM/运营后台,3,3/3,,    手游限时活动奖励、兑换商店与经济闭环自动化回归审计    ,活动发奖道具账本,时序监测点/日志事件记录,玩家活动行为与发奖原始记录,,    游戏与互动内容、游戏自动,cn-all-remaining-0328-9e64a75f,
game-liveops-console,游戏运营后台,自研 GM/运营后台,4,3/3,,跨服公会战房间状态一致性、掉线重连与奖励结算幂等联合回归及上线判定,战斗日志与结算账本,时序监测点/日志事件记录,游戏服务端运营后台(战斗日志/结算账本查询),,游戏与互动内容、游戏服务端开发工,cn-all-remaining-0826-269c7767,
game-liveops-console,游戏运营后台,自研 GM/运营后台,5,3/3,,跨服赛季排行榜结算、并列排名与幂等奖励发放,排行榜结算+账本对账,订单/交易/支付/退款/物流流水,游戏赛季结算/排行榜与账本系统,,游戏与互动内容、游戏服务端开发工,cn-all-remaining-0947-03516a1f,
game-liveops-console,游戏运营后台,自研 GM/运营后台,6,人工改判,lims,手游限时卡池保底、重复转化与幂等结算回放核验,测试向量批次结果行比对质控,批次-样品-检验/QC记录(LIMS/MES),游戏服务端GM/运营管理后台,,    游戏与互动内容、游戏服务,cn-all-remaining-0403-f1abed95,lims→game-liveops-console：卡池结算回放属游戏 GM/运营后台
procurement-sourcing,采购与供应商管理,Coupa / 用友采购云,1,2/3,audit-findings,基于脱敏企业产品台账的出口管制暴露识别与供应链风险分级。,产品台账供应商交易,企业运营台账(CRM/合同/采购/项目/库存),企业产品台账/供应商交易记录,,国际政治经济学,cn-all-remaining-0020-aa2698d8,
procurement-sourcing,采购与供应商管理,Coupa / 用友采购云,2,2/3,audit-findings,供应商协同平台 Web/API 安全测试与整改复测,供应商SRM审批平台,工单/缺陷/客服/审批跟踪,企业供应商协同SaaS(类SRM审批平台),,信息技术与AI、信息安全测试,cn-all-remaining-0672-1ff18f83,
procurement-sourcing,采购与供应商管理,Coupa / 用友采购云,3,3/3,,长三角城市更新建筑设计市场机会评估与重点客户研究,公开招采公告列表,招聘/公告类列表,招采/政府采购项目机会公告,,建筑设计、行业研究,cn-all-remaining-0406-6b719b00,
procurement-sourcing,采购与供应商管理,Coupa / 用友采购云,4,3/3,,电脑配件采购清单规范化,采购项预算核验清单,企业运营台账(CRM/合同/采购/项目/库存),采购项,,采购运营,cn-all-remaining-0494-1a9218c7,
procurement-sourcing,采购与供应商管理,Coupa / 用友采购云,5,3/3,,采购辅助评审触发与评分契约,采购评审案例台账,企业运营台账(CRM/合同/采购/项目/库存),采购评审案例(含投标数与评分),,采购评审系统,cn-all-remaining-0622-f1aaea49,
procurement-sourcing,采购与供应商管理,Coupa / 用友采购云,6,3/3,,2026Q4华东区域干线招标定标、运力分配与旺季保供校核,承运商报价定标询比价,订单/交易/支付/退款/物流流水,承运商报价/线路履约记录,,企业经营与战略决策、物流运营,cn-all-remaining-0875-4793042e,
clinical-trial-edc,临床试验数据采集 EDC,Medidata Rave,1,2/2,,CT-HTN-301中心C0201监查前多源数据清理、偏离识别与闭环,IRT/EDC受试者访视数据,主体档案+关联事件时间线,受试者访视/样本/质疑记录,IRT,医疗卫生、临床协调员,cn-all-remaining-0696-91bc054f,
clinical-trial-edc,临床试验数据采集 EDC,Medidata Rave,2,2/3,insurance-claims,上市后多来源安全信息批量分诊、重复病例合并与E2B R3加速报告生成,病例SAE与质疑管理近似,可检索档案库+详情页,上市后安全个例病例(ICSR),,医疗卫生、药物警戒专员（上市后个,cn-all-remaining-0952-e3358bdf,
clinical-trial-edc,临床试验数据采集 EDC,Medidata Rave,3,3/3,,CSR定稿前交叉设计BE统计独立复核,受试者+给药+CRF,主体档案+关联事件时间线,受试者给药与浓度记录,,药学专业人员,cn-all-remaining-0222-930d164f,
clinical-trial-edc,临床试验数据采集 EDC,Medidata Rave,4,3/3,,III期临床试验中期数据库冻结前多源数据清理、SAE/实验室对账与中心行动闭环,受试者/SAE/质疑管理,主体档案+关联事件时间线,受试者/访视/SAE记录,,医疗卫生、制药企业临床运营部临床,cn-all-remaining-0708-9b5c804a,
clinical-trial-edc,临床试验数据采集 EDC,Medidata Rave,5,人工改判,dataset-repository,乳腺癌生存风险预测,GBSG2研究队列数据,数据集/资料仓库详情页,German Breast Cancer Study Group 2 (GBSG2),German Breast Cancer Study Group 2,医学数据科学,cn-all-remaining-0272-eaf429b6,dataset-repository→clinical-trial-edc：GBSG2 临床队列
inventory-wms,库存与仓储台账,旺店通 / NetSuite WMS,1,2/2,,医药冷链多仓订单履约、FEFO库存分配与N-1韧性优化,批次库存订单履约,订单/交易/支付/退款/物流流水,订单与批次库存,,企业经营与战略决策、物流运营,cn-all-remaining-0420-dc253cc1,
inventory-wms,库存与仓储台账,旺店通 / NetSuite WMS,2,3/3,,多仓库存盘点差异复核与关账调整建议,库存台账+盘点差异,企业运营台账(CRM/合同/采购/项目/库存),仓库-SKU库存与盘点记录,,    企业经营与战略决策、物流,cn-all-remaining-0405-37b50b73,
inventory-wms,库存与仓储台账,旺店通 / NetSuite WMS,3,3/3,,核心部件停供下的多仓售后备件供应恢复计划,多仓库存/调拨/批次台账,订单/交易/支付/退款/物流流水,订单/库存/采购单/调拨记录,,供应链管理、售后备件计划师,cn-all-remaining-0761-75887f16,
inventory-wms,库存与仓储台账,旺店通 / NetSuite WMS,4,3/3,,三级医院药库效期与库存周转专项复盘、跨药房调拨及采购调整,库存批次效期出入库调拨,企业运营台账(CRM/合同/采购/项目/库存),药库库存/出库/盘点记录,HIS,医药卫生、药学专业人员（医院药库,cn-all-remaining-1119-5b062242,
insurance-claims,保险理赔案件,Guidewire ClaimCenter,1,3/3,,商业车险逐赔案准备金评估、随机分布与资本充足性自动化闭环,赔案主数据与时间线,主体档案+关联事件时间线,赔案主数据与交易记录,,金融与证券、精算师,cn-all-remaining-0435-cb32ec24,
insurance-claims,保险理赔案件,Guidewire ClaimCenter,2,3/3,,企业财产险多币种赔案准备金、再保险分摊与资本压力测试复核,多币种赔案准备金,主体档案+关联事件时间线,多币种赔案记录,,金融与证券、精算师,cn-all-remaining-0437-3f3825f9,
insurance-claims,保险理赔案件,Guidewire ClaimCenter,3,3/3,,保险理赔核验对账与发布封板审计,理赔单核算记录,主体档案+关联事件时间线,理赔记录,,理赔精算与自动化测试,cn-all-remaining-0970-194c0e46,
insurance-claims,保险理赔案件,Guidewire ClaimCenter,4,3/3,,商业车险逐赔案准备金算法测试夹具、随机分布与资本门限验证,赔案定损审批时间线,主体档案+关联事件时间线,商业车险赔案与交易记录,,金融与证券、精算师,cn-all-remaining-1137-bfbce4b9,
bank-account-ledger,账户与交易流水,核心银行/网银后台,1,2/3,audit-findings,证券交易监测规则季度回测、阈值校准与日终预警台账重建,委托成交持仓对账台账,订单/交易/支付/退款/物流流水,委托/成交/持仓/复核记录,,金融与证券、金融科技师,cn-all-remaining-0805-54b374d4,
bank-account-ledger,账户与交易流水,核心银行/网银后台,2,2/3,regulatory-registry,构建 FEC 2024 联邦参议院委员会资金流、修订血缘与限额筛查审计产品,委员会账户交易+对账,主体档案+关联事件时间线,候选人/委员会/交易记录,Federal Election Commission,公共政策与监管 / 美国竞选财务,cn-all-remaining-1090-c33ca50d,
bank-account-ledger,账户与交易流水,核心银行/网银后台,3,3/3,,银行贷款利息核验对账与发布封板审计,贷款账户对账流水,主体档案+关联事件时间线,贷款记录,,信贷对账与自动化测试,cn-all-remaining-0971-9cb42684,
bank-account-ledger,账户与交易流水,核心银行/网银后台,4,3/3,,券商两融重点账户日终担保品折算、压力测试与追保处置复核,两融账户持仓负债台账,主体档案+关联事件时间线,两融账户持仓/负债记录,,金融科技师、金融与证券,cn-all-remaining-1103-825a4158,
audit-findings,审核发现与整改跟踪,AuditBoard,1,3/3,,CDS升级验证QA独立复核与上线放行判定,验证审核发现整改闭环,主体档案+关联事件时间线,URS/OQ/偏差/审计追踪/权限记录,,医疗卫生、药品生产质量管理（验证,cn-all-remaining-0836-8be6837c,
audit-findings,审核发现与整改跟踪,AuditBoard,2,3/3,,企业客户门户API授权边界、网关控制与修复回归复核,安全发现整改闭环,工单/缺陷/客服/审批跟踪,安全测试发现与整改工单,OpenAPI Specification,信息技术与AI、信息安全测试员,cn-all-remaining-0945-63165974,
audit-findings,审核发现与整改跟踪,AuditBoard,3,3/3,,CMS 加州护理院检查、执法与所有权网络监管审计,检查评级整改闭环,可检索档案库+详情页,护理院检查/评级/处罚记录,Centers for Medicare & Medicaid Services (CMS),医疗健康 / 长期护理监管 / ,cn-all-remaining-1094-a7759ced,
audit-findings,审核发现与整改跟踪,AuditBoard,4,3/3,,    企业客户门户API授权边界、网关控制与修复回归复核    ,发现+风险+整改闭环,工单/缺陷/客服/审批跟踪,类似Burp Suite Enterprise/Qualys WAS漏洞管理平台,,    信息技术与AI、信息安全,cn-all-remaining-0880-49ec35b4,
ecommerce-catalog,商品目录与详情页,淘宝 / Shopify 店铺前台,1,3/3,,2023—2025 中国宠物食品行业、竞品与小红书营销研究,淘宝商品列表+详情为主,电商/社媒/内容浏览页,淘宝/抖音商品页与小红书笔记,Taobao,宠物类、行业研究,cn-all-remaining-0043-bf5fc64f,
ecommerce-catalog,商品目录与详情页,淘宝 / Shopify 店铺前台,2,3/3,,直线电机行业竞争格局与产品进入机会研究,厂商目录+产品规格详情,可检索档案库+详情页,直线电机产品型号规格,,行业研究；工业自动化与高端装备,cn-all-remaining-0314-df121ac2,
ecommerce-catalog,商品目录与详情页,淘宝 / Shopify 店铺前台,3,3/3,,批量促销页不可编辑折扣分流,促销页商品折扣分流,电商/社媒/内容浏览页,促销页商品折扣记录,,电商运营工具,cn-all-remaining-0525-220a5eb2,
field-inspection,现场查验与整改,SafetyCulture iAuditor,1,2/2,,    精装修住宅交付查验缺陷分级、整改闭环与交付判定    ,查验缺陷整改闭环,工单/缺陷/客服/审批跟踪,住宅查验与缺陷记录,,    房地产、租赁与物业—房屋,cn-all-remaining-0417-e46ae306,
field-inspection,现场查验与整改,SafetyCulture iAuditor,2,3/3,,精装住宅交付前全屋查验、缺陷分级与修缮费用测算,查验点位+缺陷分级+整改,工单/缺陷/客服/审批跟踪,现场查验点位记录,,房地产、租赁与物业、房屋查验咨询,cn-all-remaining-0791-05e9ca07,
field-inspection,现场查验与整改,SafetyCulture iAuditor,3,3/3,,2024—2025 新房交付查验咨询服务质量、缺陷结构与报价研究,房源查验打分整改闭环,设备/资产台账+维护记录,房源问题/复验/报价记录,,行业研究、房屋查验咨询服务,cn-all-remaining-0872-cbef5357,
qms-capa,质量管理 QMS,MasterControl / ETQ Reliance,1,2/2,,质量问题类型归纳与避免措施表：文档证据排序与截取,问题归纳与整改,工单/缺陷/客服/审批跟踪,质量问题/缺陷工单,,质量管理,cn-all-remaining-0588-2b3a5bb1,建站反馈：输入是 records.json/rules.json 夹具，任务本身即契约校验；做成界面会把题毁掉，无站可建，disposition: file
qms-capa,质量管理 QMS,MasterControl / ETQ Reliance,2,2/3,document-library,压片工序清场SOP部门修订稿独立QA审核与生效准备,偏差CAPA驱动文件修订,工单/缺陷/客服/审批跟踪,企业质量管理系统(QMS)文件控制平台,,医疗卫生、药品生产质量管理（文件,cn-all-remaining-0838-bb9d337f,
qms-capa,质量管理 QMS,MasterControl / ETQ Reliance,3,3/3,,盐酸二甲双胍片年度产品质量回顾及变更后趋势评估,偏差/OOS/CAPA跨批次记录,主体档案+关联事件时间线,批次/偏差/投诉/CAPA记录,,医疗卫生、药品生产质量管理（质量,cn-all-remaining-0806-4b92c004,
code-hosting,代码托管站,GitHub,1,3/3,,Kubernetes metrics-server release manifest semantic consistency audit,GitHub发布产物,其他,GitHub,GitHub,Cloud-native rel,cn-all-remaining-1226-dee9d6cd,
code-hosting,代码托管站,GitHub,2,人工改判,dataset-repository,PyPI 与 OSV Python 发布物来源、漏洞区间及解析决策审计,包发布列表→详情→下载,可检索档案库+详情页,PyPI发布物与OSV漏洞记录,PyPI,Python 软件供应链 / 包,cn-all-remaining-1251-b6824008,dataset-repository→code-hosting：PyPI/OSV 包索引与漏洞库
content-social-feed,内容与社媒浏览,小红书 / Steam 商店,1,2/3,ecommerce-catalog,Steam 英文游戏名到国区官方中文名批量匹配与审核工具,"Steam商店页,品类原文点名",电商/社媒/内容浏览页,Steam游戏商店页面,Steam,Steam 游戏、本地化数据治理,cn-all-remaining-0070-65ebea1e,
content-social-feed,内容与社媒浏览,小红书 / Steam 商店,2,3/3,,评论列表与管理操作页,评论浏览点赞删除分页,电商/社媒/内容浏览页,评论记录,,Web应用,cn-all-remaining-0524-a56ec68a,建站反馈：输入是 records.json/rules.json 夹具，任务本身即契约校验；做成界面会把题毁掉，无站可建，disposition: file
scada-hmi,监控与报警 SCADA,Ignition / WinCC,1,2/3,process-historian,10 kV工业园区馈线分时潮流与分布式光伏接入承载力评估,馈线负荷曲线+SCADA校核快照,时序监测点/日志事件记录,SCADA位号量测/馈线记录,SCADA,工程类、电力系统工程师,cn-all-remaining-0784-a74f0a42,
scada-hmi,监控与报警 SCADA,Ignition / WinCC,2,2/3,process-historian,工业园区微电网故障录波、保护配合、储能黑启动与并网准入判定,故障录波/PMU/保护动作记录,时序监测点/日志事件记录,故障录波/PMU/保护动作记录,,工程类—电力系统工程师,cn-all-remaining-0804-65e4e048,
iot-device-console,IoT 设备接入与遥测,ThingsBoard,1,2/2,,工业物联网边缘网关消息幂等、离线补传与OTA灰度发布审计,设备清单遥测OTA灰度下发,设备/资产台账+维护记录,阿里云IoT/AWS IoT Core类设备管理后台,,信息技术与AI,cn-all-remaining-0409-6a7bb0d1,
iot-device-console,IoT 设备接入与遥测,ThingsBoard,2,3/3,,智慧园区租赁履约、空间使用与能耗异常联动核查,电表门禁告警遥测为主,企业运营台账(CRM/合同/采购/项目/库存),租赁台账/电表位号/工单记录,,房地产、租赁与物业；智慧城市管理,cn-all-remaining-0865-515ae739,
ml-experiment-tracking,ML 实验跟踪与模型注册,MLflow / Weights & Biases,1,人工改判,dataset-repository,D9整数评分卡D24时间外泛化、阈值鲁棒性与发布边界复验,评分台账+字典+契约打包下载,单表统计/观测数据下载门户,信贷评分卡模型风险管理平台,,机器学习工程、模型风险管理与时间,cn-all-remaining-0321-d05903ab,dataset-repository→ml-experiment-tracking：信贷评分卡模型风险台账
ad-campaign-console,广告投放与效果,巨量引擎 / Google Ads,1,3/3,,戴尔笔记本PMP广告投放效果复盘与优化分析,计划/单元/创意+曝光点击转化,订单/交易/支付/退款/物流流水,广告投放曝光点击明细记录,,广告优化,cn-all-remaining-0005-c20d1c2e,
