形态族,族内序号,一致度,任务名,记录类型,操作,判断依据,已知来源,行业,custom_id,我的判断(留空待填)
可检索档案库+详情页,1,1/3,基于WHO/ISH 2019模型的 CVD风险评估与分级管理,体检患者健康筛查记录,筛选+导出,体检中心患者队列数据，类似体检系统患者列表,World Health Organization / International Society of Hypertension (WHO/ISH),医疗卫生 — 临床预防医学与心血,cn-all-remaining-0228-930473c4,
可检索档案库+详情页,2,1/3,中国区多中心启动周会对账、风险分层与跟进闭环,中心启动/eTMF文件记录,搜索+筛选+详情展开+导出,CTMS中心表与eTMF文件库均可查询导出,,医疗卫生、项目助理,cn-all-remaining-0709-411a7a8e,
可检索档案库+详情页,3,2/3,受制裁主体交易对手筛查与所有权穿透判定：从别名噪声与股权登记到可复核的阻断决定,受制裁主体/交易对手记录,搜索+筛选+导出+跨表关联,制裁名单、股权登记、交易台账记录,,国际政治经济学,cn-all-remaining-0021-e1224663,
可检索档案库+详情页,4,2/3,Sentinel-2 影像子区地表覆盖分类,Sentinel-2影像产品,搜索+筛选+导出,数据来源标注为可检索下载的卫星影像数据门户,Sentinel-2,科学类,cn-all-remaining-0183-f366890f,
可检索档案库+详情页,5,2/3,IPO 可比公司筛选与估值定价,上市公司财务与业务标签记录,搜索+筛选+导出,28家公司财报面板数据，可按财务指标筛选比较,中创新航 (CALB),证券投资,cn-all-remaining-0379-fa0f25f9,
可检索档案库+详情页,6,2/3,报告文件下载链路说明与模拟验证,报告下载请求记录,搜索+筛选+翻页+导出,报告状态与文件清单类下载中心记录,,企业文件服务,cn-all-remaining-0518-b6641c0c,
可检索档案库+详情页,7,2/3,构建 FAA Part 77 机场障碍物净空筛查与控制障碍物对账数据产品,机场跑道端与障碍物记录,搜索+筛选+详情展开+导出,标注数据门户，NASR/DOF按机场跑道查询,FAA National Airspace System Resources (NASR),航空工程 / 机场 GIS / ,cn-all-remaining-0632-5b302678,
可检索档案库+详情页,8,2/3,构建 FAA 2608 仪表进近跑道就绪度与程序一致性审计产品,机场跑道与仪表进近程序记录,搜索+筛选+详情展开+导出,标注数据门户，NASR按机场程序编号查询,FAA National Airspace System Resources (NASR),航空数据工程 / 仪表进近程序 ,cn-all-remaining-0633-f8c6a3ac,
可检索档案库+详情页,9,2/3,酒店预订结算核验对账与发布封板审计,酒店预订记录,搜索+筛选+翻页+详情展开+导出,预订/结算记录，同构可按房型日期筛选导出,,酒店 / 住宿,cn-all-remaining-0973-7a1c435c,
可检索档案库+详情页,10,2/3,物业费核验对账与发布封板审计,物业账单记录,搜索+筛选+翻页+详情展开+导出,业主物业费账单，同构可按户号筛选导出,,物业管理 / 房地产,cn-all-remaining-0974-4790d8bf,
可检索档案库+详情页,11,2/3,MSHA 2024-H2 Impact Inspection Enforcement and Adjudication Audit,矿山检查/违规/评估/诉讼记录,搜索+筛选+详情展开+导出,MSHA矿山数据检索系统的可查询执法记录,Mine Safety and Health Administration (MSHA),Government / Min,cn-all-remaining-1099-a6550f2f,
可检索档案库+详情页,12,2/3,NHTSA Recall Campaign Completion Lifecycle Audit,NHTSA召回活动记录,搜索+筛选+详情展开+导出,NHTSA召回数据库可按活动/年份查询导出,National Highway Traffic Safety Administration (NHTSA) Recalls,Transportation s,cn-all-remaining-1175-e6dc03a4,
可检索档案库+详情页,13,2/3,美加 2024 年消费品召回标识、伤害与补救措施跨境一致性审计,召回案例记录,搜索+筛选+导出+跨表关联,CPSC/Health Canada召回库按产品筛选导出,Consumer Product Safety Commission (CPSC),消费品安全 / 跨境召回监管 /,cn-all-remaining-1177-c31afdfe,
可检索档案库+详情页,14,2/3,DOE-FHWA 电动汽车替代燃料走廊充电站就绪度与缺口拓扑核验,合格电动汽车充电站记录,搜索+筛选+导出+跨表关联,AFDC充电站可按州/字段筛选导出的记录库,DOE Alternative Fuels Data Center (AFDC),交通能源基础设施 / 电动汽车走,cn-all-remaining-1191-c00b9d6f,
可检索档案库+详情页,15,3/3,负热膨胀材料异构结构字段标准化与数据质量审计程序,材料结构记录(化学式/弹性张量/CIF-POSCAR),搜索+筛选+导出,"计算材料数据库条目,与同系列检索API任务同源",,材料科学研究人员,cn-all-remaining-0157-48c5ea38,
可检索档案库+详情页,16,3/3,负热膨胀材料多条件检索与稳定分页 API,负热膨胀材料记录,搜索+筛选+排序+翻页+导出,任务即构建材料记录多条件检索分页API,,材料科学研究人员,cn-all-remaining-0162-c827b242,
可检索档案库+详情页,17,3/3,负热膨胀材料详情数据契约与结构文件安全导出服务,材料详情与结构文件记录,详情展开+导出,同一材料数据库的详情页字段与结构下载契约,,材料科学研究人员,cn-all-remaining-0165-b35850c6,
可检索档案库+详情页,18,3/3,负热膨胀材料数据库交互式可视化网站,材料属性数据库条目,搜索+筛选+排序+翻页+详情展开,材料记录可筛选排序分页查详情,,材料科学研究人员,cn-all-remaining-0170-55cf9dab,
可检索档案库+详情页,19,3/3,构建 NVD/CISA 漏洞情报规范化与时态修复优先级数据产品,CVE漏洞记录/KEV目录条目,搜索+筛选+导出+跨表关联,NVD CVE API与CISA KEV是可按时间窗口查询筛选的漏洞记录库,National Vulnerability Database (NVD),网络安全 / 漏洞情报工程 / ,cn-all-remaining-0207-8b063b46,
可检索档案库+详情页,20,3/3,基于连接组数据生成 Neuroglancer 复杂可视化状态文件,FlyWire神经元(ID/细胞类型/坐标)记录,搜索+筛选+详情展开+导出,FlyWire可浏览搜索的神经元连接组库,FlyWire,计算神经科学,cn-all-remaining-0249-07d18b19,
可检索档案库+详情页,21,3/3,直线电机行业竞争格局与产品进入机会研究,直线电机产品型号规格,搜索+筛选+导出,9家厂商官网目录/产品页汇总的型号参数表,,行业研究；工业自动化与高端装备,cn-all-remaining-0314-df121ac2,
可检索档案库+详情页,22,3/3,长 QT 综合征候选变异的群体频率证据评估,变异等位基因频率记录,搜索+筛选+导出,类gnomAD变异频率数据库，按基因/群体查询,,临床遗传学,cn-all-remaining-0356-d600f1dc,
可检索档案库+详情页,23,3/3,文档库列表补充文件大小与上传提示,文档库文件条目,搜索+筛选+排序+导出,含名称/大小/上传状态，典型文档库UI,,企业知识库前端,cn-all-remaining-0576-f1a9f22f,
可检索档案库+详情页,24,3/3,文档库上传弹窗重构：路由与权限接通核验,文档库文档条目,搜索+筛选+详情展开+导出,文档库文件元数据，典型可浏览文档列表,,前端工程,cn-all-remaining-0591-34a6f98a,
可检索档案库+详情页,25,3/3,知识检索结果下钻与回答证据联动：文档证据排序与截取,知识检索文档证据,搜索+详情展开+排序,检索结果下钻与证据截取，非离线文件包,,知识应用,cn-all-remaining-0608-a7575ce7,
可检索档案库+详情页,26,3/3,构建 FDA Orange Book 专利、独占期与治疗等效跨库监管审计数据产品,药品申请/专利/独占期/治疗等效记录,搜索+筛选+详情展开+导出+跨表关联,标注数据门户，Orange Book可按成分/申请号查询,FDA Orange Book,制药监管数据工程 / Regul,cn-all-remaining-0630-3d193fa5,
可检索档案库+详情页,27,3/3,构建 FDA Orange Book 药品监管组合仓库与 Drugs@FDA 跨系统审计,药品监管组合与产品对账记录,搜索+筛选+导出+跨表关联,标注数据门户，Orange Book/Drugs@FDA可查询,FDA Orange Book,生物医药 / 药品监管数据工程 ,cn-all-remaining-0635-08f8465d,
可检索档案库+详情页,28,3/3,OMB 2024 Uniform Guidance 生效日法规变更控制审计,联邦法规条文与修订记录,搜索+筛选+翻页+导出,标注数据门户，eCFR按题目/条款查询浏览,eCFR (Electronic Code of Federal Regulations),法律与合规 / 政府财政援助监管,cn-all-remaining-0636-316cb833,
可检索档案库+详情页,29,3/3,构建 OFAC SDN 多语身份图谱与三格式制裁数据合规审计产品,受制裁实体(SDN)记录,搜索+筛选+详情展开+导出,OFAC制裁名单可搜索的实体记录列表,Office of Foreign Assets Control (OFAC),数据工程 / 金融合规 / 监管,cn-all-remaining-0642-a70454dd,
可检索档案库+详情页,30,3/3,FDIC/FFIEC 商业地产集中度、机构连续性与发布修订审计,银行机构财务记录,搜索+筛选+详情展开+导出,BankFind是典型可搜索银行记录门户,FDIC BankFind,金融服务 / 银行监管数据工程 ,cn-all-remaining-0644-6f64bd2d,
可检索档案库+详情页,31,3/3,构建美国财政部 2025Q1 国债拍卖生命周期、定价与配售审计数据产品,国债拍卖记录,搜索+筛选+详情展开+导出,TreasuryDirect拍卖查询工具，逐场记录可筛选,TreasuryDirect Auction Query,金融服务 / 美国国债一级市场 ,cn-all-remaining-0648-a8828ee9,
可检索档案库+详情页,32,3/3,构建 USGS 2024 地震影响产品发布血缘与版本修订审计,USGS地震事件与竞争产品(矩张量/ShakeMap/PAGER),搜索+筛选+详情展开+跨表关联+导出,ComCat按preferredWeight竞争产品可查询筛选,USGS Earthquake Hazards Program,地震数据工程 / 自然灾害影响产,cn-all-remaining-0649-f4bed7ef,
可检索档案库+详情页,33,3/3,美国口服直接抗凝药成人说明书关键用药条件结构化复核,药品说明书标签记录,搜索+筛选+详情展开+导出,DailyMed是处方药标签数据门户,DailyMed,行业研究、药学专业人员,cn-all-remaining-0850-f0bd0a8c,
可检索档案库+详情页,34,3/3,上市后多来源安全信息批量分诊、重复病例合并与E2B R3加速报告生成,上市后安全个例病例(ICSR),搜索+筛选+详情展开+跨表关联+导出,病例可检索匹配去重、按来源筛选,,医疗卫生、药物警戒专员（上市后个,cn-all-remaining-0952-e3358bdf,
可检索档案库+详情页,35,3/3,哮喘用药与神经精神事件的自发报告信号评估,药品不良事件自发报告,搜索+筛选+详情展开+导出,自发报告数据库(如FAERS)按药品/事件可查询,,药学,cn-all-remaining-0987-086c66e0,
可检索档案库+详情页,36,3/3,CMS 加州护理院检查、执法与所有权网络监管审计,护理院检查/评级/处罚记录,搜索+筛选+详情展开+导出,CMS Care Compare护理院可搜索检查评级数据库,Centers for Medicare & Medicaid Services (CMS),医疗健康 / 长期护理监管 / ,cn-all-remaining-1094-a7759ced,
可检索档案库+详情页,37,3/3,构建美国国会图书馆中文 MARC 多语种权威与系谱迁移审计产品,中文MARC书目记录,搜索+详情展开+导出,任务明确说明是LC SRU/MARCXML查询窗口结果,Library of Congress,数据科学,cn-all-remaining-1097-96b36b44,
可检索档案库+详情页,38,3/3,FCC ULS Microwave Path and ASR Compliance Audit,微波许可与天线结构注册记录,搜索+筛选+详情展开+导出,FCC ULS可搜索筛选许可证详情,Federal Communications Commission,通信监管 / 固定微波频谱工程 ,cn-all-remaining-1149-9529549a,
可检索档案库+详情页,39,3/3,构建 USDA Foundation Foods 分析谱系、营养素统计复核与 SR Legacy 跨版本对账产品,食品成分与营养素记录,搜索+筛选+详情展开+导出,FDC网站可搜索筛选食品营养记录,USDA FoodData Central,食品成分数据治理 / 农业营养数,cn-all-remaining-1151-3a37412b,
可检索档案库+详情页,40,3/3,SEC 2024 Adjudicatory Proceeding Lifecycle Audit,行政裁决案卷/委员会命令记录,搜索+筛选+详情展开+导出,SEC索引页可搜索筛选案卷详情,U.S. Securities and Exchange Commission (SEC),证券监管 / 行政裁决案卷管理 ,cn-all-remaining-1152-b88db992,
可检索档案库+详情页,41,3/3,构建 DOL 2024 加班薪资门槛撤销与技术修订生命周期审计,联邦公报规则/eCFR条文版本记录,搜索+筛选+详情展开+导出,Federal Register/eCFR可搜索的规则文档库,Federal Register,劳动法规 / Federal R,cn-all-remaining-1166-f86d5a49,
可检索档案库+详情页,42,3/3,构建 2024 镀锡轧材 Commerce-USITC 贸易救济生命周期审计,联邦公报贸易救济公告与USITC裁定,搜索+筛选+详情展开+导出,任务明言从Federal Register搜索结果中筛选,Federal Register,国际贸易救济 / 反倾销与反补贴,cn-all-remaining-1167-66c3f015,
可检索档案库+详情页,43,3/3,构建 NASA DONKI / NOAA SWPC 2024 年 5 月空间天气事件血缘与归因审计,DONKI太空天气事件(耀斑/CME/磁暴),搜索+筛选+详情展开+导出,DONKI事件目录可按类型/时间查询导出,NASA DONKI,科学数据工程 / 太空天气 / ,cn-all-remaining-1173-7c23ef43,
可检索档案库+详情页,44,3/3,USFWS 受威胁与濒危物种法定名录及关键栖息地变更核验,受威胁濒危物种法定名录记录,搜索+筛选+详情展开+导出,ECOS物种数据库可搜索筛选查详情,ECOS (Environmental Conservation Online System),环境监管 / 濒危物种法数据治理,cn-all-remaining-1185-d7d58067,
可检索档案库+详情页,45,3/3,Zenodo、DataCite 与 Software Heritage 科研软件发布谱系审计,科研软件发布版本记录,搜索+筛选+导出,Zenodo/DataCite按DOI可搜索发布记录,Zenodo,科研软件工程 / 学术元数据 /,cn-all-remaining-1187-c0c21c44,
可检索档案库+详情页,46,3/3,大都会艺术博物馆藏品与 Getty AAT 权威词迁移审计,博物馆藏品对象记录,搜索+详情展开+导出+跨表关联,Met藏品搜索结果与对象详情页，可点开浏览,Metropolitan Museum of Art,博物馆信息学 / 藏品数据工程 ,cn-all-remaining-1193-f47eaab5,
可检索档案库+详情页,47,3/3,FDA Orange Book application-level patent and exclusivity integrity aud,药品/专利/排他性记录,搜索+筛选+详情展开+导出+跨表关联,Orange Book按申请号可查询产品专利排他性,FDA Orange Book,Pharmaceutical r,cn-all-remaining-1218-8fa644b4,
可检索档案库+详情页,48,3/3,NHC Hurricane Milton official forecast lead-time verification audit,气旋预报/最佳路径记录,搜索+筛选+详情展开+导出,NHC按年份风暴查询预报与最佳路径产品,Automated Tropical Cyclone Forecasting System (ATCF),Tropical cyclone,cn-all-remaining-1221-592f6bbe,
可检索档案库+详情页,49,3/3,NASA CNEOS Sentry to SBDB top-risk identity and orbit audit,小天体轨道/风险记录,搜索+筛选+详情展开+导出,SBDB可按参数搜索并查看小天体详情页,JPL Small-Body Database (SBDB),Planetary defens,cn-all-remaining-1222-8580dbde,
可检索档案库+详情页,50,3/3,NVD and CISA KEV temporal and severity reconciliation audit,漏洞(CVE)记录,搜索+筛选+详情展开+导出+跨表关联,NVD/KEV可按CVE搜索筛选并导出记录,National Vulnerability Database (NVD),Cybersecurity vu,cn-all-remaining-1224-25c363a2,
可检索档案库+详情页,51,3/3,药品短缺与 NDC 供应谱系审计（FDA 2026）,药品短缺/NDC目录记录,搜索+筛选+导出+跨表关联,明确来自openFDA数据门户及RxNorm查询响应,openFDA,监管数据工程 / 医院药品供应保,cn-all-remaining-1246-c333a712,
可检索档案库+详情页,52,3/3,IETF RFC 与 IANA HTTP 注册表引用谱系治理审计,HTTP状态码/RFC索引记录,搜索+筛选+详情展开+导出,IANA注册表/RFC索引是可查询记录集合,IANA HTTP Status Code Registry,开放标准治理 / HTTP 协议,cn-all-remaining-1249-ce04e010,
可检索档案库+详情页,53,3/3,PyPI 与 OSV Python 发布物来源、漏洞区间及解析决策审计,PyPI发布物与OSV漏洞记录,搜索+筛选+详情展开+导出+跨表关联,PyPI包索引与OSV漏洞库均可搜索查询,PyPI,Python 软件供应链 / 包,cn-all-remaining-1251-b6824008,
可检索档案库+详情页,54,3/3,跨机构 IIIF 文化遗产清单互操作与迁移治理审计,机构IIIF文化遗产manifest记录,搜索+详情展开+导出,机构数字馆藏manifest可在线检索浏览,Smithsonian Institution,数字文化遗产 / IIIF 开放,cn-all-remaining-1253-671145bb,
可检索档案库+详情页,55,3/3,农产品农药残留与 EPA 容许量合规审计（USDA PDP 2023）,农药残留检测与法规记录,搜索+筛选+详情展开+导出+跨表关联,PDP检测数据与eCFR法规库均可检索,USDA Pesticide Data Program,农业实验室 / 食品安全监管数据,cn-all-remaining-1256-543f9374,
可检索档案库+详情页,56,3/3,FDIC 与 OCC 银行牌照监管边界及机构身份核验,银行牌照与机构注册记录,搜索+筛选+详情展开+导出+跨表关联,FDIC BankFind是可搜索机构注册库,Office of the Comptroller of the Currency (OCC),金融监管 / 银行牌照 / 法律,cn-all-remaining-1259-7713fc3c,
可检索档案库+详情页,57,3/3,DOE 与 Federal Register LNG 深水港申请生命周期及出口流量核验,联邦公报LNG深水港许可文书记录,搜索+筛选+详情展开+跨表关联,Federal Register可按机构/日期/关键词搜索的公告记录,Maritime Administration (MARAD),能源行政法 / LNG 深水港授,cn-all-remaining-1266-830a170d,
可检索档案库+详情页,58,3/3,FlyWire-Hemibrain 连接组数据交叉对齐,神经元注释/匹配记录,搜索+筛选+详情展开+导出,FlyWire/neuprint神经元库可按类型筛选并导出注释表,FlyWire,神经科学 · 连接组学 / 生物,cn-all-remaining-1284-b217705c,
可检索档案库+详情页,59,3/3,SWC 神经元形态重建与多指标量化分析,NeuroMorpho.Org神经元形态重建条目,搜索+筛选+详情展开+导出,库按物种/脑区/类型筛选后下载SWC文件,NeuroMorpho.Org,神经科学 · 计算神经科学（神经,cn-all-remaining-1286-57ed5e7e,
批次-样品-检验/QC记录(LIMS/MES),1,2/3,复现并审计 NHTSA 2024 FARS 超速致死事故监管数据产品,致死事故/车辆/人员记录,筛选+导出+跨表关联,"FARS数据门户多表关联记录,可按字段查询导出",FARS (Fatality Analysis Reporting System),道路交通安全 / 监管数据工程 ,cn-all-remaining-0298-23ad7da2,
批次-样品-检验/QC记录(LIMS/MES),2,2/3,注塑连接器壳体关键尺寸过程能力、异常批次与放行门槛核验,关键尺寸测量记录,筛选+导出+跨表关联,按机台/模穴/子组的SPC记录表,,工程类、质量工程师、制造过程质量,cn-all-remaining-0948-b0c93dc1,
批次-样品-检验/QC记录(LIMS/MES),3,2/3,OSHA 德州电力行业检查、引用标准与罚款闭包审计,OSHA检查与引用记录,搜索+筛选+详情展开+跨表关联,"IMIS检索页+逐案详情页,按州/行业/年份可查",OSHA Integrated Management Information System (IMIS),劳动执法 / 职业安全 / 检查,cn-all-remaining-1262-e78cfd80,
批次-样品-检验/QC记录(LIMS/MES),4,2/3,PHMSA 管道安全执法案件阶段、引用法规与处罚闭包审计,PHMSA管道执法案件记录,搜索+筛选+导出+跨表关联,"执法Raw Data数据门户,按CPF案件字段查询导出",PHMSA Enforcement Raw Data,交通与能源基础设施监管 / 管道,cn-all-remaining-1264-008f2bdb,
批次-样品-检验/QC记录(LIMS/MES),5,3/3,汽车零部件制造企业5月生产成本明细核算及降本方案报告编制任务,生产批次/工序物料耗用记录,筛选+导出+跨表关联,生产数据按产品工序物料可筛选查询导出,,制造业成本管控与财务分析,cn-all-remaining-0006-9effbd05,
批次-样品-检验/QC记录(LIMS/MES),6,3/3,区域地震 P、S 到时联合定位,地震台站与P/S到时拾取记录,筛选+导出+跨表关联,台站表与拾取表为地震数据门户可查询导出格式,,科学类、地球科学研究人员,cn-all-remaining-0160-5d376197,
批次-样品-检验/QC记录(LIMS/MES),7,3/3,Ridgecrest 主震后地震簇稳健双差重定位,余震目录事件与台站记录,筛选+导出+跨表关联,Ridgecrest公开地震目录按震级/时间筛选导出,Ridgecrest earthquake sequence catalog,科学类、地球科学研究人员,cn-all-remaining-0166-b4934700,
批次-样品-检验/QC记录(LIMS/MES),8,3/3,24个月稳定性统计复核与货架期建议,稳定性检验批次与结果,筛选+导出+跨表关联,LIMS检验明细、批次信息、规格多表关联查询,,药学专业人员,cn-all-remaining-0221-2cf3a288,
批次-样品-检验/QC记录(LIMS/MES),9,3/3,汽车连接器注塑件关键尺寸SPC分析、过程能力评估与量产放行判定    ,注塑件质检子组记录,筛选+导出+跨表关联,按subgroup_id/sample_no/timestamp组织的批次质检记录表,,汽车工程、质量管理,cn-all-remaining-0291-e8bd6c4c,
批次-样品-检验/QC记录(LIMS/MES),10,3/3,电子连接器来料关键特性、外观缺陷与量具校准批次复核,来料检验批次与测量记录,筛选+导出,QMS/LIMS式批次抽样测量与外观检验记录,,    工程类、质量工程师   ,cn-all-remaining-0407-b77013e8,
批次-样品-检验/QC记录(LIMS/MES),11,3/3,三流域农药暴露与底栖无脊椎动物群落响应的多源数据质控、混合效应建模与敏感性分析,水样/生物样采集批次与LC-MS/MS结果,筛选+导出+跨表关联,"批次-结果行-QC状态,典型LIMS结构",,科学类、环境科学家、科研数据分析,cn-all-remaining-0421-9128c0d2,
批次-样品-检验/QC记录(LIMS/MES),12,3/3,河口湿地甲烷通量多批次校准、脉冲事件与年度预算审计,GC校准批次与箱体通量采样记录,筛选+导出+跨表关联,"批次-结果-QC状态,同LIMS例子",,科学类、环境科学与科研数据分析,cn-all-remaining-0423-6de57e18,
批次-样品-检验/QC记录(LIMS/MES),13,3/3,四批次TMT蛋白质组同位素校正、桥接归一化与差异通路复核,TMT批次肽段/通道强度结果记录,筛选+导出+跨表关联,"批次-肽段-通道结果,同LIMS结构",,科学类、生物学研究人员,cn-all-remaining-0429-bb30f48c,
批次-样品-检验/QC记录(LIMS/MES),14,3/3,    300mm晶圆刻蚀工艺漂移、SPC/FDC根因分析与批次放行    ,批次/晶圆量测与FDC记录,筛选+详情展开+导出+跨表关联,MES批次晶圆量测记录可筛选导出,,    工程类、半导体工艺工程师,cn-all-remaining-0443-dc5f61f5,
批次-样品-检验/QC记录(LIMS/MES),15,3/3,晶圆厂多站点SPC、良率归因与工艺窗口优化复核,批次/晶圆工艺记录,筛选+详情展开+导出+跨表关联,MES批次晶圆参数记录可筛选导出,,工程类—半导体工艺工程师,cn-all-remaining-0444-8561ae74,
批次-样品-检验/QC记录(LIMS/MES),16,3/3,LX-217无菌冻干注射剂工艺验证、稳定性趋势、OOS/OOT调查与批次放行,批次与HPLC检测记录,筛选+详情展开+导出,LIMS批次、序列、稳定性记录，典型实验室系统列表,,医疗卫生、药学专业人员,cn-all-remaining-0446-824b7977,
批次-样品-检验/QC记录(LIMS/MES),17,3/3,CT1 光刻 CD 偏高异常根因分析、批次处置与工艺再资格,批次/晶圆/量测记录,筛选+详情展开+跨表关联+导出,MES晶圆批次记录，类似LIMS可查询,,工程技术类、半导体工艺工程师,cn-all-remaining-0703-5714b5c0,
批次-样品-检验/QC记录(LIMS/MES),18,3/3,300 mm 氧化物刻蚀腔体 PM 后 Via CD 漂移根因分析、配方恢复与批次处置,CD-SEM量测/FDC批次记录,筛选+跨表关联+导出,按批次腔体查询的量测与设备事件记录表,,工程类、半导体工艺工程师,cn-all-remaining-0745-5cca1ad5,
批次-样品-检验/QC记录(LIMS/MES),19,3/3,电驱壳体轴承孔尺寸漂移分析与过程能力改善验证,尺寸检验与加工参数记录,筛选+排序+导出,按part_id可查询筛选的检验参数记录表,,工程类、质量工程师,cn-all-remaining-0746-667d6a72,
批次-样品-检验/QC记录(LIMS/MES),20,3/3,真空熟制鸡胸肉冷藏腐败货架期建模与温度波动评估,LIMS平板菌落计数记录,筛选+导出,原始LIMS导出的挑战试验平板记录,,科学类、食品科学研究人员,cn-all-remaining-0754-26345d25,
批次-样品-检验/QC记录(LIMS/MES),21,3/3,12英寸晶圆厂M1光刻CD/Overlay漂移调查与批次处置,晶圆/批次量测记录(CD/Overlay),搜索+筛选+跨表关联+导出,MES量测与批次履历按lot/tool查询导出,,工程类、半导体工艺工程师,cn-all-remaining-0759-3002eee7,
批次-样品-检验/QC记录(LIMS/MES),22,3/3,五层主体结构实测实量、资料证据链复核与整改销项自动核验,实测实量记录/检验批与试块台账,搜索+筛选+跨表关联+导出,质量管理平台按楼层构件查询导出的台账,,建筑、测绘与规划-质量员,cn-all-remaining-0763-7c2e7f10,
批次-样品-检验/QC记录(LIMS/MES),23,3/3,临港北片区1:500地形图修测收尾排产、质量放行与批次交付,分幅生产日报/检查点/问题台账记录,搜索+筛选+跨表关联+导出,测绘生产管理系统按分幅日期查询台账,,建筑、测绘与规划-生产经理,cn-all-remaining-0765-2e0c67fe,
批次-样品-检验/QC记录(LIMS/MES),24,3/3,CHO细胞补料分批培养批次一致性、过程偏差与收获窗口评估,培养批次在线/离线检测记录,筛选+导出+跨表关联,多批次历史库位号数据与检测结果表,,科学类、生物工艺科学人员,cn-all-remaining-0794-37667882,
批次-样品-检验/QC记录(LIMS/MES),25,3/3,磷酸铁锂电芯一致性、模组快充热安全与循环寿命联合评审及量产放行判定,电芯/模组测试与循环记录,筛选+跨表关联+导出,多电芯模组测试结果，类LIMS批次数据,,工程类、电池工程师,cn-all-remaining-0801-3012a7dc,
批次-样品-检验/QC记录(LIMS/MES),26,3/3,电机轴精加工线OEE异常诊断与MC30两日生产排程校核,生产工单/设备报警/终检记录,筛选+导出+跨表关联,MES工单、报警、检测记录均为多字段可查询表,,工程类、智能制造工程师,cn-all-remaining-0817-a25cf14a,
批次-样品-检验/QC记录(LIMS/MES),27,3/3,28 nm接触孔光刻关键尺寸、套刻与焦距—曝光工艺窗口联合评审及批次放行判定,晶圆批次量测记录,筛选+导出+跨表关联,批次/位点量测带质控标记，类似LIMS批次结果,,工程类、半导体工艺工程师,cn-all-remaining-0821-5446eadd,
批次-样品-检验/QC记录(LIMS/MES),28,3/3,DQL-217 CIA大鼠治疗性药效复核与确认性研究剂量推荐,动物给药与检测结果记录,筛选+导出+跨表关联,CRO动物研究数据，类LIMS批次结果,,医疗卫生、药企药理专员,cn-all-remaining-0833-4b7ceef4,
批次-样品-检验/QC记录(LIMS/MES),29,3/3,TRX-217 28天重复给药毒性数据质控、毒代重算与申办方综合评估,动物毒理检测记录,筛选+导出+跨表关联,CRO毒理动物数据，类LIMS批次结果,,医疗卫生、药物非临床安全性评价（,cn-all-remaining-0835-9f5c41bb,
批次-样品-检验/QC记录(LIMS/MES),30,3/3,多中心定量检测方法的精密度、Deming比对与实验室聚类Bootstrap评价,跨实验室检测结果记录,筛选+导出,实验室/方法/浓度/日期字段的LIMS式结果表,,科学类、统计学家,cn-all-remaining-0901-a1264e29,
批次-样品-检验/QC记录(LIMS/MES),31,3/3,LPBF Inconel 718粉末、熔池、孔隙、力学、疲劳与热处理组织联合评审及航空结构件工艺定型判定,批次样本检测结果,筛选+导出,批次/样本/工序字段的材料检测结果表,,科学类、材料科学研究人员,cn-all-remaining-0908-a1d40822,
批次-样品-检验/QC记录(LIMS/MES),32,3/3,车载摄像模组MTF、畸变、杂散光与热稳定量产准入判定,模组测试记录,筛选+导出,模组/测试站字段的光学检测结果表,,工程类—光学工程师,cn-all-remaining-0910-a483d04f,
批次-样品-检验/QC记录(LIMS/MES),33,3/3,冷藏熟制鸡胸肉气调包装货架期建模与包装方案筛选,样品清单及微生物/理化/感官检测结果,筛选+导出+跨表关联,72条样品清单按批次/处理关联检测结果，类LIMS,,科学类、食品科学研究人员,cn-all-remaining-0928-d694ced9,
批次-样品-检验/QC记录(LIMS/MES),34,3/3,低酸植物蛋白饮料UHT热力杀菌、无菌灌装、微生物挑战与加速货架期联合评审及量产放行判定,批次生产与QC检测记录（灌装/微生物/稳定性/包装/卫生）,筛选+导出+跨表关联,多批次样本检测结果按批号关联，类LIMS结构,,科学类、食品科学研究人员,cn-all-remaining-0929-cfedb11d,
批次-样品-检验/QC记录(LIMS/MES),35,3/3,汽车外板IF钢LF-RH精炼、钙处理与连铸洁净度/浇次放行审计,炉次/浇次工艺与检测记录,筛选+导出+跨表关联,炉次成分与遥测为MES/LIMS记录,,工程类、冶金工程师,cn-all-remaining-0938-0175cfde,
批次-样品-检验/QC记录(LIMS/MES),36,3/3,ADAS前视摄像头镜头模组MTF、杂散光、光谱与DV/PV量产冻结审计,镜头模组光学测试记录,筛选+详情展开+导出+跨表关联,按批次/模组分组的LIMS式记录,,工程类、光学工程师,cn-all-remaining-0941-29ec8b45,
批次-样品-检验/QC记录(LIMS/MES),37,3/3,冷藏即食食品CCP杀菌、冷链暴露、微生物风险与召回放行判定,批次CCP/冷链/检验记录,筛选+导出+跨表关联,批次结果记录，同LIMS结构,,食品与质量安全—食品安全工程师,cn-all-remaining-0942-65033b58,
批次-样品-检验/QC记录(LIMS/MES),38,3/3,植入式骨科接骨板疲劳寿命、加速老化与批次一致性联合评审及设计转移/上市放行判定,工程批可靠性试验记录,筛选+导出+跨表关联,按批次的试验结果类LIMS,,工程类、医疗器械可靠性工程师,cn-all-remaining-0946-f43aaf57,
批次-样品-检验/QC记录(LIMS/MES),39,3/3,退役金属加工厂地下水氯代烃监测质控、趋势判定与羽流复核,监测井采样与水质结果,筛选+详情展开+跨表关联+导出,监测井/样品按井号季度可筛选导出,,科学类、环境科学家,cn-all-remaining-0950-9dedf66d,
批次-样品-检验/QC记录(LIMS/MES),40,3/3,盐酸二甲双胍片三批压片偏差复核、受影响物料界定与72小时产能恢复排产,批生产记录与MES报警事件,筛选+详情展开+跨表关联+导出,批号/容器/记录编号可交叉筛选,,医疗卫生、药品生产与质量管理（口,cn-all-remaining-0957-769c12d9,
批次-样品-检验/QC记录(LIMS/MES),41,3/3,片剂稳定性统计复核与货架期建议,稳定性检验明细（批次/时间点/项目结果行）,筛选+详情展开+导出+跨表关联,类LIMS批次检验结果行，可按批次时间筛选,,药学专业人员,cn-all-remaining-1131-804a6ac8,
批次-样品-检验/QC记录(LIMS/MES),42,3/3,USDA SSURGO Sonoma Soil Foundation Interpretation Audit,SSURGO图斑/构件/土层记录,搜索+筛选+导出+跨表关联,Soil Data Access按区域查询的图斑构件库,USDA Soil Data Access,环境岩土工程 / 土壤调查 / ,cn-all-remaining-1163-87b43970,
批次-样品-检验/QC记录(LIMS/MES),43,3/3,NASA CNEOS 与 ESA NEOCC 近地天体撞击风险联合审计,近地天体撞击风险记录(Sentry/NEOCC虚拟撞击体与风险名单),搜索+筛选+导出+跨表关联,Sentry/NEOCC是可查询筛选的撞击风险记录门户,NASA/JPL CNEOS Sentry,科学计算 / 行星防御 / 风险,cn-all-remaining-1190-ee12ce0a,
批次-样品-检验/QC记录(LIMS/MES),44,3/3,NCBI SRA 与 ENA 测序研究、样本及运行元数据治理审计,SRA/ENA测序运行元数据记录,搜索+筛选+详情展开+导出+跨表关联,NCBI/ENA是可检索的测序档案数据库,National Center for Biotechnology Information (NCBI),科研数据治理 / INSDC 测,cn-all-remaining-1252-1e0765a9,
单表统计/观测数据下载门户,1,2/3,柏林气象温度递归多步预测,气象站逐小时观测记录,搜索+筛选+导出,Open-Meteo按坐标和日期区间查询导出的历史观测记录,Open-Meteo,气象与环境工程,cn-all-remaining-0209-c0b07690,
单表统计/观测数据下载门户,2,2/3,密西西比河日流量递归多步预测,USGS站点逐日流量观测记录,搜索+筛选+导出,数据门户按站点日期查询下载,USGS Water Data,水文与防汛工程,cn-all-remaining-0253-e224ded0,
单表统计/观测数据下载门户,3,2/3,北京 PM2.5 递归多步预测,空气质量逐小时观测记录,筛选+导出,Open-Meteo为可按地区/时间查询下载的数据门户,Open-Meteo,环境工程,cn-all-remaining-0278-95674282,
单表统计/观测数据下载门户,4,2/3,复算并审计 EPA 2022–2024 全国臭氧设计值数据产品,臭氧监测站日汇总记录,筛选+导出,"EPA AQS数据门户站点日汇总,可按站点年份查询",EPA Air Quality System (AQS),环境监管 / 空气质量 / AQ,cn-all-remaining-0299-fe86cac8,
单表统计/观测数据下载门户,5,2/3,NYC Yellow Taxi January 2023 — Multi-source Data Engineering Pipeline,出租车行程记录,筛选+导出,TLC门户按年月查询下载行程数据,NYC Taxi & Limousine Commission (TLC) Trip Record Data,数据科学 / 数据工程（Data,cn-all-remaining-0302-299009d0,
单表统计/观测数据下载门户,6,2/3,在线招聘渠道续约复盘、RFP对账与2026采购策略,ATS招聘渠道月度汇总记录,筛选+导出,招聘平台后台ATS月报与费用台账,,行业研究、人力资源服务,cn-all-remaining-0322-c294fc85,
单表统计/观测数据下载门户,7,2/3,风暴致死月度统计,风暴事件与致死记录,筛选+导出+跨表关联,同NOAA门户，两表按EVENT_ID关联查询导出,NOAA Storm Events Database, 应急管理,cn-all-remaining-0482-4ad1c775,
单表统计/观测数据下载门户,8,2/3,风暴事件类型归类统计,风暴事件记录,筛选+导出+跨表关联,同NOAA门户，按事件类型查表归类导出,NOAA Storm Events Database,气候与应急管理,cn-all-remaining-0483-e7f016ec,
单表统计/观测数据下载门户,9,2/3,账户状态枚举与接口契约统一,账户状态案例记录,筛选+导出,账号状态冲突/一致案例，典型后台账户列表数据,,后台管理系统,cn-all-remaining-0577-09649bc4,
单表统计/观测数据下载门户,10,2/3,PVDAQ实测光伏数据源尽调与运维对标样本库构建,PVDAQ光伏系统清单,筛选+排序+导出,systems清单是可按字段筛的系统目录,NREL PVDAQ,工程类、新能源工程师,cn-all-remaining-0741-4360744e,
单表统计/观测数据下载门户,11,2/3,凤凰城高温阈值方法缺陷定位、历史复算与发布门槛核验,气象站逐日观测记录,搜索+筛选+导出,GHCN-Daily是NOAA站点数据门户,GHCN-Daily,行业研究、气象服务（气象学家）,cn-all-remaining-0845-a6a750c1,
单表统计/观测数据下载门户,12,2/3,IRS 2022–2023 县际迁移发布、披露与 Census 邻接走廊审计,县际迁移流入流出记录,筛选+导出+跨表关联,IRS SOI按州/年份查询下载迁移数据,IRS SOI,公共财政与区域规划 / 政府统计,cn-all-remaining-1091-55784277,
单表统计/观测数据下载门户,13,2/3,BTS-CBP 陆路口岸货运流量与月度连续性核验,陆路口岸月度货运记录,搜索+筛选+导出,BTS按口岸/月份/类别查询下载,Bureau of Transportation Statistics (BTS),交通运输 / 陆路口岸运营数据质,cn-all-remaining-1180-0e2cadcc,
单表统计/观测数据下载门户,14,2/3,HUD 2025 财年小区域公平市场租金与住房券支付标准政策审计,县级/邮编公平市场租金与住房券支付标准记录,筛选+导出+跨表关联,HUD按年度/地区可查询下载的租金标准数据,HUD,住房政策 / 地理空间监管数据工,cn-all-remaining-1192-e8a7b525,
单表统计/观测数据下载门户,15,2/3,联邦渔业库存状态季度迁移审计（NOAA 2024）,渔业库存状态记录,搜索+筛选+排序+导出,NOAA渔业库存状态是可查询统计报表,NOAA Electronic Navigational Chart (ENC),渔业监管数据 / 库存状态变更审,cn-all-remaining-1255-d3f1f3cb,
单表统计/观测数据下载门户,16,3/3,德国电力负荷月度预测管道,电网逐时负荷/发电记录,筛选+导出,"电网历史库,可按时间范围查询下载",Open Power System Data,电力系统,cn-all-remaining-0072-1e08f36f,
单表统计/观测数据下载门户,17,3/3,中国电动汽车企业进入英国市场行业研究,行业统计与法规政策数据,搜索+筛选+导出,SMMT等统计数据门户可按年份/指标查询下载,Society of Motor Manufacturers and Traders,汽车类、行业研究,cn-all-remaining-0090-ab9a3d0b,
单表统计/观测数据下载门户,18,3/3,2020 Magna真实地震序列完整性、b值、Omori衰减与空间结构联合分析,地震事件记录（位置/震级/质量）,搜索+筛选+导出,USGS FDSN 事件Web服务按时间空间震级条件查询目录,USGS FDSN Event Web Service,科学类、地球科学研究人员,cn-all-remaining-0135-8319cf05,
单表统计/观测数据下载门户,19,3/3,真实 SKS 剪切波分裂测量与上地幔各向异性评估,远震事件波形目录条目,搜索+筛选+导出,events.csv为按震中距/震级筛选导出的事件目录,IU.COLA,科学类、地球科学研究人员,cn-all-remaining-0163-f216c49f,
单表统计/观测数据下载门户,20,3/3,开普敦太阳辐射递归多步预测,气象站历史观测记录,搜索+筛选+导出,Open-Meteo数据门户按地点日期查询,Open-Meteo,新能源工程,cn-all-remaining-0346-54ee7ce2,
单表统计/观测数据下载门户,21,3/3,东京地面气压递归多步预测,气象站历史观测记录,搜索+筛选+导出,Open-Meteo数据门户按地点日期查询,Open-Meteo,气象工程,cn-all-remaining-0348-e08b7fe5,
单表统计/观测数据下载门户,22,3/3,上海相对湿度递归多步预测,逐小时天气观测记录,筛选+导出,Open-Meteo为按地区/时间/指标查询下载的数据门户,Open-Meteo,环境工程,cn-all-remaining-0349-c13fb8d4,
单表统计/观测数据下载门户,23,3/3,希腊逐小时电力负荷预测管道,逐小时电网负荷记录,筛选+导出,ENTSO-E电力统计门户，按国家/时间查询下载,Open Power System Data,电力,cn-all-remaining-0352-61295765,
单表统计/观测数据下载门户,24,3/3,北京参考作物蒸散量(ET0)预测,逐小时气象观测/预报记录,筛选+导出,Open-Meteo数据门户，按地区/时段/指标查询下载,Open-Meteo,农业水利工程,cn-all-remaining-0477-0fe64a0f,
单表统计/观测数据下载门户,25,3/3,NOAA 风暴事件月度灾损统计,风暴事件记录,筛选+导出,NOAA Storm Events是可按州/年/类型查询导出的政府数据门户,NOAA Storm Events Database, 应急管理与保险精算,cn-all-remaining-0481-7ab34177,
单表统计/观测数据下载门户,26,3/3,风暴系统(episode)月度统计,风暴事件记录,筛选+导出,同NOAA门户，按episode/州/月统计导出,NOAA Storm Events Database,气候监测,cn-all-remaining-0484-47ac327f,
单表统计/观测数据下载门户,27,3/3,美国平面设计师职业市场与AI转型研究,职业统计条目(BLS/O*NET/WEF),搜索+筛选+导出,BLS等统计门户按职业/年份查询导出,Bureau of Labor Statistics (BLS),商业类、行业研究分析师（创意服务,cn-all-remaining-0674-84436791,
单表统计/观测数据下载门户,28,3/3,美国航空航天工程师人才市场、薪酬与能力结构研究（2024-2034）,BLS职业统计指标记录,搜索+筛选+导出,BLS/O*NET官方数据门户按职业查询,Bureau of Labor Statistics Occupational Outlook Handbook (OOH),行业研究、航空航天工程师,cn-all-remaining-0692-1233fccb,
单表统计/观测数据下载门户,29,3/3,美国石油工程师就业、薪酬与技能结构行业研究,BLS OEWS职业统计记录,搜索+筛选+导出,BLS OEWS/O*NET数据门户按SOC查询,Bureau of Labor Statistics (BLS),行业研究、能源工程人才市场,cn-all-remaining-0693-64f8726a,
单表统计/观测数据下载门户,30,3/3,美国平面设计师用工市场、薪酬与技能结构研究,职业地区/行业薪资统计记录,筛选+排序+导出+跨表关联,BLS OEWS数据门户可按地区行业查询下载,Bureau of Labor Statistics Occupational Outlook Handbook (OOH),商业类、行业研究分析师,cn-all-remaining-0723-215c4ee4,
单表统计/观测数据下载门户,31,3/3,美国机械工程师用工市场、薪酬与产业分布研究,职业地区/行业薪资统计记录,筛选+排序+导出+跨表关联,BLS OEWS数据门户可按地区行业查询下载,Bureau of Labor Statistics Occupational Employment and Wage Statistics (OEWS),商业类、行业研究分析师,cn-all-remaining-0724-5140b215,
单表统计/观测数据下载门户,32,3/3,美国微生物学家人才市场与岗位能力基准研究,职业就业/薪资/预测统计记录,筛选+排序+导出,BLS/O*NET数据门户可按职业查询导出,Bureau of Labor Statistics (BLS),商业和金融类、市场调查分析师（行,cn-all-remaining-0729-3456fff7,
单表统计/观测数据下载门户,33,3/3,五因子另类风险溢价基金无前视回测、风险预算与绩效归因,五因子日收益率数据,筛选+导出,明确来源Fama/French数据门户,Fama/French Data Library (Kenneth R. French),金融与证券、基金量化研究员,cn-all-remaining-0795-2d469bcb,
单表统计/观测数据下载门户,34,3/3,美国平面设计师薪酬市场与技能需求研究（加州—得州）,地区薪酬统计行(OEWS),筛选+导出,"州/都会区薪酬按地区可查询下载,属统计数据门户",,    设计、文创与媒体    ,cn-all-remaining-0853-2e697bcb,
单表统计/观测数据下载门户,35,3/3,车载1550nm激光雷达发射、接收、杂散光、温漂、眼安全与可靠性联合验收及整车道路验证准入判定,模组光学验收记录,筛选+导出,模组/样本字段的激光雷达检测结果表,,工程类、光学工程师,cn-all-remaining-0912-51d4ac3e,
单表统计/观测数据下载门户,36,3/3,AME2016—AME2020 Ca/Ni/Sn 核质量系统学重建、壳隙复核与版本更新审计,核素质量条目,筛选+导出,AME数据源自IAEA/AMDC统计数据门户，可按核素查询,IAEA/AMDC,物理类、核物理研究员（核结构/核,cn-all-remaining-1112-88167b19,
单表统计/观测数据下载门户,37,3/3,城市交通变化桑基图,城市交通变化统计记录,筛选+导出,各城市多维指标类统计门户可查询下载的记录,,数据可视化与信息图,cn-all-remaining-1140-3069d89e,
单表统计/观测数据下载门户,38,3/3,UN Comtrade HS 2017→2022 商品分类迁移与贸易序列连续性审计,各国商品进出口贸易记录,搜索+筛选+导出,Comtrade可按国家商品年份查询导出,UN Comtrade,国际贸易统计 / 海关商品分类迁,cn-all-remaining-1145-c17d3877,
单表统计/观测数据下载门户,39,3/3,NASA–ESA 系外行星星历、宿主星天体测量与多系统观测就绪审计,系外行星与宿主星参数记录,搜索+筛选+排序+导出,Exoplanet Archive表可查询筛选导出,NASA Exoplanet Archive (Planetary Systems table),天文学 / 科研数据治理 / 系,cn-all-remaining-1146-6532ab9d,
单表统计/观测数据下载门户,40,3/3,构建 CDC NNDSS 2023 第 52 周暂定值与最终年表调和审计,CDC NNDSS疾病监测周报记录,搜索+筛选+导出,Socrata官方门户可按疾病/周查询导出,Centers for Disease Control and Prevention (CDC),公共卫生监测 / NNDSS /,cn-all-remaining-1165-1a802104,
单表统计/观测数据下载门户,41,3/3,EPA TRI PFAS 释放与废物管理变更控制核验,EPA TRI设施-PFAS释放/废物记录,搜索+筛选+导出,TRI为可按设施/化学品/年份查询的数据库,EPA (U.S. Environmental Protection Agency) GHGRP,环境合规 / 有毒化学品数据治理,cn-all-remaining-1176-1da3ce1d,
单表统计/观测数据下载门户,42,3/3,NCUA 2024 年信用合作社资本充足与复杂机构分类生命周期审计,信用社季度Call Report记录,搜索+筛选+导出,NCUA按机构季度可查询下载财务数据,National Credit Union Administration (NCUA),金融监管 / 信用合作社审慎资本,cn-all-remaining-1182-3a8e8666,
单表统计/观测数据下载门户,43,3/3,USDA RMA 农作物保险损失原因与赔款闭包核验,损失原因赔款记录,搜索+筛选+导出,RMA可按州/年/作物/灾因查询损失数据,USDA Risk Management Agency,农业 / 农作物保险运营质控,cn-all-remaining-1183-ad6aeed5,
单表统计/观测数据下载门户,44,3/3,FCC E-Rate 2023 资金年度学校宽带折扣、承诺与拨款生命周期审计,E-Rate资助申请与承诺记录,搜索+筛选+导出,USAC开放数据可按学校/类别查询导出,USAC,电信监管 / 教育宽带数据工程,cn-all-remaining-1188-be477324,
时序监测点/日志事件记录,1,2/3,多空动量策略历史回测,股票日线行情记录,搜索+筛选+导出,40只美股日线行情通常从行情终端按代码日期导出,,金融与证券,cn-all-remaining-0008-8a350880,
时序监测点/日志事件记录,2,2/3,    手游限时活动奖励、兑换商店与经济闭环自动化回归审计    ,玩家活动行为与发奖原始记录,搜索+筛选+导出+跨表关联,"玩家事件+request_id记录,似GM后台行为日志查询",,    游戏与互动内容、游戏自动,cn-all-remaining-0328-9e64a75f,
时序监测点/日志事件记录,3,2/3,10 kV园区馈线分布式光伏承载力与改造方案校核,馈线设备/负荷曲线,筛选+详情展开+导出,设备台账+历史库曲线查询，类历史库位号,,行业研究、电力系统工程师,cn-all-remaining-0705-ab3d6465,
时序监测点/日志事件记录,4,2/3,匿名化工园区氯代烯烃地下水污染羽与自然衰减证据评估,监测井/VOC采样记录,筛选+跨表关联+导出,环境监测数据库按井、批次、化合物查询导出,,科学类、环境科学家,cn-all-remaining-0716-978e33d8,
时序监测点/日志事件记录,5,2/3,CISO 2021Q3 净负荷爬坡与负荷预测偏差复核,电网小时运行数据记录,筛选+导出,EIA-930官方数据门户按区域日期查询下载,EIA Form 930 (Hourly Electric Grid Monitor),行业研究、电力系统工程师,cn-all-remaining-0863-d6bf7ae0,
时序监测点/日志事件记录,6,2/3,北加州 Cloverdale M4.24 事件后目录流水线方法缺陷审计、完备震级复算与发布门槛核验,地震目录事件记录,搜索+筛选+导出,"USGS地震目录门户,可查询下载",USGS Earthquake Hazards Program,地球科学、地震科学研究员）,cn-all-remaining-1126-ac0908b4,
时序监测点/日志事件记录,7,2/3,加州污水监测人口覆盖与连续性审计（CDC 2025）,污水监测站点与人口普查记录,搜索+筛选+导出+跨表关联,NWSS/Census是可查询的统计数据门户,CDC National Wastewater Surveillance System (NWSS),公共卫生监测网络规划 / 数据质,cn-all-remaining-1254-9691ae4f,
时序监测点/日志事件记录,8,3/3,机房运维多变量时序异常检测管道,服务器运维指标时序(按机器),搜索+筛选+详情展开+导出,"运维监控历史库,按机器/窗口查询",Server Machine Dataset (SMD),ML-Ops 与可观测性,cn-all-remaining-0063-4a16f58b,
时序监测点/日志事件记录,9,3/3,    夏季城市热岛、连续热浪与遥感地表温度回归的可复现科学分析    ,气象站逐小时观测与卫星地表温度场景,搜索+筛选+导出+跨表关联,"站点+时间戳观测,类监控历史库位号趋势查询",,环境科学,cn-all-remaining-0330-f8d853da,
时序监测点/日志事件记录,10,3/3,工业空压站能效审计、停机保压泄漏核算与联控节能改造校核,压缩机运行数据与泄漏/维护记录,筛选+导出+排序,10分钟粒度多台位号趋势数据，类历史库趋势查询,,机械工程,cn-all-remaining-0395-459e966d,
时序监测点/日志事件记录,11,3/3,近海日尺度海温质量控制、海洋热浪事件识别与监测发布边界核验,海域分区日尺度SST监测数据,筛选+导出,分区+日期检索的监测历史库，类似位号趋势查询,,科学研究类,cn-all-remaining-0398-6d389a9a,
时序监测点/日志事件记录,12,3/3,企业云身份入侵多源日志时间线重建、会话归因与控制有效性复核,多源系统安全事件/告警日志,搜索+筛选+导出+跨表关联,"IAM/VPN/EDR日志,类SIEM可查询导出",,信息技术与AI、信息安全测试员,cn-all-remaining-0431-139098e2,
时序监测点/日志事件记录,13,3/3,工业园区微电网日前调度、N-1韧性与方案放行评估,母线/线路测量与调度记录,筛选+导出+跨表关联,母线线路时段测量类似历史库点表,,工程类、电力系统工程师,cn-all-remaining-0439-e36f8864,
时序监测点/日志事件记录,14,3/3,三级医院既有综合楼近零能耗改造与绿色建筑三星预评估,楼宇BMS小时能耗记录,筛选+导出+跨表关联,BMS小时数据类似历史库趋势查询,,建筑、测绘与规划,cn-all-remaining-0440-a3ce5637,
时序监测点/日志事件记录,15,3/3,工业园区微电网多时段潮流、储能调度与N-1保护配合复核,母线/线路运行测量记录,筛选+导出+跨表关联,母线线路时段测量类似历史库点表,,工程类—电力系统工程师,cn-all-remaining-0441-8ac911fe,
时序监测点/日志事件记录,16,3/3,工作台路由耗时观测与诊断端点,路由诊断事件,筛选+排序+导出,事件含路由/耗时/状态码，类监控库可查询记录,,信息技术（后端可观测性）,cn-all-remaining-0493-755ec260,
时序监测点/日志事件记录,17,3/3,构建 NOAA Hurricane Ian 潮位站风暴增水、垂直基准与洪水阈值审计产品,潮位站观测/预测记录,搜索+筛选+导出,CO-OPS按站点/产品/日期范围查询导出,National Hurricane Center (NHC),海岸工程 / 海洋观测数据工程 ,cn-all-remaining-0652-b9c7d500,
时序监测点/日志事件记录,18,3/3,PHE-204换热器性能衰减诊断与停机清洗窗口决策,DCS历史库测点趋势记录,搜索+筛选+导出,历史库按位号/时间段查询导出的趋势数据,,工程类、化工工程师（工艺工程师）,cn-all-remaining-0758-4e0bb5b1,
时序监测点/日志事件记录,19,3/3,东城片区5G无线网扩容与优化优先级评估,5G小区KPI/路测/投诉记录,筛选+导出+跨表关联,网管KPI与投诉按小区批量导出脱敏,,行业研究、通信工程师,cn-all-remaining-0770-159164f2,
时序监测点/日志事件记录,20,3/3,10 kV工业园区馈线分时潮流与分布式光伏接入承载力评估,SCADA位号量测/馈线记录,搜索+筛选+导出,SCADA快照与曲线，位号可查询,SCADA,工程类、电力系统工程师,cn-all-remaining-0784-a74f0a42,
时序监测点/日志事件记录,21,3/3,工业园区微电网故障录波、保护配合、储能黑启动与并网准入判定,故障录波/PMU/保护动作记录,筛选+导出+跨表关联,类监控历史库位号与事件时序数据,,工程类—电力系统工程师,cn-all-remaining-0804-65e4e048,
时序监测点/日志事件记录,22,3/3,T-301甲醇回收精馏塔物料衡算校正与节能操作窗口优化,DCS历史数据/化验分析记录,筛选+跨表关联+导出,过程历史库位号趋势式数据,,工程类、化工工程师,cn-all-remaining-0815-9624faf6,
时序监测点/日志事件记录,23,3/3,5G NR园区路测KPI分析、切换根因定位与优化闭环,路测KPI与告警记录,筛选+导出+跨表关联,OSS小时KPI与路测数据属监控历史库查询,,工程类、通信工程师,cn-all-remaining-0828-6335c106,
时序监测点/日志事件记录,24,3/3,5G NR园区路测KPI分析、切换根因定位与优化闭环,路测采样点/小区KPI记录,筛选+翻页+导出+跨表关联,类网管系统路测/OSS/KPI记录,,工程类、通信工程师,cn-all-remaining-0830-86a394d4,
时序监测点/日志事件记录,25,3/3,工业物联网时序数据迟到事件重放、设备日指标与告警补算,设备时序事件,筛选+导出+跨表关联,设备ID/时间戳的物联网历史事件流,,信息技术与AI、大数据工程技术人,cn-all-remaining-0909-121120de,
时序监测点/日志事件记录,26,3/3,消费电子工厂0.4kV配电系统电能质量、无功补偿与保护整定整改冻结复核,变压器/馈线电能质量监测点位记录,筛选+导出+跨表关联,多变压器/馈线5分钟遥测，类监控历史库趋势查询,,工程类、电气工程师,cn-all-remaining-0934-444b3c56,
时序监测点/日志事件记录,27,3/3,大型会展中心5G室内分布系统覆盖、切换、容量与故障回退联合验收及商用开通判定,路测/切换/KPI记录,筛选+导出+跨表关联,网管路测KPI为位号趋势记录,,工程类、通信工程师,cn-all-remaining-0943-467f2a4f,
时序监测点/日志事件记录,28,3/3,LYO-03冻干机抽真空超时偏差调查、参数恢复验证与PM表单修订,设备批次趋势与报警事件,筛选+翻页+详情展开+导出,PLC/HMI历史库位号趋势可按批查询,,医疗卫生、制药工程设备工程师,cn-all-remaining-0955-5ce45980,
时序监测点/日志事件记录,29,3/3,PW-01纯化水系统季度回顾底稿修复、异常证据链复核与QA评审材料输出,BMS水质趋势与消毒维护记录,筛选+翻页+导出,历史库位号趋势按时间窗查询,,医疗卫生、制药工程、药企公用系统,cn-all-remaining-0956-fb447e98,
时序监测点/日志事件记录,30,3/3,空气质量监测数据核验与发布封板审计,空气质量监测记录,搜索+筛选+翻页+导出,监测站点数据门户，可按站点/时段查询导出,,环境监测 / 大气科学,cn-all-remaining-0975-ea568465,
时序监测点/日志事件记录,31,3/3,交通流核验与发布封板审计,交通检测点记录,搜索+筛选+翻页+导出,交通监控历史库的位号趋势查询与导出,,交通工程 / 智能交通,cn-all-remaining-0977-49dbb8c6,
时序监测点/日志事件记录,32,3/3,水质评价核验与发布封板审计,水质监测记录,搜索+筛选+翻页+导出,水质监测站点数据门户，可按断面/时段导出,,环境监测 / 水环境科学,cn-all-remaining-0978-44ed4df9,
时序监测点/日志事件记录,33,3/3,声学噪声评价核验与发布封板复核,噪声监测节点记录,搜索+筛选+翻页+导出,噪声监测网络节点历史数据可查询导出,,声学工程 / 环境噪声评价、自动,cn-all-remaining-0979-0d29ab51,
时序监测点/日志事件记录,34,3/3,USGS–NOAA River Gauge Rating and Flood Audit,河流水位站日值观测记录,搜索+筛选+导出+跨表关联,USGS按站点检索的日值/评级曲线数据库,USGS Earthquake Hazards Program,水文学 / 洪水运营 / 环境数,cn-all-remaining-1162-11cb0898,
企业运营台账(CRM/合同/采购/项目/库存),1,2/3,医药商业出库台账波动归因与集中暴露可复验审计,医药出库订单明细,筛选+跨表关联+导出,ERP出库台账逐行记录，可按订单/客户筛选,,商业运营、医药流通数据审计与物流,cn-all-remaining-0318-6f22c371,
企业运营台账(CRM/合同/采购/项目/库存),2,2/3,人民币固收组合估值、联合压力与调仓放行审计,债券持仓/发行人/评级记录,搜索+筛选+导出+跨表关联,持仓、发行人、评级、曲线表可筛选导出,,金融与证券,cn-all-remaining-0433-48b9ac95,
企业运营台账(CRM/合同/采购/项目/库存),3,2/3,Word考核表原生与HTML渲染模式整合：字段投影与精确拒绝,员工考核评估记录,筛选+详情展开+导出,考核表数据源自可查询的评估记录库,,文档自动化,cn-all-remaining-0594-0e93fd4c,
企业运营台账(CRM/合同/采购/项目/库存),4,2/3,滨河东片区保障性租赁住房地块筛选与15分钟生活圈补短板评估,地块权属台账/建筑/租赁样本,筛选+导出+跨表关联,地块权属台账、租赁样本按字段可筛选查询,"EPSG:4547 (CGCS2000 3-Degree Gauss-Kruger Zone, CM 114°E)",房地产、租赁与物业、城市规划师,cn-all-remaining-0822-6a5c9899,
企业运营台账(CRM/合同/采购/项目/库存),5,2/3,智慧园区租赁履约、空间使用与能耗异常联动核查,租赁台账/电表位号/工单记录,筛选+导出+跨表关联,台账、位号趋势、工单均为多系统导出记录,,房地产、租赁与物业；智慧城市管理,cn-all-remaining-0865-515ae739,
企业运营台账(CRM/合同/采购/项目/库存),6,2/3,构建 GSA 交付订单修改生命周期、义务额台账与父 IDV 对账产品,联邦采购合同/订单交易记录,搜索+筛选+详情展开+导出,USAspending含搜索筛选导出记录库,USAspending,联邦采购 / 合同变更控制 / ,cn-all-remaining-1144-8a6c2142,
企业运营台账(CRM/合同/采购/项目/库存),7,3/3,基于脱敏企业产品台账的出口管制暴露识别与供应链风险分级。,企业产品台账/供应商交易记录,筛选+导出+跨表关联,脱敏企业产品与供应商交易台账,,国际政治经济学,cn-all-remaining-0020-aa2698d8,
企业运营台账(CRM/合同/采购/项目/库存),8,3/3,多仓库存盘点差异复核与关账调整建议,仓库-SKU库存与盘点记录,筛选+导出+跨表关联,WMS/ERP库存流水与盘点记录表，可按仓库SKU筛选导出,,    企业经营与战略决策、物流,cn-all-remaining-0405-37b50b73,
企业运营台账(CRM/合同/采购/项目/库存),9,3/3,办公楼精装修工程量、变更与进度款复核,工程量计量签认与变更记录,筛选+导出+跨表关联,分区计量与变更台账，类项目管理系统记录,,建筑、测绘与规划、工程造价人员,cn-all-remaining-0410-7e8ac79d,
企业运营台账(CRM/合同/采购/项目/库存),10,3/3,长三角既有公共建筑结构检测鉴定与加固设计服务市场研究与区域进入建议,项目线索与机构名录,搜索+筛选+导出,线索与脱敏机构名录，类CRM记录,,建筑工程、行业研究（结构工程设计,cn-all-remaining-0414-b2da4750,
企业运营台账(CRM/合同/采购/项目/库存),11,3/3,B2B合同回款、退款与销售佣金结算复核,合同与资金流水,筛选+导出+跨表关联,合同回款佣金台账，类财务系统记录,,企业经营与战略决策—销售主管,cn-all-remaining-0419-94921508,
企业运营台账(CRM/合同/采购/项目/库存),12,3/3,电脑配件采购清单规范化,采购项,筛选+排序+导出,采购项逐条含类目单价，类采购系统记录列表,,采购运营,cn-all-remaining-0494-1a9218c7,
企业运营台账(CRM/合同/采购/项目/库存),13,3/3,客户申请地区字段同步：画布边界与矩形校验,客户申请记录,搜索+筛选+导出,ERP客户申请地区字段，典型企业应用记录列表,,企业应用,cn-all-remaining-0581-e08e758f,
企业运营台账(CRM/合同/采购/项目/库存),14,3/3,采购辅助评审触发与评分契约,采购评审案例(含投标数与评分),筛选+详情展开,"采购案例含开关/投标/评分,像评审平台列表",,采购评审系统,cn-all-remaining-0622-f1aaea49,
企业运营台账(CRM/合同/采购/项目/库存),15,3/3,2024—2026 AR应用开发工程师项目机会、技术栈与产能研究,CRM项目机会/岗位需求记录,搜索+筛选+导出,CRM系统多条同构项目机会与招聘记录,CRM (Customer Relationship Management system),行业研究、AR应用开发工程师,cn-all-remaining-0686-25b0fcd7,
企业运营台账(CRM/合同/采购/项目/库存),16,3/3,住宅项目月度履约偏差诊断、里程碑滚动预测与四周纠偏,计划任务/合同/问题台账,筛选+排序+详情展开+跨表关联+导出,项目管理系统任务列表可筛可排,,房地产、房地产开发项目管理,cn-all-remaining-0702-51ec01fc,
企业运营台账(CRM/合同/采购/项目/库存),17,3/3,600万吨级长流程钢厂短流程改造与低碳竞争力行业研究,生产/能耗/采购月度台账记录,筛选+导出+跨表关联,ERP式月度台账，可按月/项筛选,,行业研究、冶金工程师（钢铁冶金）,cn-all-remaining-0704-e33a4f15,
企业运营台账(CRM/合同/采购/项目/库存),18,3/3,华东事业部Q2销售经营复盘与Q3目标拆解,CRM订单流水与商机记录,搜索+筛选+导出+跨表关联,CRM系统订单与商机为可筛选导出的记录列表,,企业经营与战略决策、销售主管,cn-all-remaining-0731-abeed8dd,
企业运营台账(CRM/合同/采购/项目/库存),19,3/3,2026 Q4 企业客户续约风险诊断与服务资源配置,客户合同/工单记录,筛选+导出+跨表关联,CRM客户合同、工单等多记录台账,,企业经营与战略决策、企业服务专员,cn-all-remaining-0779-2c9670ba,
企业运营台账(CRM/合同/采购/项目/库存),20,3/3,华东大区半年度销售经营复盘、Q3预测与目标拆解,开票明细/商机记录,筛选+导出+跨表关联,ERP/CRM开票与商机记录批量导出,ERP (Enterprise Resource Planning System),企业经营与战略决策、销售主管,cn-all-remaining-0780-37b43f72,
企业运营台账(CRM/合同/采购/项目/库存),21,3/3,长三角新能源叉车短租业务城市进入优先级与三年经营测算,销售线索/竞品报价记录,筛选+导出+跨表关联,CRM线索与统计门户式城市指标记录,,企业经营与战略决策、行业研究员,cn-all-remaining-0827-a07867a4,
企业运营台账(CRM/合同/采购/项目/库存),22,3/3,2026年Q4项目组合重排与关键资源调度决策,项目组合台账（在途项目）,筛选+导出+跨表关联,项目台账是PPM系统里按字段筛选的项目记录,,企业经营与战略决策、项目经理,cn-all-remaining-0841-33f3a229,
企业运营台账(CRM/合同/采购/项目/库存),23,3/3,2025Q4华东区销售预测、目标拆解与重点商机资源配置,CRM商机记录,搜索+筛选+导出,CRM商机快照按状态/日期/负责人筛选导出,,企业经营与战略决策、销售主管,cn-all-remaining-0856-1dd34f40,
企业运营台账(CRM/合同/采购/项目/库存),24,3/3,重点企业客户续约风险诊断与90天挽回方案,客户合同/工单/开票记录,筛选+导出+跨表关联,CRM合同台账与服务工单可筛选导出,,企业经营与战略决策、企业服务专员,cn-all-remaining-0871-83e54e58,
企业运营台账(CRM/合同/采购/项目/库存),25,3/3,华东区Q3销售目标分解、客户归属调整与重点商机治理,CRM商机记录,搜索+筛选+排序+导出+跨表关联,CRM商机快照，按阶段/销售可筛选,,企业经营与战略决策、销售主管,cn-all-remaining-0879-9c1c7e3e,
企业运营台账(CRM/合同/采购/项目/库存),26,3/3,Q3多项目组合资源冲突诊断与交付重排,项目/风险台账记录,筛选+排序+导出+跨表关联,项目台账、RAID依赖类PPM工具记录,,企业经营与战略决策、项目管理,cn-all-remaining-0881-7e2226c0,
企业运营台账(CRM/合同/采购/项目/库存),27,3/3,办公楼机电安装工程第6期进度款审核、变更签证与超付风险复核,计量与变更签证记录,筛选+跨表关联+导出,清单编号/日期/签字状态的造价管理记录,,建筑、测绘与规划、工程造价人员,cn-all-remaining-0911-57247e16,
企业运营台账(CRM/合同/采购/项目/库存),28,3/3,薪资个税计算复核与发布封板审计,薪资记录,筛选+导出+跨表关联,"HR系统薪资台账记录,批量同构可筛选导出",,薪酬福利与税务工程,cn-all-remaining-0968-a554494c,
企业运营台账(CRM/合同/采购/项目/库存),29,3/3,三级医院药库效期与库存周转专项复盘、跨药房调拨及采购调整,药库库存/出库/盘点记录,搜索+筛选+导出+跨表关联,"HIS库存出库盘点记录,可查筛导出",HIS,医药卫生、药学专业人员（医院药库,cn-all-remaining-1119-5b062242,
主体档案+关联事件时间线,1,1/3,末端配送路线复核与数据质量审计委托,配送路线（计划vs实际）,筛选+详情展开+导出+跨表关联,含索引/时间窗字段，像路线管理系统导出记录,,物流运营,cn-all-remaining-1206-037de182,
主体档案+关联事件时间线,2,2/3,食品饮料行业月度研判、公司估值与投资观点输出任务,上市公司财务与股价数据记录,搜索+筛选+导出+跨表关联,财务股价数据从行情终端按公司指标查询导出,,证券投资研究、二级市场行业分析,cn-all-remaining-0007-05d253cc,
主体档案+关联事件时间线,3,2/3,6月会员续费下滑复盘与分层召回名单,会员到期/支付/使用/触达记录,筛选+导出+跨表关联,会员系统到期底表、支付尝试等多张可筛选记录表,,产品运营,cn-all-remaining-0220-bb326e7d,
主体档案+关联事件时间线,4,2/3,腹腔镜胆囊切除术围术期质控规则回归、异常定位与月度质控放行核验,围术期病例台账记录,筛选+导出,医院病案/质控系统病例列表，可按病例检索导出,,医疗卫生、外科医师、围术期质量控,cn-all-remaining-0400-2d892a5f,
主体档案+关联事件时间线,5,2/3,Hurricane Helene 跨 NHC、NOAA 与 FEMA 公共援助审计,灾害事件、气象记录与公共援助拨款记录,搜索+筛选+导出+跨表关联,标注数据门户，FEMA/NOAA提供可查询数据库,National Hurricane Center (NHC),应急管理数据工程 / 热带气旋与,cn-all-remaining-0631-ea4b7723,
主体档案+关联事件时间线,6,2/3,盐酸二甲双胍片年度产品质量回顾及变更后趋势评估,批次/偏差/投诉/CAPA记录,筛选+详情展开+导出+跨表关联,QMS批次放行、偏差、投诉、CAPA为可查询台账记录,,医疗卫生、药品生产质量管理（质量,cn-all-remaining-0806-4b92c004,
主体档案+关联事件时间线,7,2/3,CDS升级验证QA独立复核与上线放行判定,URS/OQ/偏差/审计追踪/权限记录,搜索+筛选+导出+跨表关联,验证QA数据，类eQMS多记录系统,,医疗卫生、药品生产质量管理（验证,cn-all-remaining-0836-8be6837c,
主体档案+关联事件时间线,8,2/3,    产业园区企业诉求、政策申报与重点企业服务闭环复盘    ,企业主数据/工单/走访/申报记录,搜索+筛选+导出+跨表关联,"企业服务系统多张同构记录表,可按字段筛选导出",,    企业经营与战略决策   ,cn-all-remaining-0965-3d040bba,
主体档案+关联事件时间线,9,2/3,银行贷款利息核验对账与发布封板审计,贷款记录,筛选+导出+跨表关联,"信贷系统贷款台账记录,批量同构可筛选",,信贷对账与自动化测试,cn-all-remaining-0971-9cb42684,
主体档案+关联事件时间线,10,2/3,构建美联储 2024 压力测试与资本要求修订调和审计,银行资本要求与压力测试记录,搜索+筛选+导出+跨表关联,美联储按机构ID发布的压力测试结果表,Federal Reserve,银行金融监管 / 压力测试 / ,cn-all-remaining-1164-4f0e142d,
主体档案+关联事件时间线,11,2/3,NHTSA FARS tri-state crash-vehicle-person denominator reconciliation,车祸/车辆/人员记录,搜索+筛选+跨表关联+导出,FARS按州年份查询车祸人员车辆统计数据,NHTSA Fatality Analysis Reporting System (FARS),Road safety and ,cn-all-remaining-1219-f163b46b,
主体档案+关联事件时间线,12,3/3,构建 SEC Inline XBRL 申报审计与 Company Facts 对账数据管道,SEC XBRL申报facts/Company Facts记录,搜索+筛选+跨表关联+导出,SEC EDGAR数据门户可按公司/申报号查询XBRL facts与Company Facts,U.S. Securities and Exchange Commission (SEC),金融科技 / 资本市场数据工程 ,cn-all-remaining-0204-96586aa4,
主体档案+关联事件时间线,13,3/3,CSR定稿前交叉设计BE统计独立复核,受试者给药与浓度记录,筛选+导出+跨表关联,EDC系统受试者/给药/浓度多记录表可查询导出,,药学专业人员,cn-all-remaining-0222-930d164f,
主体档案+关联事件时间线,14,3/3,商业车险逐赔案准备金评估、随机分布与资本充足性自动化闭环,赔案主数据与交易记录,筛选+详情展开+导出+跨表关联,逐赔案记录、交易、快照可筛选导出,,金融与证券、精算师,cn-all-remaining-0435-cb32ec24,
主体档案+关联事件时间线,15,3/3,企业财产险多币种赔案准备金、再保险分摊与资本压力测试复核,多币种赔案记录,筛选+详情展开+导出+跨表关联,赔案级多币种交易表可筛选导出,,金融与证券、精算师,cn-all-remaining-0437-3f3825f9,
主体档案+关联事件时间线,16,3/3,CT-HTN-301中心C0201监查前多源数据清理、偏离识别与闭环,受试者访视/样本/质疑记录,搜索+筛选+详情展开+导出,IRT/EDC临床试验多受试者可查记录,IRT,医疗卫生、临床协调员,cn-all-remaining-0696-91bc054f,
主体档案+关联事件时间线,17,3/3,III期临床试验中期数据库冻结前多源数据清理、SAE/实验室对账与中心行动闭环,受试者/访视/SAE记录,搜索+筛选+详情展开+跨表关联+导出,EDC临床数据库为典型多记录Web系统,,医疗卫生、制药企业临床运营部临床,cn-all-remaining-0708-9b5c804a,
主体档案+关联事件时间线,18,3/3,结直肠外科月度手术质量复盘：并发症分级、吻合口漏与数据核验,手术病例质控记录,筛选+跨表关联+导出,多系统拼接的28例病例记录,,医疗卫生、外科医师（普通外科/胃,cn-all-remaining-0792-a46854a7,
主体档案+关联事件时间线,19,3/3,住院抗菌药物医嘱专项点评与药师干预清单生成,患者医嘱与检验记录,筛选+跨表关联+导出,明确来源HIS/LIS等医疗信息系统,HIS,医疗卫生、药学专业人员,cn-all-remaining-0802-f5452942,
主体档案+关联事件时间线,20,3/3,企业职工年度体检数据质控、风险分层与90天随访排程,员工体检记录,筛选+导出+跨表关联,体检机构导出的多字段员工记录表,,医疗健康、健康管理服务人员、健康,cn-all-remaining-0823-2981b536,
主体档案+关联事件时间线,21,3/3,B2B SaaS试用转付费漏斗诊断与Q4产品运营策略排期,试用账号/行为事件/订阅/工单记录,搜索+筛选+导出+跨表关联,产品分析与CRM数据，类SaaS后台,,企业经营与战略决策、产品运营,cn-all-remaining-0837-ac7b8f92,
主体档案+关联事件时间线,22,3/3,信用债组合日终风险复核与低换手约束修复,债券持仓/主数据记录,筛选+导出+跨表关联,多台账持仓与信用事件可筛选导出关联,,金融与证券、证券投资专业人员,cn-all-remaining-0858-a77c2bc1,
主体档案+关联事件时间线,23,3/3,保险理赔核验对账与发布封板审计,理赔记录,筛选+导出+跨表关联,"理赔系统赔案记录,批量同构字段可筛选",,理赔精算与自动化测试,cn-all-remaining-0970-194c0e46,
主体档案+关联事件时间线,24,3/3,构建 FEC 2024 联邦参议院委员会资金流、修订血缘与限额筛查审计产品,候选人/委员会/交易记录,搜索+筛选+详情展开+导出+跨表关联,FEC可按候选人/委员会/选举查询交易记录,Federal Election Commission,公共政策与监管 / 美国竞选财务,cn-all-remaining-1090-c33ca50d,
主体档案+关联事件时间线,25,3/3,券商两融重点账户日终担保品折算、压力测试与追保处置复核,两融账户持仓/负债记录,搜索+筛选+跨表关联+导出,柜台系统账户持仓等后台可查询记录快照,,金融科技师、金融与证券,cn-all-remaining-1103-825a4158,
主体档案+关联事件时间线,26,3/3,商业车险逐赔案准备金算法测试夹具、随机分布与资本门限验证,商业车险赔案与交易记录,筛选+详情展开+导出+跨表关联,逐赔案交易与准备金快照类似理赔系统记录表,,金融与证券、精算师,cn-all-remaining-1137-bfbce4b9,
主体档案+关联事件时间线,27,3/3,伊利诺伊饮用水违规与执法生命周期审计（EPA SDWIS）,饮用水系统违规执法记录,搜索+筛选+详情展开+导出+跨表关联,SDWIS是可查询的违规执法数据库,EPA SDWIS (Safe Drinking Water Information System),饮用水合规 / 监管执法数据审计,cn-all-remaining-1257-2f561d5d,
招聘/公告类列表,1,3/3,福建—重庆公立医院内科医师招聘结构与配置研究,医院内科招聘岗位公告,搜索+筛选+导出,公开招聘网站岗位样本与报名数据,,医疗卫生、行业研究（内科医师人力,cn-all-remaining-0323-3f584fd1,
招聘/公告类列表,2,3/3,游戏测试工程师公开岗位样本清洗、能力结构分析与招聘门槛校核,公开招聘岗位页,搜索+筛选+详情展开+导出,企业官方/招聘平台岗位列表，含岗位字段可筛选查看,,行业研究、游戏行业人才与岗位研究,cn-all-remaining-0397-64a67ace,
招聘/公告类列表,3,3/3,长三角城市更新建筑设计市场机会评估与重点客户研究,招采/政府采购项目机会公告,搜索+筛选+翻页+详情展开+导出,来自交易/采购平台的公告列表，可搜索筛选导出,,建筑设计、行业研究,cn-all-remaining-0406-6b719b00,
招聘/公告类列表,4,3/3,云计算工程技术人员招聘样本清洗、职业任务映射与人才画像复现审计,云计算岗位,搜索+筛选+导出,公开招聘网站岗位样本,,行业研究、数字经济人才研究,cn-all-remaining-0411-51fd07e5,
招聘/公告类列表,5,3/3,大数据工程技术人员岗位需求复盘与2027课程调整建议,大数据工程岗位,搜索+筛选+导出,招聘渠道导出的岗位列表,,行业研究、大数据工程技术人员,cn-all-remaining-0412-a20676d9,
招聘/公告类列表,6,3/3,中国工业设计师人才需求与设计服务机会研究,工业设计岗位与设计中心名录,搜索+筛选+导出,岗位样本及机构名录，均为可查目录,,行业研究（工业设计与人才市场）,cn-all-remaining-0413-32af7365,
招聘/公告类列表,7,3/3,图形算法工程师人才供需、技术栈与团队建设研究,图形算法岗位,搜索+筛选+导出,招聘岗位样本，字段可筛可导,,计算机软件、行业研究（图形算法工,cn-all-remaining-0415-4696e896,
招聘/公告类列表,8,3/3,上海绿色建筑标识服务市场与绿色建筑工程师产能研究,绿色建筑标识项目,搜索+筛选+翻页+导出,住建部门公开标识项目公示列表,,行业研究、绿色建筑工程,cn-all-remaining-0679-f7d822c2,
招聘/公告类列表,9,3/3,船舶与海洋工程师岗位需求景气度与能力结构研究,招聘岗位记录,搜索+筛选+导出,多招聘来源岗位明细，类招聘网站列表,,行业研究、船舶与海洋工程师,cn-all-remaining-0680-0d7a9db2,
招聘/公告类列表,10,3/3,智能制造工程师招聘需求、薪酬与能力栈行业研究,招聘岗位样本记录,搜索+筛选+导出,招聘渠道抓取的岗位标题薪酬记录,,行业研究、智能制造人才市场研究,cn-all-remaining-0688-8dfc0c75,
招聘/公告类列表,11,3/3,游戏技术美术（TA）人才市场、能力矩阵与团队配置研究,招聘岗位摘录记录,搜索+筛选+导出,多家公司岗位摘录，逐条编码可筛,,商业类、行业研究分析师（游戏研发,cn-all-remaining-0689-df5209ab,
招聘/公告类列表,12,3/3,长三角光学工程师人才供需与岗位能力画像研究,招聘岗位/候选人记录,搜索+筛选+导出,招聘网站岗位与候选人列表按城市方向筛选,,行业研究、光学工程师,cn-all-remaining-0767-325cc9a3,
招聘/公告类列表,13,3/3,2026Q3美国半导体工艺工程师岗位需求、技能结构与薪酬基准研究,招聘岗位/薪酬记录,搜索+筛选+导出,招聘网站岗位与薪酬库离线快照,,行业研究,cn-all-remaining-0777-7fadbfc2,
招聘/公告类列表,14,3/3,2024Q4—2026Q2中国汽车工程师岗位需求、技能结构与人才优先级研究,招聘岗位快照,搜索+筛选+导出,直接对应招聘网站岗位列表,,汽车类、行业研究,cn-all-remaining-0824-0de4494b,
招聘/公告类列表,15,3/3,工程造价人员供需结构、岗位能力与薪酬区间专题研究,招聘岗位,搜索+筛选+导出,公开招聘渠道岗位样本附来源URL,,行业研究、建筑业专业服务研究,cn-all-remaining-0870-cba7c850,
招聘/公告类列表,16,3/3,装配式建筑施工员岗位需求、技能标准与培训差距研究,招聘岗位,搜索+筛选+导出,跨页面重复的公开招聘岗位原始记录,,行业研究、建筑业产业工人研究,cn-all-remaining-0874-e4cb0cfa,
招聘/公告类列表,17,3/3,C++游戏开发工程师岗位需求、薪酬与能力结构研究,招聘岗位,搜索+筛选+详情展开+导出,岗位快照，可按公司/城市/岗位名筛选去重,,行业研究、软件和信息技术服务业、,cn-all-remaining-0877-7a1ba25e,
招聘/公告类列表,18,3/3,游戏AI开发工程师岗位需求、薪酬与能力结构研究,招聘岗位,搜索+筛选+详情展开+导出,44条招聘页面快照，岗位记录表,,行业研究、软件和信息技术服务业、,cn-all-remaining-0883-f91d65a1,
招聘/公告类列表,19,3/3,游戏技术美术（TA）人才需求、能力缺口与团队编制研究,招聘岗位,搜索+筛选+翻页+导出,冻结招聘样本源自招聘网站岗位列表,,游戏与互动内容、行业研究（游戏技,cn-all-remaining-0937-6374de20,
招聘/公告类列表,20,3/3,六城市平面设计师岗位需求、薪酬与技能结构行业研究,招聘网站岗位快照,搜索+筛选+详情展开+导出,招聘页面岗位记录，字段可筛选,,设计、文创与媒体-平面设计师,cn-all-remaining-0958-a386a245,
招聘/公告类列表,21,3/3,工程项目经理公开招聘样本清洗、任职门槛与能力模型研究,公开招聘公告样本,搜索+筛选+详情展开+导出,招聘公告逐条岗位记录可筛选,,行业研究、工程建设项目管理,cn-all-remaining-0960-fd36102b,
招聘/公告类列表,22,3/3,生物信息学工程师人才供需、技能栈与招聘策略研究,招聘岗位,搜索+筛选+导出,岗位、公司、薪资、城市等招聘网站岗位列表,,行业研究（生物信息学工程师人才市,cn-all-remaining-1101-68974701,
招聘/公告类列表,23,3/3,药物研发科学家人才供需、技能结构与团队配置研究,招聘岗位与候选人档案,搜索+筛选+导出,岗位、候选人、面试记录形态同招聘网站/ATS列表,,行业研究（药物研发科学家人才与研,cn-all-remaining-1104-be743d3f,
招聘/公告类列表,24,3/3,平面设计师人才需求、技能结构与品牌视觉服务机会研究,招聘岗位/客户线索记录,搜索+筛选+导出,"岗位与客户线索列表,可筛选导出",,行业研究（平面设计与创意人才市场,cn-all-remaining-1128-a9104579,
招聘/公告类列表,25,3/3,智慧城市工程技术人才需求、技能结构与智慧城市项目机会研究,智慧城市岗位与项目机会记录,搜索+筛选+翻页+详情展开+导出,岗位与项目机会台账为同构记录表，可按字段筛选去重,,行业研究（智慧城市与数字政府工程,cn-all-remaining-1129-a5a00495,
招聘/公告类列表,26,3/3,Unity开发工程师人才供需、技术栈与团队配置研究,Unity岗位记录,搜索+筛选+翻页+详情展开+导出,292条岗位记录含城市薪资技术栈字段，可筛选,,计算机软件、行业研究（Unity,cn-all-remaining-1130-de532a93,
订单/交易/支付/退款/物流流水,1,1/3,多工厂冷链医药供应网络S&OP、运输排程与韧性发布准入,预测/订单/库存/生产/运输事件记录,筛选+跨表关联+导出,题面明确称多套系统导出的事件与批次记录,,企业经营与战略决策、物流运营,cn-all-remaining-0670-306d841f,
订单/交易/支付/退款/物流流水,2,2/3,核心部件停供下的多仓售后备件供应恢复计划,订单/库存/采购单/调拨记录,搜索+筛选+跨表关联+导出,ERP/WMS/TMS按单号物料查询导出的记录,,供应链管理、售后备件计划师,cn-all-remaining-0761-75887f16,
订单/交易/支付/退款/物流流水,3,2/3,网约车计费核验与发布封板审计,网约车行程记录,搜索+筛选+翻页+详情展开+导出,平台订单列表，同构可按司机/时段筛选导出,,网约车 / 出行,cn-all-remaining-0976-5aa6f01c,
订单/交易/支付/退款/物流流水,4,3/3,戴尔笔记本PMP广告投放效果复盘与优化分析,广告投放曝光点击明细记录,筛选+导出+跨表关联,投放报表按日期媒体定向素材筛选导出,,广告优化,cn-all-remaining-0005-c20d1c2e,
订单/交易/支付/退款/物流流水,5,3/3,匿名化产品级贸易面板上的出口管制政策评估：从缺陷原始数据到可复现的因果推断交付件,产品-流向-年贸易流水,筛选+导出+跨表关联,海关抽取的产品×年×流向面板数据,,经济学 / 国际贸易实证研究（计,cn-all-remaining-0019-034c6ce9,
订单/交易/支付/退款/物流流水,6,3/3,复现并审计美国交通部 2025 年 1 月航空准点率监管数据产品,航班准点率记录,搜索+筛选+导出+跨表关联,"BTS数据门户逐航班记录,可按承运人/日期查询导出",Bureau of Transportation Statistics (BTS),航空运营 / 监管数据工程 / ,cn-all-remaining-0296-45de6b63,
订单/交易/支付/退款/物流流水,7,3/3,产品共购图链接预测管道,逐条交易流水/订单记录,筛选+导出+跨表关联,同一发票下多SKU，形如订单列表可筛可导出,UCI Online Retail, 商品关联分析,cn-all-remaining-0351-c0f3eb29,
订单/交易/支付/退款/物流流水,8,3/3,多渠道订单ETL清洗、资金对账与经营日报复核,多渠道订单/支付/退款记录,筛选+导出+跨表关联,官网/App/小程序订单导出表，类似订单列表记录,WeChat Mini Program,信息技术与AI、大数据工程技术人,cn-all-remaining-0408-a8f2c013,
订单/交易/支付/退款/物流流水,9,3/3,医药冷链多仓订单履约、FEFO库存分配与N-1韧性优化,订单与批次库存,筛选+导出+跨表关联,订单批次库存记录，类仓储订单系统,,企业经营与战略决策、物流运营,cn-all-remaining-0420-dc253cc1,
订单/交易/支付/退款/物流流水,10,3/3,跨境电商多源CDC湖仓重放、SCD2与财务对账发布准入,订单/客户/支付/退款记录,搜索+筛选+导出+跨表关联,订单客户支付CDC记录可查可导出,,信息技术与AI、大数据工程技术人,cn-all-remaining-0438-8bd2d962,
订单/交易/支付/退款/物流流水,11,3/3,跨境银行卡支付生命周期回放、清算净额与流动性修复计划复核,跨境支付事件/交易记录,筛选+详情展开+导出,支付平台事件记录，含引用链和状态字段,,金融与证券—金融科技师,cn-all-remaining-0669-c5296d6d,
订单/交易/支付/退款/物流流水,12,3/3,文创品牌双11经营、投放与素材表现联合复盘,订单/退款/广告投放记录,筛选+导出+跨表关联,电商后台订单与广告平台日报记录,,设计、文创与媒体、电子商务数据分,cn-all-remaining-0695-73fb8b8c,
订单/交易/支付/退款/物流流水,13,3/3,华东仓配网络重构与2026旺季产能采购决策,发运明细记录,筛选+导出+跨表关联,实际发运单据明细，可筛选导出,,企业经营与战略决策、物流运营管理,cn-all-remaining-0789-19e1e516,
订单/交易/支付/退款/物流流水,14,3/3,即时零售订单湖仓增量入仓、迟到数据回补与经营宽表重建,订单/支付/退款/配送事件记录,筛选+跨表关联+导出,多表交易事件记录，需关联去重,,信息技术与AI、大数据工程技术人,cn-all-remaining-0798-e29ecb95,
订单/交易/支付/退款/物流流水,15,3/3,证券交易监测规则季度回测、阈值校准与日终预警台账重建,委托/成交/持仓/复核记录,搜索+筛选+导出+跨表关联,逐笔委托快照、持仓、客户档案为交易监测系统可筛记录,,金融与证券、金融科技师,cn-all-remaining-0805-54b374d4,
订单/交易/支付/退款/物流流水,16,3/3,场外基金交易日终三方对账与异常工单生成,内部订单/TA确认/支付流水记录,搜索+筛选+跨表关联+导出,订单、TA回执、支付流水为交易结算系统可查记录,,金融与证券、金融科技师,cn-all-remaining-0814-762c2157,
订单/交易/支付/退款/物流流水,17,3/3,    原创文创品牌 Q2 经营复盘与 618 投放预算重分配    ,订单/退款/流量投放记录,搜索+筛选+导出+跨表关联,多平台商家后台订单可搜索筛选导出,Tmall,    设计、文创与媒体、电子商,cn-all-remaining-0862-62ba3ff3,
订单/交易/支付/退款/物流流水,18,3/3,华东区域三仓分拨与承运商份额调整决策,逐票订单/承运商报价,筛选+导出+跨表关联,TMS逐票明细与承运商报价可查询导出,,企业经营与战略决策（物流运营）,cn-all-remaining-0868-8fb1b76d,
订单/交易/支付/退款/物流流水,19,3/3,2026Q4华东区域干线招标定标、运力分配与旺季保供校核,承运商报价/线路履约记录,筛选+导出+跨表关联,报价矩阵与逐周履约可查询导出核对,,企业经营与战略决策、物流运营,cn-all-remaining-0875-4793042e,
订单/交易/支付/退款/物流流水,20,3/3,文创电商 618 多平台经营复盘、订单级素材归因与预算重分配,订单/退款/广告投放记录,搜索+筛选+导出+跨表关联,订单中心/售后/投放后台三套明细记录，可查可导出,Tmall,设计、文创与媒体、电子商务数据分,cn-all-remaining-0930-3befd0d2,
订单/交易/支付/退款/物流流水,21,3/3,跨境物流运费结算对账与发布封板复核,发货结算记录,筛选+导出+跨表关联,"物流系统发货订单结算记录,批量同构可筛选",,跨境电商物流,cn-all-remaining-0966-56d245f7,
订单/交易/支付/退款/物流流水,22,3/3,电信话单(CDR)批价对账与发布封板复核,话单记录,筛选+导出+跨表关联,"计费系统话单记录,批量同构字段可筛选导出",, 计费结算工程,cn-all-remaining-0967-40ec7019,
订单/交易/支付/退款/物流流水,23,3/3,电力账单核验对账与发布封板审计,用电账单记录,筛选+导出+跨表关联,"电网计费系统用电账单记录,批量同构可筛选",,计费与电价工程,cn-all-remaining-0969-6df0820b,
订单/交易/支付/退款/物流流水,24,3/3,跨境电商进口税费核验对账与发布封板审计,跨境电商订单记录,筛选+导出+跨表关联,"跨境电商订单税费记录,批量同构可筛选",, 海关与税务合规,cn-all-remaining-0972-58036ef4,
设备/资产台账+维护记录,1,1/3,5G园区网络MR/路测/告警融合、覆盖容量与参数优化复核,小区MR/告警/邻区记录,筛选+详情展开+导出+跨表关联,小区级KPI告警表可筛选导出,,工程类—通信工程师,cn-all-remaining-0442-86e060cb,
设备/资产台账+维护记录,2,2/3,雨水管道增容改造设计与工程费优化,雨水管网检查井/管段台账记录,搜索+筛选+详情展开+导出,"管段逐行台账,含井号/高程/管径/流量等可筛字段",,建筑、测绘与规划,cn-all-remaining-0457-b003c365,
设备/资产台账+维护记录,3,2/3,构建 EPA GHGRP California 2023 设施排放跨源审计产品,设施-子部-气体排放明细,筛选+导出+跨表关联,EPA GHGRP数据门户可按州/年份/子部查询下载设施记录,EPA (U.S. Environmental Protection Agency) GHGRP,环境合规 / 温室气体申报数据工,cn-all-remaining-0515-6253a2c7,
设备/资产台账+维护记录,4,2/3,构建 BSEE 2024 海上设施事故、调查与检查执法连续性审计,海上设施事故/调查/检查/INC执法记录,搜索+筛选+跨表关联+导出,BSEE事故/检查/执法为可查询合规记录库,Bureau of Safety and Environmental Enforcement (BSEE),能源与海上安全监管 / 法规数据,cn-all-remaining-0650-3d91eb5e,
设备/资产台账+维护记录,5,2/3,保障性租赁住房多源运营风险排查与物业整改闭环,房源/租约/门禁/水电/工单/巡检记录,搜索+筛选+跨表关联+导出,多个运营系统的房源合同门禁工单台账记录,,房地产、租赁与物业、智慧城市管理,cn-all-remaining-0808-c3e94902,
设备/资产台账+维护记录,6,2/3,2024—2025 新房交付查验咨询服务质量、缺陷结构与报价研究,房源问题/复验/报价记录,筛选+导出+跨表关联,带记录编号的问题台账与报价样本可查询,,行业研究、房屋查验咨询服务,cn-all-remaining-0872-cbef5357,
设备/资产台账+维护记录,7,2/3,NRC 2024 年 5 月核电机组事件通知、监管时限与运行状态联动审计,事件通知与机组运行状态记录,搜索+筛选+详情展开+跨表关联,NRC按日期/机组查询事件与运行状态,Nuclear Regulatory Commission (NRC),核能监管 / 核电运行监督 / ,cn-all-remaining-1092-7a4f421f,
设备/资产台账+维护记录,8,2/3,FHWA Delaware Bridge Element Condition Reconciliation,NBI桥梁与构件状态记录,搜索+筛选+导出+跨表关联,FHWA桥梁清单为按州/桥ID可查数据门户,Federal Highway Administration,交通基础设施 / 桥梁资产管理 ,cn-all-remaining-1161-7adde7ff,
设备/资产台账+维护记录,9,3/3,构建 MTA 地铁无障碍资产与站点运维审计数据产品,地铁站点复合体/出入口/电梯扶梯资产及可用率记录,搜索+筛选+导出+跨表关联,"MTA开放数据门户,资产可筛选导出",Metropolitan Transportation Authority (MTA),公共交通 / 资产数据工程 / ,cn-all-remaining-0241-a840346d,
设备/资产台账+维护记录,10,3/3,服务器列表起始端口异步展示：缓存与源值一致性核验,服务器列表(含起始端口列),筛选+翻页+详情展开,"运维平台服务器列表,异步列展示典型UI",,运维平台,cn-all-remaining-0616-04e64d59,
设备/资产台账+维护记录,11,3/3,构建 EIA Texas 2024 发电机生命周期与运营对账审计产品,发电机资产记录,搜索+筛选+跨表关联+导出,EIA统计门户，可按年份/州查询发电机记录,EIA Form 860,能源监管 / 电力资产与运营数据,cn-all-remaining-0638-0c7751f3,
设备/资产台账+维护记录,12,3/3,构建 EIA-EPA 2023 发电机发电量重建与 eGRID 跨机构审计数据产品,发电机与发电量记录,搜索+筛选+跨表关联+导出,EIA/eGRID统计门户，发电机记录可查询下载,EIA Form 860,数据工程 / 能源监管数据 / ,cn-all-remaining-0639-858c15f4,
设备/资产台账+维护记录,13,3/3,构建纽约州活动桥法规运营日历与联邦—州资产对账数据产品,活动桥资产记录,搜索+筛选+跨表关联+导出,NBI/州桥梁清单为可查询的资产记录,33 CFR Part 117,交通基础设施 / 海事运营合规 ,cn-all-remaining-0643-75f76d95,
设备/资产台账+维护记录,14,3/3,构建 FRA Cook County 道口生命周期、事故时点与 ENS 监管审计数据产品,铁路道口清单与事故记录,搜索+筛选+详情展开+跨表关联+导出,FRA Form71道口清单与Form57事故可查询导出,Federal Railroad Administration,数据科学,cn-all-remaining-0651-88bde7d0,
设备/资产台账+维护记录,15,3/3,零售订单平台跨可用区容灾架构评审与迁移规划,组件资产与依赖/事故记录,筛选+导出+跨表关联,类CMDB资产清单与事故工单记录,,信息技术与AI、数字技术架构师,cn-all-remaining-0676-ae727883,
设备/资产台账+维护记录,16,3/3,多云身份权限漂移、攻击路径与零信任发布准入评估,IAM绑定/资源清单/审计事件,筛选+详情展开+跨表关联+导出,身份权限、资源清单为云控制台可查记录,,信息技术与AI—信息安全测试员,cn-all-remaining-0697-38acd0ca,
设备/资产台账+维护记录,17,3/3,5G SA 同频邻区审计、切换参数优化与离线回放验证,小区工程参数与邻区关系,筛选+导出+跨表关联,OSS导出的小区/邻区/KPI批量同构记录表,,工程类、通信工程师,cn-all-remaining-0737-64725a3f,
设备/资产台账+维护记录,18,3/3,道路智慧照明台账清洗、回路拓扑核查与节能改造优先级编制,照明资产台账记录,筛选+排序+导出+跨表关联,三系统拼接的534行资产台账,,建筑、测绘与规划；智慧城市工程技,cn-all-remaining-0782-40b4e001,
设备/资产台账+维护记录,19,3/3,工业伺服驱动器直流母线电容现场可靠性与加速寿命联合评估,装机台账与返修工单记录,筛选+导出+跨表关联,装机暴露台账+现场返修类工单表,,工程类、可靠性工程师,cn-all-remaining-0786-4163d316,
设备/资产台账+维护记录,20,3/3,3#楼4层PC构件进场判定、吊装日计划及安装质量闭环,PC构件进场/安装台账,筛选+详情展开+导出+跨表关联,构件编号台账按进场状态、安装顺序可筛选查询,,房地产、租赁与物业、装配式建筑施,cn-all-remaining-0813-0f341d0c,
工单/缺陷/客服/审批跟踪,1,2/3,精装住宅交付前全屋查验、缺陷分级与修缮费用测算,现场查验点位记录,筛选+详情展开+导出,64条带点位的查验记录表,,房地产、租赁与物业、房屋查验咨询,cn-all-remaining-0791-05e9ca07,
工单/缺陷/客服/审批跟踪,2,3/3,游戏工程自动化回归测试用例梳理,手工测试缺陷工单,筛选+排序+导出,缺陷台账即缺陷跟踪系统的工单列表,,    游戏自动化测试工程师,cn-all-remaining-0223-6433ad04,
工单/缺陷/客服/审批跟踪,3,3/3,    精装修住宅交付查验缺陷分级、整改闭环与交付判定    ,住宅查验与缺陷记录,筛选+详情展开+导出,按房号/检查项记录，类工单跟踪系统,,    房地产、租赁与物业—房屋,cn-all-remaining-0417-e46ae306,
工单/缺陷/客服/审批跟踪,4,3/3,方案联审列表状态与年份排序,方案联审记录,筛选+排序+导出,项目含状态年份编号，类工单列表可排序,,项目流程管理,cn-all-remaining-0495-5d0e7157,
工单/缺陷/客服/审批跟踪,5,3/3,画中画视频服务配置收敛,视频生成请求/任务,搜索+筛选+排序+详情展开,含prompt/状态/轮询，似生成任务控制台,,视频生成服务,cn-all-remaining-0570-aca01108,
工单/缺陷/客服/审批跟踪,6,3/3,工单分析表结构与查询索引落地,工单/工作项记录,搜索+筛选+排序+导出,id/name/value字段，典型工单表结构,,企业工单系统,cn-all-remaining-0572-5e9cacdd,
工单/缺陷/客服/审批跟踪,7,3/3,工单投影查询语义与索引清理,工单,搜索+筛选+排序+导出,工单跟踪系统按状态查询、排序、限量返回,,后端数据服务,cn-all-remaining-0578-e86fdf1b,
工单/缺陷/客服/审批跟踪,8,3/3,质量问题类型归纳与避免措施表：文档证据排序与截取,质量问题/缺陷工单,筛选+排序+导出,问题跟踪表即缺陷工单列表，可按模块筛选归纳,,质量管理,cn-all-remaining-0588-2b3a5bb1,
工单/缺陷/客服/审批跟踪,9,3/3,维修工单人员名称补全：状态迁移合同核验,维修工单,搜索+筛选+详情展开,工单列表/详情字段来源，用户服务补全姓名,,企业后端服务,cn-all-remaining-0606-2a5f0d02,
工单/缺陷/客服/审批跟踪,10,3/3,工单查询语句与索引收紧：检索分页与越界诊断,工单查询结果记录,搜索+筛选+翻页,"工单服务检索分页,典型工单列表数据",,后端服务,cn-all-remaining-0618-a217bf7e,
工单/缺陷/客服/审批跟踪,11,3/3,衡云费控移动端差旅报销关键流程体验整改,客服工单与会话漏斗记录,筛选+详情展开+导出,42条工单与逐会话漏斗数据来自客服/埋点系统,,设计、文创与媒体、用户体验设计师,cn-all-remaining-0682-ffc004ef,
工单/缺陷/客服/审批跟踪,12,3/3,企业客户门户API授权边界、网关控制与修复回归复核,安全测试发现与整改工单,搜索+筛选+导出+跨表关联,扫描/网关/工单均为可筛选记录,OpenAPI Specification,信息技术与AI、信息安全测试员,cn-all-remaining-0945-63165974,
工单/缺陷/客服/审批跟踪,13,3/3,多渠道客服意图路由模型灰度上线准入复核与人工兜底策略评审,客服工单/会话记录,搜索+筛选+导出,多渠道客服平台会话/工单，类工单跟踪系统,,数据科学、AI算法科学家,cn-all-remaining-1123-2b49c9e3,
电商/社媒/内容浏览页,1,2/3,Steam 英文游戏名到国区官方中文名批量匹配与审核工具,Steam游戏商店页面,搜索+详情展开+跨表关联,Steam商店可搜索的游戏目录页面,Steam,Steam 游戏、本地化数据治理,cn-all-remaining-0070-65ebea1e,
电商/社媒/内容浏览页,2,3/3,2023—2025 中国宠物食品行业、竞品与小红书营销研究,淘宝/抖音商品页与小红书笔记,搜索+筛选+翻页+详情展开,竞品SKU与笔记需在电商/社媒多记录页面查找取证,Taobao,宠物类、行业研究,cn-all-remaining-0043-bf5fc64f,
电商/社媒/内容浏览页,3,3/3,评论列表与管理操作页,评论记录,搜索+筛选+翻页+排序,评论区带点赞分页删除，典型网页列表,,Web应用,cn-all-remaining-0524-a56ec68a,
电商/社媒/内容浏览页,4,3/3,批量促销页不可编辑折扣分流,促销页商品折扣记录,筛选+翻页+详情展开,促销页商品折扣类目，类商品清单,,电商运营工具,cn-all-remaining-0525-220a5eb2,
地区×年份统计矩阵,1,3/3,三维条带图,地区-年份城镇化指标数据,筛选+导出,地区×年份×单指标矩阵，似统计门户查询导出,,数据可视化与三维图形,cn-all-remaining-1204-d018a431,
地区×年份统计矩阵,2,3/3,三维锥形曲线图,地区-年份城镇化指标数据,筛选+导出,同1203，地区×年份指标矩阵似门户导出,,数据可视化与三维图形,cn-all-remaining-1208-999d7a75,
地区×年份统计矩阵,3,3/3,三维带状图绘制,分地区年度城镇化指标记录,筛选+导出,年份×地区指标矩阵，典型统计年鉴门户可查询下载形态,,统计可视化,cn-all-remaining-1248-a8692605,
